,Unnamed: 0,漢字,ピンイン,频率,累计频率(%),korean,音読み,consonant_jp,vowel_jp,rusheng_jp,consonants,vowel,tone,middle_pronounce,middle_tone,middle_tone2,日本語_五音,日本語_清濁,韓国語_子音,韓国語_五音,韓国語_清濁,中国語_五音,中国語_清濁
0,0,的,de,3244537,3.71868396926,CEK,テキ,t,eki,True,d,e,5,端青四開,入,4,舌音,全清,ㅈ,歯音,全清,舌音,全清
1,2,了,le,1380375,7.18753757539,LYO,リョウ,r,you,False,l,e,5,來蕭四開,上,2,流音,次濁,ㄹ,流音,次濁,舌音,次濁
2,3,是,shì,1327443,8.70896913995,SI,ゼ,z,e,False,sh,i,4,常支三開,上,2,歯音,全濁,ㅅ,歯音,全清,歯音,次清
3,4,不,bù,1285160,10.1819385929,PWU,フ,f,u,False,b,u,4,幫尤三開,平,1,唇音,全清,ㅂ,唇音,全清,唇音,全清
4,5,不,bù,1285160,10.1819385929,PWUL,フ,f,u,False,b,u,4,幫尤三開,平,1,唇音,全清,ㅂ,唇音,全清,唇音,全清
5,6,我,wǒ,1087588,11.4284634625,A,ガ,g,a,False,w,o,3,疑歌一開,上,2,牙音,全濁,ㅇ,喉音,次濁,喉音,次濁
6,7,他,tā,992169,12.5656250837,THA,タ,t,a,False,t,a,1,透歌一開,平,1,舌音,全清,ㅌ,舌音,次清,舌音,次清
7,8,在,zài,893208,13.5893638393,CAY,ザイ,z,ai,False,z,ai,4,從咍一開,上,2,歯音,全濁,ㅈ,歯音,全清,歯音,全清
8,9,人,rén,886010,14.6048527006,IN,ジン,j,in,False,r,en,2,日眞三開,平,1,歯音,全濁,ㅇ,喉音,次濁,歯音,次濁
9,10,有,yǒu,805014,15.5275090478,YU,ユウ,y,uu,False,y,ou,3,云尤三開,上,2,喉音,次濁,ㅇ,喉音,次濁,喉音,次濁
10,11,个,gè,605892,17.8748045421,KAY,カ,k,a,False,g,e,4,見歌一開,去,3,牙音,全清,ㄱ,牙音,全清,牙音,全清
11,12,个,gè,605892,17.8748045421,KA,カ,k,a,False,g,e,4,見歌一開,去,3,牙音,全清,ㄱ,牙音,全清,牙音,全清
12,13,上,shàng,571537,19.191638041,SANG,ジョウ,j,ou,False,sh,ang,4,常陽三開,上,2,歯音,全濁,ㅅ,歯音,全清,歯音,次清
13,15,到,dào,524614,21.0247237457,TO,トウ,t,ou,False,d,ao,4,端豪一開,去,3,舌音,全清,ㄷ,舌音,全清,舌音,全清
14,16,地,de,488181,21.5842460624,CI,チ,c,hi,True,d,e,5,定脂三開,去,3,舌音,全清,ㅈ,歯音,全清,舌音,全清
15,17,地,dì,488181,21.5842460624,CI,チ,c,hi,True,d,i,4,定脂三開,去,3,舌音,全清,ㅈ,歯音,全清,舌音,全清
16,18,大,dà,481685,22.136323073,THAY,ダイ,d,ai,False,d,a,4,定泰一開,去,3,舌音,全濁,ㅌ,舌音,次清,舌音,全清
17,19,大,dà,481685,22.136323073,TAY,ダイ,d,ai,False,d,a,4,定泰一開,去,3,舌音,全濁,ㄷ,舌音,全清,舌音,全清
18,21,子,zǐ,439668,23.1777673533,CA,シ,s,hi,False,z,i,3,精之三開,上,2,歯音,全清,ㅈ,歯音,全清,歯音,全清
19,22,那,nà,429478,23.6700079885,,ナ,n,a,False,n,a,4,泥歌一開,平,1,舌音,次濁,なし,なし,なし,舌音,次濁
20,23,就,jiù,417364,24.1483643198,CHWI,シュウ,s,huu,False,j,iu,4,從尤三開,去,3,歯音,全清,ㅊ,歯音,次清,歯音,全清
21,24,也,yě,407287,24.6151710283,YA,ヤ,y,a,False,y,e,3,以麻三開,上,2,喉音,次濁,ㅇ,喉音,次濁,喉音,次濁
22,25,道,dào,369507,25.4761892727,TO,ドウ,d,ou,False,d,ao,4,定豪一開,上,2,舌音,全濁,ㄷ,舌音,全清,舌音,全清
23,26,中,zhōng,368320,25.89833446,CWUNG,チュウ,c,huu,False,zh,ong,1,知東三開,平,1,舌音,全清,ㅈ,歯音,全清,歯音,全清
24,27,出,chū,364399,26.3159856441,CHWU,シュツ,s,hutsu,True,ch,u,1,昌脂三合,去,3,歯音,全清,ㅊ,歯音,次清,歯音,次清
25,28,出,chū,364399,26.3159856441,CHWUL,シュツ,s,hutsu,True,ch,u,1,昌脂三合,去,3,歯音,全清,ㅊ,歯音,次清,歯音,次清
26,29,得,dé,363610,26.732732526,TUK,トク,t,oku,True,d,e,2,端登一開,入,4,舌音,全清,ㄷ,舌音,全清,舌音,全清
27,30,里,lǐ,360490,27.5610297046,LI,リ,r,i,False,l,i,3,來之三開,上,2,流音,次濁,ㄹ,流音,次濁,舌音,次濁
28,31,下,xià,359999,27.9736378858,HA,カ,k,a,False,x,ia,4,匣麻二開,上,2,牙音,全清,ㅎ,喉音,次清,歯音,次清
29,32,要,yào,339256,28.7555348533,YO,ヨウ,y,ou,False,y,ao,4,影宵三開,平,1,喉音,次濁,ㅇ,喉音,次濁,喉音,次濁
30,34,去,qù,337256,29.5295601517,KE,キョ,k,yo,False,q,u,4,溪魚三開,上,2,牙音,全清,ㄱ,牙音,全清,歯音,次清
31,35,可,kě,320065,29.8963984971,KUK,カ,k,a,False,k,e,3,溪歌一開,上,2,牙音,全清,ㄱ,牙音,全清,牙音,次清
32,36,可,kě,320065,29.8963984971,KA,カ,k,a,False,k,e,3,溪歌一開,上,2,牙音,全清,ㄱ,牙音,全清,牙音,次清
33,37,以,yǐ,318797,30.2617835407,I,イ,,i,False,y,i,3,以之三開,上,2,喉音,次濁,ㅇ,喉音,次濁,喉音,次濁
34,38,和,hé,301653,30.9659850257,HWA,ワ,w,a,False,h,e,2,匣戈一合,平,1,喉音,次濁,ㅎ,喉音,次清,牙音,次清
35,39,看,kàn,291838,31.3004713615,KAN,カン,k,an,False,k,an,4,溪寒一開,平,1,牙音,全清,ㄱ,牙音,全清,牙音,次清
36,40,之,zhī,290083,31.6329462267,CI,シ,s,hi,False,zh,i,1,章之三開,平,1,歯音,全清,ㅈ,歯音,全清,歯音,全清
37,41,然,rán,289529,31.964786132,YEN,ゼン,z,en,False,r,an,2,日仙三開,平,1,歯音,全濁,ㅇ,喉音,次濁,歯音,次濁
38,42,后,hòu,287078,32.2938168555,HWU,コウ,k,ou,False,h,ou,4,匣侯一開,上,2,牙音,全清,ㅎ,喉音,次清,牙音,次清
39,45,自,zì,276107,32.9306220454,CA,ジ,j,i,False,z,i,4,從脂三開,去,3,歯音,全濁,ㅈ,歯音,全清,歯音,全清
40,46,小,xiǎo,271685,33.5536380607,SO,ショウ,s,hou,False,x,iao,3,心宵三開,上,2,歯音,全清,ㅅ,歯音,全清,歯音,次清
41,47,好,hǎo,266513,33.8590984764,HO,コウ,k,ou,False,h,ao,3,曉豪一開,上,2,牙音,全清,ㅎ,喉音,次清,牙音,次清
42,48,生,shēng,264009,34.1616889649,SAYNG,セイ,s,ei,False,sh,eng,1,生庚二開,平,1,歯音,全清,ㅅ,歯音,全清,歯音,次清
43,49,天,tiān,260519,34.4602794353,CHEN,テン,t,en,False,t,ian,1,透先四開,平,1,舌音,全清,ㅊ,歯音,次清,舌音,次清
44,50,而,ér,254475,34.7519426535,I,ジ,j,i,False,,er,2,日之三開,平,1,歯音,全濁,ㅇ,喉音,次濁,喉音,次濁
45,51,起,qǐ,252144,35.0409342264,KI,キ,k,i,True,q,i,3,溪之三開,上,2,牙音,全清,ㄱ,牙音,全清,歯音,次清
46,53,能,néng,249990,35.6142434253,NUNG,ノウ,n,ou,False,n,eng,2,泥咍一開,平,1,舌音,次濁,ㄴ,舌音,次濁,舌音,次濁
47,54,能,néng,249990,35.6142434253,NAY,ノウ,n,ou,False,n,eng,2,泥咍一開,平,1,舌音,次濁,ㄴ,舌音,次濁,舌音,次濁
48,55,事,shì,239440,36.1684648582,SA,ジ,j,i,False,sh,i,4,莊之三開,去,3,歯音,全濁,ㅅ,歯音,全清,歯音,次清
49,56,想,xiǎng,235458,36.4383319887,SANG,ソウ,s,ou,False,x,iang,3,心陽三開,上,2,歯音,全清,ㅅ,歯音,全清,歯音,次清
50,57,都,dū,235356,36.7080822133,TO,ト,t,o,False,d,u,1,端模一開,平,1,舌音,全清,ㄷ,舌音,全清,舌音,全清
51,58,都,dōu,235356,36.7080822133,TO,ト,t,o,False,d,ou,1,端模一開,平,1,舌音,全清,ㄷ,舌音,全清,舌音,全清
52,59,心,xīn,234213,36.9765224032,SIM,シン,s,hin,False,x,in,1,心侵三開,平,1,歯音,全清,ㅅ,歯音,全清,歯音,次清
53,60,只,zhǐ,218288,37.2267103611,CI,シ,s,hi,False,zh,i,3,章支三開,平,1,歯音,全清,ㅈ,歯音,全清,歯音,全清
54,61,家,jiā,215924,37.474188851,KA,カ,k,a,False,j,ia,1,見麻二開,平,1,牙音,全清,ㄱ,牙音,全清,歯音,全清
55,62,面,miàn,208920,37.7136397973,MYEN,メン,m,en,False,m,ian,4,明仙三開,去,3,唇音,次濁,ㅁ,唇音,次濁,唇音,次濁
56,63,把,bǎ,206269,38.1875857934,PHA,ハ,h,a,False,b,a,3,幫麻二開,上,2,唇音,全清,ㅍ,唇音,次清,唇音,全清
57,65,多,duō,204725,38.6580165872,TA,タ,t,a,False,d,uo,1,端歌一開,平,1,舌音,全清,ㄷ,舌音,全清,舌音,全清
58,66,又,yòu,202995,38.8906766716,WU,ユウ,y,uu,False,y,ou,4,云尤三開,去,3,喉音,次濁,ㅇ,喉音,次濁,喉音,次濁
59,67,于,yú,199824,39.1197023556,WU,ウ,,u,False,y,u,2,云虞三合,平,1,喉音,次濁,ㅇ,喉音,次濁,喉音,次濁
60,68,年,nián,198208,39.575107293,NYEN,ネン,n,en,False,n,ian,2,泥先四開,平,1,舌音,次濁,ㄴ,舌音,次濁,舌音,次濁
61,69,手,shǒu,191014,39.7940355098,SWU,シュ,s,hu,False,sh,ou,3,書尤三開,上,2,歯音,全清,ㅅ,歯音,全清,歯音,次清
62,70,如,rú,183873,40.2173325648,YE,ジョ,j,o,False,r,u,2,日魚三開,平,1,歯音,全濁,ㅇ,喉音,次濁,歯音,次濁
63,71,什,shén,182926,40.4269908254,SIP,ジュウ,j,uu,False,sh,en,2,常侵三開,入,4,歯音,全濁,ㅅ,歯音,全清,歯音,次清
64,72,什,shén,182926,40.4269908254,CIP,ジュウ,j,uu,False,sh,en,2,常侵三開,入,4,歯音,全濁,ㅈ,歯音,全清,歯音,次清
65,73,前,qián,181054,40.8424746643,CEN,ゼン,z,en,False,q,ian,2,從先四開,平,1,歯音,全濁,ㅈ,歯音,全清,歯音,次清
66,75,所,suǒ,176877,41.2503664916,SO,ショ,s,ho,False,s,uo,3,生魚三開,上,2,歯音,全清,ㅅ,歯音,全清,歯音,次清
67,76,无,wú,176808,41.4530126859,MWU,ム,m,u,False,w,u,2,明虞三合,平,1,唇音,次濁,ㅁ,唇音,次濁,喉音,次濁
68,77,知,zhī,176476,41.6552783627,CI,チ,c,hi,True,zh,i,1,知支三開,平,1,舌音,全清,ㅈ,歯音,全清,歯音,全清
69,78,老,lǎo,171854,41.8522465942,LO,ロウ,r,ou,False,l,ao,3,來豪一開,上,2,流音,次濁,ㄹ,流音,次濁,舌音,次濁
70,79,但,dàn,169648,42.0466864474,TAN,タン,t,an,False,d,an,4,定寒一開,平,1,舌音,全清,ㄷ,舌音,全清,舌音,全清
71,80,已,yǐ,167561,42.625580772,I,イ,,i,False,y,i,3,以之三開,上,2,喉音,次濁,ㅇ,喉音,次濁,喉音,次濁
72,81,从,cóng,166578,43.0085062966,CONG,ショウ,s,hou,False,c,ong,2,從鍾三開,平,1,歯音,全清,ㅈ,歯音,全清,歯音,次清
73,82,方,fāng,166568,43.1994160478,PANG,ホウ,h,ou,False,f,ang,1,並陽三合,平,1,唇音,全清,ㅂ,唇音,全清,唇音,次清
74,86,回,huí,164360,43.766345848,HOY,カイ,k,ai,False,h,ui,2,匣灰一合,平,1,牙音,全清,ㅎ,喉音,次清,牙音,次清
75,87,意,yì,161465,43.951406862,UY,イ,,i,False,y,i,4,影之三開,去,3,喉音,次濁,ㅇ,喉音,次濁,喉音,次濁
76,88,作,zuò,160044,44.1348392153,CWU,サク,s,aku,True,z,uo,4,精模一開,去,3,歯音,全清,ㅈ,歯音,全清,歯音,全清
77,89,作,zuò,160044,44.1348392153,CAK,サク,s,aku,True,z,uo,4,精模一開,去,3,歯音,全清,ㅈ,歯音,全清,歯音,全清
78,92,很,hěn,156960,45.0438083942,HUN,コン,k,on,False,h,en,3,匣痕一開,上,2,牙音,全清,ㅎ,喉音,次清,牙音,次清
79,93,成,chéng,156414,45.2230802701,SENG,セイ,s,ei,False,ch,eng,2,常清三開,平,1,歯音,全清,ㅅ,歯音,全清,歯音,次清
80,94,身,shēn,155128,45.4008782137,SIN,シン,s,hin,False,sh,en,1,書眞三開,平,1,歯音,全清,ㅅ,歯音,全清,歯音,次清
81,95,情,qíng,154723,45.5782119719,CENG,ジョウ,j,ou,False,q,ing,2,從清三開,平,1,歯音,全濁,ㅈ,歯音,全清,歯音,次清
82,96,十,shí,152741,45.7532740865,SIP,ジュウ,j,uu,False,sh,i,2,常侵三開,入,4,歯音,全濁,ㅅ,歯音,全清,歯音,次清
83,97,用,yòng,152033,45.9275247361,YONG,ヨウ,y,ou,False,y,ong,4,以鍾三開,去,3,喉音,次濁,ㅇ,喉音,次濁,喉音,次濁
84,98,些,xiē,151115,46.1007232319,SA,サ,s,a,False,x,ie,1,心麻三開,平,1,歯音,全清,ㅅ,歯音,全清,歯音,次清
85,99,走,zǒu,150703,46.2734495193,CWU,ソウ,s,ou,False,z,ou,3,精侯一開,上,2,歯音,全清,ㅈ,歯音,全清,歯音,全清
86,100,同,tóng,146088,46.6088905872,TONG,ドウ,d,ou,False,t,ong,2,定東一開,平,1,舌音,全濁,ㄷ,舌音,全清,舌音,次清
87,101,己,jǐ,143046,47.1038223521,KI,コ,k,o,False,j,i,3,見之三開,上,2,牙音,全清,ㄱ,牙音,全清,歯音,全清
88,102,三,sān,141780,47.2663216588,SAM,サン,s,an,False,s,an,1,心談一開,平,1,歯音,全清,ㅅ,歯音,全清,歯音,次清
89,103,行,xíng,140708,47.4275923066,HAYNG,コウ,k,ou,False,x,ing,2,匣唐一開,平,1,牙音,全清,ㅎ,喉音,次清,歯音,次清
90,104,行,xíng,140708,47.4275923066,HANG,コウ,k,ou,False,x,ing,2,匣唐一開,平,1,牙音,全清,ㅎ,喉音,次清,歯音,次清
91,105,种,zhǒng,136761,47.5843391517,CHWUNG,チュウ,c,huu,False,zh,ong,3,澄東三開,平,1,舌音,全清,ㅊ,歯音,次清,歯音,全清
92,106,向,xiàng,136181,47.7404212372,SANG,コウ,k,ou,False,x,iang,4,書陽三開,去,3,牙音,全清,ㅅ,歯音,全清,歯音,次清
93,107,向,xiàng,136181,47.7404212372,HYANG,コウ,k,ou,False,x,iang,4,書陽三開,去,3,牙音,全清,ㅎ,喉音,次清,歯音,次清
94,108,日,rì,136153,47.8964712309,IL,ニチ,n,ichi,True,r,i,4,日眞三開,入,4,舌音,次濁,ㅇ,喉音,次濁,歯音,次濁
95,109,明,míng,133658,48.0496616128,MYENG,メイ,m,ei,False,m,ing,2,明庚三開,平,1,唇音,次濁,ㅁ,唇音,次濁,唇音,次濁
96,110,女,nǚ,133560,48.2027396732,NYE,ジョ,j,o,False,n,ü,3,娘魚三開,上,2,歯音,全濁,ㄴ,舌音,次濁,舌音,次濁
97,111,正,zhèng,132092,48.3541352045,CENG,セイ,s,ei,False,zh,eng,4,章清三開,平,1,歯音,全清,ㅈ,歯音,全清,歯音,全清
98,112,此,cǐ,127146,48.6495405601,CHA,シ,s,hi,False,c,i,3,清支三開,上,2,歯音,全清,ㅊ,歯音,次清,歯音,次清
99,114,太,tài,126016,48.9396175247,THAY,タイ,t,ai,False,t,ai,4,透泰一開,去,3,舌音,全清,ㅌ,舌音,次清,舌音,次清
100,115,打,dǎ,124708,49.0825499802,THA,ダ,d,a,False,d,a,3,端庚二開,上,2,舌音,全濁,ㅌ,舌音,次清,舌音,全清
101,116,打,dǎ,124708,49.0825499802,CENG,ダ,d,a,False,d,a,3,端庚二開,上,2,舌音,全濁,ㅈ,歯音,全清,舌音,全清
102,117,分,fēn,122144,49.3646314929,PWUN,ブン,b,un,False,f,en,1,幫文三合,平,1,唇音,全濁,ㅂ,唇音,全清,唇音,次清
103,118,分,fēn,122144,49.3646314929,PHWUN,ブン,b,un,False,f,en,1,幫文三合,平,1,唇音,全濁,ㅍ,唇音,次清,唇音,次清
104,119,因,yīn,121722,49.5041415833,IN,イン,,in,False,y,in,1,影眞三開,平,1,喉音,次濁,ㅇ,喉音,次濁,喉音,次濁
105,120,本,běn,121288,49.7824351132,PON,ホン,h,on,False,b,en,3,幫魂一合,上,2,唇音,全清,ㅂ,唇音,全清,唇音,全清
106,121,眼,yǎn,119989,49.9199589481,AN,ガン,g,an,False,y,an,3,疑山二開,上,2,牙音,全濁,ㅇ,喉音,次濁,喉音,次濁
107,122,定,dìng,119540,50.0569681675,CENG,テイ,t,ei,False,d,ing,4,定青四開,去,3,舌音,全清,ㅈ,歯音,全清,舌音,全清
108,123,二,èr,118805,50.1931349762,I,ニ,n,i,False,,er,4,日脂三開,去,3,舌音,次濁,ㅇ,喉音,次濁,喉音,次濁
109,124,力,lì,117291,50.4624657146,LYEK,リョク,r,yoku,True,l,i,4,來蒸三開,入,4,流音,次濁,ㄹ,流音,次濁,舌音,次濁
110,125,被,bèi,116917,50.5964686166,PHI,ヒ,h,i,False,b,ei,4,並支三開,上,2,唇音,全清,ㅍ,唇音,次清,唇音,全清
111,126,法,fǎ,116426,50.9972841939,PEP,ホウ,h,ou,False,f,a,3,幫凡三合,入,4,唇音,全清,ㅂ,唇音,全清,唇音,次清
112,127,外,wài,115151,51.129263018,OY,ガイ,g,ai,False,w,ai,4,疑泰一合,去,3,牙音,全濁,ㅇ,喉音,次濁,喉音,次濁
113,128,听,tīng,115078,51.261158174,UN,キン,k,in,False,t,ing,1,疑眞三開,上,2,牙音,全清,ㅇ,喉音,次濁,舌音,次清
114,129,其,qí,114708,51.5242069354,KI,キ,k,i,True,q,i,2,群之三開,平,1,牙音,全清,ㄱ,牙音,全清,歯音,次清
115,130,高,gāo,114338,51.65525395,KO,コウ,k,ou,False,g,ao,1,見豪一開,平,1,牙音,全清,ㄱ,牙音,全清,牙音,全清
116,131,先,xiān,113677,51.785543368,SEN,セン,s,en,False,x,ian,1,心先四開,平,1,歯音,全清,ㅅ,歯音,全清,歯音,次清
117,132,几,jǐ,113152,51.9152310641,KWEY,キ,k,i,True,j,i,3,見脂三開,上,2,牙音,全清,ㄱ,牙音,全清,歯音,全清
118,133,笑,xiào,111752,52.0433141684,SO,ショウ,s,hou,False,x,iao,4,心宵三開,去,3,歯音,全清,ㅅ,歯音,全清,歯音,次清
119,134,再,zài,110526,52.1699921087,CAY,サイ,s,ai,False,z,ai,4,精咍一開,去,3,歯音,全清,ㅈ,歯音,全清,歯音,全清
120,135,主,zhǔ,109936,52.2959938282,CWU,シュ,s,hu,False,zh,u,3,章虞三合,上,2,歯音,全清,ㅈ,歯音,全清,歯音,全清
121,137,山,shān,108203,52.5456476862,SAN,サン,s,an,False,sh,an,1,生山二開,平,1,歯音,全清,ㅅ,歯音,全清,歯音,次清
122,138,才,cái,106400,52.7914390625,CAY,サイ,s,ai,False,c,ai,2,從咍一開,平,1,歯音,全清,ㅈ,歯音,全清,歯音,次清
123,139,口,kǒu,106165,52.9131186992,KWU,コウ,k,ou,False,k,ou,3,溪侯一開,上,2,牙音,全清,ㄱ,牙音,全清,牙音,次清
124,140,文,wén,106025,53.0346378768,MWUN,ブン,b,un,False,w,en,2,明文三合,平,1,唇音,全濁,ㅁ,唇音,次濁,喉音,次濁
125,141,最,zuì,103847,53.1536607679,CHOY,サイ,s,ai,False,z,ui,4,精泰一合,去,3,歯音,全清,ㅊ,歯音,次清,歯音,全清
126,142,部,bù,103715,53.272532369,PWU,ブ,b,u,False,b,u,4,並模一開,上,2,唇音,全濁,ㅂ,唇音,全清,唇音,全清
127,143,第,dì,103345,53.3909798994,CEY,ダイ,d,ai,False,d,i,4,定齊四開,去,3,舌音,全濁,ㅈ,歯音,全清,舌音,全清
128,144,西,xī,101625,53.6248950038,SE,セイ,s,ei,False,x,i,1,心齊四開,平,1,歯音,全清,ㅅ,歯音,全清,歯音,次清
129,145,与,yǔ,101186,53.7408680244,YE,ヨ,y,o,False,y,u,3,以魚三開,上,2,喉音,次濁,ㅇ,喉音,次濁,喉音,次濁
130,146,全,quán,100584,53.8561510704,CEN,ゼン,z,en,False,q,uan,2,從仙三合,平,1,歯音,全濁,ㅈ,歯音,全清,歯音,次清
131,147,白,bái,100361,53.9711785279,PAY,ハク,h,aku,True,b,ai,2,並庚二開,入,4,唇音,全清,ㅂ,唇音,全清,唇音,全清
132,148,白,bái,100361,53.9711785279,PAYK,ハク,h,aku,True,b,ai,2,並庚二開,入,4,唇音,全清,ㅂ,唇音,全清,唇音,全清
133,149,者,zhě,99308,54.0849991031,CA,シャ,s,ha,False,zh,e,3,章麻三開,上,2,歯音,全清,ㅈ,歯音,全清,歯音,全清
134,150,便,biàn,97630,54.1968964604,PYEN,ベン,b,en,False,b,ian,4,並仙三開,平,1,唇音,全濁,ㅂ,唇音,全清,唇音,全清
135,151,便,biàn,97630,54.1968964604,PHYEN,ベン,b,en,False,b,ian,4,並仙三開,平,1,唇音,全濁,ㅍ,唇音,次清,唇音,全清
136,152,相,xiāng,97210,54.3083124401,SANG,ソウ,s,ou,False,x,iang,1,心陽三開,平,1,歯音,全清,ㅅ,歯音,全清,歯音,次清
137,153,住,zhù,96972,54.4194556392,CWU,ジュウ,j,uu,False,zh,u,4,澄虞三合,去,3,歯音,全濁,ㅈ,歯音,全清,歯音,全清
138,154,公,gōng,95247,54.528621752,KONG,コウ,k,ou,False,g,ong,1,見東一開,平,1,牙音,全清,ㄱ,牙音,全清,牙音,全清
139,155,使,shǐ,94704,54.6371655124,SA,シ,s,hi,False,sh,i,3,生之三開,上,2,歯音,全清,ㅅ,歯音,全清,歯音,次清
140,156,使,shǐ,94704,54.6371655124,SI,シ,s,hi,False,sh,i,3,生之三開,上,2,歯音,全清,ㅅ,歯音,全清,歯音,次清
141,157,等,děng,93894,54.8526782408,TUNG,トウ,t,ou,False,d,eng,3,端咍一開,上,2,舌音,全清,ㄷ,舌音,全清,舌音,全清
142,159,信,xìn,93126,55.0663835112,SIN,シン,s,hin,False,x,in,4,心眞三開,去,3,歯音,全清,ㅅ,歯音,全清,歯音,次清
143,160,像,xiàng,92427,55.1723175176,SANG,ゾウ,z,ou,False,x,iang,4,邪陽三開,上,2,歯音,全濁,ㅅ,歯音,全清,歯音,次清
144,161,斯,sī,92377,55.2781942171,SA,シ,s,hi,False,s,i,1,心支三開,平,1,歯音,全清,ㅅ,歯音,全清,歯音,次清
145,162,机,jī,92248,55.383923065,KWEY,キ,k,i,True,j,i,1,見脂三開,平,1,牙音,全清,ㄱ,牙音,全清,歯音,全清
146,163,光,guāng,92035,55.4894077856,KWANG,コウ,k,ou,False,g,uang,1,見唐一合,平,1,牙音,全清,ㄱ,牙音,全清,牙音,全清
147,164,次,cì,91803,55.5946266025,CHA,ジ,j,i,False,c,i,4,清脂三開,去,3,歯音,全濁,ㅊ,歯音,次清,歯音,次清
148,165,感,gǎn,91550,55.6995554467,KAM,カン,k,an,False,g,an,3,見覃一開,上,2,牙音,全清,ㄱ,牙音,全清,牙音,全清
149,166,神,shén,91097,55.8039650908,SIN,シン,s,hin,False,sh,en,2,船眞三開,平,1,歯音,全清,ㅅ,歯音,全清,歯音,次清
150,167,却,què,90928,55.9081810378,KAK,キャク,k,yaku,True,q,ue,4,溪陽三開,入,4,牙音,全清,ㄱ,牙音,全清,歯音,次清
151,168,死,sǐ,90675,56.0121070121,SA,シ,s,hi,False,s,i,3,心脂三開,上,2,歯音,全清,ㅅ,歯音,全清,歯音,次清
152,169,理,lǐ,89426,56.1146014613,LI,リ,r,i,False,l,i,3,來之三開,上,2,流音,次濁,ㄹ,流音,次濁,舌音,次濁
153,170,名,míng,89125,56.2167509232,MYENG,メイ,m,ei,False,m,ing,2,明清三開,平,1,唇音,次濁,ㅁ,唇音,次濁,唇音,次濁
154,171,重,zhòng,89105,56.3188774624,CWUNG,ジュウ,j,uu,False,zh,ong,4,澄鍾三開,平,1,歯音,全濁,ㅈ,歯音,全清,歯音,全清
155,172,四,sì,88911,56.420781651,SA,シ,s,hi,False,s,i,4,心脂三開,去,3,歯音,全清,ㅅ,歯音,全清,歯音,次清
156,176,叫,jiào,87625,56.7233916239,KYU,キョウ,k,you,False,j,iao,4,見蕭四開,去,3,牙音,全清,ㄱ,牙音,全清,歯音,全清
157,177,王,wáng,86821,56.8229003861,WANG,オウ,,ou,False,w,ang,2,云陽三合,平,1,喉音,次濁,ㅇ,喉音,次濁,喉音,次濁
158,178,并,bìng,86617,56.9221753364,PYENG,ヘイ,h,ei,False,b,ing,4,幫清三開,平,1,唇音,全清,ㅂ,唇音,全清,唇音,全清
159,179,水,shuǐ,86236,57.0210136085,SWU,スイ,s,ui,False,sh,ui,3,書脂三合,上,2,歯音,全清,ㅅ,歯音,全清,歯音,次清
160,180,月,yuè,86138,57.1197395592,WEL,ゲツ,g,etsu,True,y,ue,4,疑元三合,入,4,牙音,全濁,ㅇ,喉音,次濁,喉音,次濁
161,181,果,guǒ,85669,57.2179279715,KWA,カ,k,a,False,g,uo,3,見戈一合,上,2,牙音,全清,ㄱ,牙音,全清,牙音,全清
162,182,何,hé,85586,57.3160212546,HA,カ,k,a,False,h,e,2,匣歌一開,平,1,牙音,全清,ㅎ,喉音,次清,牙音,次清
163,183,位,wèi,84886,57.4133122417,WI,イ,,i,False,w,ei,4,云脂三合,去,3,喉音,次濁,ㅇ,喉音,次濁,喉音,次濁
164,184,常,cháng,84202,57.7039336213,SANG,ジョウ,j,ou,False,ch,ang,2,常陽三開,平,1,歯音,全濁,ㅅ,歯音,全清,歯音,次清
165,185,海,hǎi,82568,57.893692651,HAY,カイ,k,ai,False,h,ai,3,曉咍一開,上,2,牙音,全清,ㅎ,喉音,次清,牙音,次清
166,186,少,shǎo,82409,58.0826952301,SO,ショウ,s,hou,False,sh,ao,3,書宵三開,上,2,歯音,全清,ㅅ,歯音,全清,歯音,次清
167,187,安,ān,81293,58.3631480822,AN,アン,,an,False,,an,1,影寒一開,平,1,喉音,次濁,ㅇ,喉音,次濁,喉音,次濁
168,188,特,tè,80894,58.4558636903,THUK,トク,t,oku,True,t,e,4,定登一開,入,4,舌音,全清,ㅌ,舌音,次清,舌音,次清
169,189,美,měi,80250,58.5478411862,MI,ビ,b,i,False,m,ei,3,明脂三開,上,2,唇音,全濁,ㅁ,唇音,次濁,唇音,次濁
170,190,呢,ne,79741,58.6392352983,NI,ジ,j,i,False,n,e,5,娘脂三開,平,1,歯音,全濁,ㄴ,舌音,次濁,舌音,次濁
171,191,色,sè,79289,58.7301113565,SAYK,ショク,s,hoku,True,s,e,4,生蒸三開,入,4,歯音,全清,ㅅ,歯音,全清,歯音,次清
172,192,原,yuán,78980,58.8206332584,WEN,ゲン,g,en,False,y,uan,2,疑元三合,平,1,牙音,全濁,ㅇ,喉音,次濁,喉音,次濁
173,193,直,zhí,78665,58.9107941271,CIK,チョク,c,hoku,True,zh,i,2,澄蒸三開,入,4,舌音,全清,ㅈ,歯音,全清,歯音,全清
174,194,望,wàng,78173,59.0003910963,MANG,ボウ,b,ou,False,w,ang,4,明陽三合,平,1,唇音,全濁,ㅁ,唇音,次濁,喉音,次濁
175,195,命,mìng,77911,59.0896877777,MYENG,メイ,m,ei,False,m,ing,4,明庚三開,去,3,唇音,次濁,ㅁ,唇音,次濁,唇音,次濁
176,196,由,yóu,77622,59.1786532255,YU,ユ,y,u,False,y,ou,2,以尤三開,平,1,喉音,次濁,ㅇ,喉音,次濁,喉音,次濁
177,197,候,hòu,77417,59.2673837152,HWU,コウ,k,ou,False,h,ou,4,匣侯一開,去,3,牙音,全清,ㅎ,喉音,次清,牙音,次清
178,198,吧,ba,77397,59.3560912822,PHA,ハ,h,a,False,b,a,5,滂麻二開,平,1,唇音,全清,ㅍ,唇音,次清,唇音,全清
179,200,平,píng,74285,60.0499408576,PHYEN,ヘイ,h,ei,False,p,ing,2,並仙三開,平,1,唇音,全清,ㅍ,唇音,次清,唇音,次清
180,201,平,píng,74285,60.0499408576,PHYENG,ヘイ,h,ei,False,p,ing,2,並仙三開,平,1,唇音,全清,ㅍ,唇音,次清,唇音,次清
181,202,民,mín,74011,60.2196207128,MIN,ミン,m,in,False,m,in,2,明眞三開,平,1,唇音,次濁,ㅁ,唇音,次濁,唇音,次濁
182,203,夫,fū,73939,60.3043649379,PWU,フ,f,u,False,f,u,1,並虞三合,平,1,唇音,全清,ㅂ,唇音,全清,唇音,次清
183,204,新,xīn,73746,60.4734235868,SIN,シン,s,hin,False,x,in,1,心眞三開,平,1,歯音,全清,ㅅ,歯音,全清,歯音,次清
184,205,接,jiē,73702,60.5578961775,CEP,セツ,s,etsu,True,j,ie,1,精鹽三開,入,4,歯音,全清,ㅈ,歯音,全清,歯音,全清
185,206,路,lù,73297,60.7261376307,LO,ロ,r,o,False,l,u,4,來模一開,去,3,流音,次濁,ㄹ,流音,次濁,舌音,次濁
186,207,利,lì,72945,60.8097425956,LI,リ,r,i,False,l,i,4,來脂三開,去,3,流音,次濁,ㄹ,流音,次濁,舌音,次濁
187,208,世,shì,72838,60.8932249239,SEY,セイ,s,ei,False,sh,i,4,書祭三開,去,3,歯音,全清,ㅅ,歯音,全清,歯音,次清
188,209,比,bǐ,72229,60.9760092547,PI,ヒ,h,i,False,b,i,3,並脂三開,平,1,唇音,全清,ㅂ,唇音,全清,唇音,全清
189,210,放,fàng,72041,61.0585781118,PANG,ホウ,h,ou,False,f,ang,4,幫陽三合,上,2,唇音,全清,ㅂ,唇音,全清,唇音,次清
190,211,活,huó,71848,61.1409257644,HWAL,カツ,k,atsu,True,h,uo,2,見桓一合,入,4,牙音,全清,ㅎ,喉音,次清,牙音,次清
191,212,活,huó,71848,61.1409257644,KWAL,カツ,k,atsu,True,h,uo,2,見桓一合,入,4,牙音,全清,ㄱ,牙音,全清,牙音,次清
192,213,快,kuài,71724,61.2231312961,KHWAY,カイ,k,ai,False,k,uai,4,溪夬二合,去,3,牙音,全清,ㅋ,牙音,次清,牙音,次清
193,214,立,lì,71300,61.3868053933,LIP,リツ,r,itsu,True,l,i,4,來侵三開,入,4,流音,次濁,ㄹ,流音,次濁,舌音,次濁
194,215,更,gèng,70301,61.5483854981,KAYNG,コウ,k,ou,False,g,eng,4,見庚二開,平,1,牙音,全清,ㄱ,牙音,全清,牙音,全清
195,216,更,gèng,70301,61.5483854981,KYENG,コウ,k,ou,False,g,eng,4,見庚二開,平,1,牙音,全清,ㄱ,牙音,全清,牙音,全清
196,217,花,huā,68768,61.6272030487,HWA,カ,k,a,False,h,ua,1,曉麻二合,平,1,牙音,全清,ㅎ,喉音,次清,牙音,次清
197,218,清,qīng,68438,61.7842043362,CHENG,セイ,s,ei,False,q,ing,1,清清三開,平,1,歯音,全清,ㅊ,歯音,次清,歯音,次清
198,219,五,wǔ,68269,61.8624499644,O,ゴ,g,o,False,w,u,3,疑模一開,上,2,牙音,全濁,ㅇ,喉音,次濁,喉音,次濁
199,220,内,nèi,68072,61.9404698036,NAP,ナイ,n,ai,False,n,ei,4,泥灰一合,去,3,舌音,次濁,ㄴ,舌音,次濁,舌音,次濁
200,221,内,nèi,68072,61.9404698036,NAY,ナイ,n,ai,False,n,ei,4,泥灰一合,去,3,舌音,次濁,ㄴ,舌音,次濁,舌音,次濁
201,222,金,jīn,67964,62.0183658601,KIM,キン,k,in,False,j,in,1,見侵三開,平,1,牙音,全清,ㄱ,牙音,全清,歯音,全清
202,223,金,jīn,67964,62.0183658601,KUM,キン,k,in,False,j,in,1,見侵三開,平,1,牙音,全清,ㄱ,牙音,全清,歯音,全清
203,225,工,gōng,66863,62.1720376195,KONG,コウ,k,ou,False,g,ong,1,見東一開,平,1,牙音,全清,ㄱ,牙音,全清,牙音,全清
204,226,克,kè,65917,62.3233758439,KUK,コク,k,oku,True,k,e,4,溪登一開,入,4,牙音,全清,ㄱ,牙音,全清,牙音,次清
205,227,任,rèn,65672,62.3986449543,IM,ニン,n,in,False,r,en,4,日侵三開,平,1,舌音,次濁,ㅇ,喉音,次濁,歯音,次濁
206,228,至,zhì,65597,62.4738281044,CI,シ,s,hi,False,zh,i,4,章脂三開,去,3,歯音,全清,ㅈ,歯音,全清,歯音,全清
207,229,指,zhǐ,65443,62.5488347494,CI,シ,s,hi,False,zh,i,3,章脂三開,上,2,歯音,全清,ㅈ,歯音,全清,歯音,全清
208,230,往,wǎng,64207,62.6224247691,WANG,オウ,,ou,False,w,ang,3,云陽三合,上,2,喉音,次濁,ㅇ,喉音,次濁,喉音,次濁
209,231,入,rù,64148,62.6959471667,IP,ニュウ,n,yuu,False,r,u,4,日侵三開,入,4,舌音,次濁,ㅇ,喉音,次濁,歯音,次濁
210,232,空,kōng,64117,62.769434034,KONG,クウ,k,uu,False,k,ong,1,溪東一開,平,1,牙音,全清,ㄱ,牙音,全清,牙音,次清
211,233,德,dé,64012,62.8428005569,TEK,トク,t,oku,True,d,e,2,端登一開,入,4,舌音,全清,ㄷ,舌音,全清,舌音,全清
212,234,吃,chī,63779,62.9159000299,HUL,キツ,k,itsu,True,ch,i,1,見欣三開,入,4,牙音,全清,ㅎ,喉音,次清,歯音,次清
213,235,表,biǎo,63713,62.9889238579,PHYO,ヒョウ,h,you,False,b,iao,3,幫宵三開,上,2,唇音,全清,ㅍ,唇音,次清,唇音,全清
214,236,解,jiě,63466,63.1346104807,HAY,カイ,k,ai,False,j,ie,3,匣佳二開,上,2,牙音,全清,ㅎ,喉音,次清,歯音,全清
215,237,解,jiě,63466,63.1346104807,KAY,カイ,k,ai,False,j,ie,3,匣佳二開,上,2,牙音,全清,ㄱ,牙音,全清,歯音,全清
216,238,教,jiào,63382,63.2072549373,KYO,キョウ,k,you,False,j,iao,4,見肴二開,平,1,牙音,全清,ㄱ,牙音,全清,歯音,全清
217,239,思,sī,63038,63.2795051228,SA,シ,s,hi,False,s,i,1,心之三開,平,1,歯音,全清,ㅅ,歯音,全清,歯音,次清
218,240,物,wù,62861,63.4236043458,MWUL,ブツ,b,utsu,True,w,u,4,明文三合,入,4,唇音,全濁,ㅁ,唇音,次濁,喉音,次濁
219,241,受,shòu,62192,63.566215883,SWU,ジュ,j,u,False,sh,ou,4,常尤三開,上,2,歯音,全濁,ㅅ,歯音,全清,歯音,次清
220,242,今,jīn,61668,63.6368958607,KUM,コン,k,on,False,j,in,1,見侵三開,平,1,牙音,全清,ㄱ,牙音,全清,歯音,全清
221,243,完,wán,61564,63.7074566402,WAN,カン,k,an,False,w,an,2,匣桓一合,平,1,牙音,全清,ㅇ,喉音,次濁,喉音,次濁
222,244,林,lín,61546,63.7779967893,LIM,リン,r,in,False,l,in,2,來侵三開,平,1,流音,次濁,ㄹ,流音,次濁,舌音,次濁
223,245,干,gàn,61317,63.848274473,KAN,カン,k,an,False,g,an,4,見寒一開,平,1,牙音,全清,ㄱ,牙音,全清,牙音,全清
224,246,代,dài,60918,63.918094848,TAY,ダイ,d,ai,False,d,ai,4,定咍一開,去,3,舌音,全濁,ㄷ,舌音,全清,舌音,全清
225,247,告,gào,60885,63.9878774004,KOK,コク,k,oku,True,g,ao,4,見豪一開,去,3,牙音,全清,ㄱ,牙音,全清,牙音,全清
226,248,告,gào,60885,63.9878774004,KO,コク,k,oku,True,g,ao,4,見豪一開,去,3,牙音,全清,ㄱ,牙音,全清,牙音,全清
227,249,兵,bīng,60487,64.0572037904,PYENG,ヘイ,h,ei,False,b,ing,1,幫庚三開,平,1,唇音,全清,ㅂ,唇音,全清,唇音,全清
228,250,加,jiā,60395,64.1264247357,KA,カ,k,a,False,j,ia,1,見麻二開,平,1,牙音,全清,ㄱ,牙音,全清,歯音,全清
229,251,通,tōng,60005,64.2642018669,THONG,ツウ,ts,uu,False,t,ong,1,透東一開,平,1,舌音,全清,ㅌ,舌音,次清,舌音,次清
230,253,非,fēi,59778,64.4699575309,PI,ヒ,h,i,False,f,ei,1,幫微三合,平,1,唇音,全清,ㅂ,唇音,全清,唇音,次清
231,254,性,xìng,59716,64.5384002492,SENG,セイ,s,ei,False,x,ing,4,心清三開,去,3,歯音,全清,ㅅ,歯音,全清,歯音,次清
232,255,体,tǐ,59572,64.6750587507,CHEY,タイ,t,ai,False,t,i,3,並魂一合,上,2,舌音,全清,ㅊ,歯音,次清,舌音,次清
233,256,体,tǐ,59572,64.6750587507,PWUN,タイ,t,ai,False,t,i,3,並魂一合,上,2,舌音,全清,ㅂ,唇音,全清,舌音,次清
234,257,目,mù,59278,64.8789645496,MOK,モク,m,oku,True,m,u,4,明東三開,入,4,唇音,次濁,ㅁ,唇音,次濁,唇音,次濁
235,258,令,lìng,59260,64.9468846294,LYENG,レイ,r,ei,False,l,ing,4,來仙三開,平,1,流音,次濁,ㄹ,流音,次濁,舌音,次濁
236,259,似,sì,59016,65.0822250733,SA,ジ,j,i,False,s,i,4,邪之三開,上,2,歯音,全濁,ㅅ,歯音,全清,歯音,次清
237,260,反,fǎn,58828,65.1496500219,PEN,ハン,h,an,False,f,an,3,滂元三合,平,1,唇音,全清,ㅂ,唇音,全清,唇音,次清
238,261,反,fǎn,58828,65.1496500219,PAN,ハン,h,an,False,f,an,3,滂元三合,平,1,唇音,全清,ㅂ,唇音,全清,唇音,次清
239,262,南,nán,58521,65.2167231065,NAM,ナン,n,an,False,n,an,2,泥覃一開,平,1,舌音,次濁,ㄴ,舌音,次濁,舌音,次濁
240,263,跟,gēn,58285,65.3505953488,KUN,コン,k,on,False,g,en,1,見痕一開,平,1,牙音,全清,ㄱ,牙音,全清,牙音,全清
241,264,必,bì,57985,65.417054104,PHIL,ヒツ,h,itsu,True,b,i,4,幫眞三開,入,4,唇音,全清,ㅍ,唇音,次清,唇音,全清
242,265,石,shí,57740,65.4832320555,SEK,セキ,s,eki,True,sh,i,2,常清三開,入,4,歯音,全清,ㅅ,歯音,全清,歯音,次清
243,266,拉,lā,57202,65.5487933853,LAP,ラ,r,a,False,l,a,1,來覃一開,入,4,流音,次濁,ㄹ,流音,次濁,舌音,次濁
244,267,士,shì,57086,65.6142217633,SA,シ,s,hi,False,sh,i,4,崇之三開,上,2,歯音,全清,ㅅ,歯音,全清,歯音,次清
245,268,李,lǐ,56383,65.7441386868,LI,リ,r,i,False,l,i,3,來之三開,上,2,流音,次濁,ㄹ,流音,次濁,舌音,次濁
246,269,火,huǒ,56333,65.8087040236,HWA,カ,k,a,False,h,uo,3,曉戈一合,上,2,牙音,全清,ㅎ,喉音,次清,牙音,次清
247,270,且,qiě,55992,65.8728785276,CHA,シャ,s,ha,False,q,ie,3,精魚三開,平,1,歯音,全清,ㅊ,歯音,次清,歯音,次清
248,271,且,qiě,55992,65.8728785276,CE,シャ,s,ha,False,q,ie,3,精魚三開,平,1,歯音,全清,ㅈ,歯音,全清,歯音,次清
249,272,孩,hái,55330,66.0634753834,HAY,ガイ,g,ai,False,h,ai,2,匣咍一開,平,1,牙音,全濁,ㅎ,喉音,次清,牙音,次清
250,273,字,zì,55306,66.1268636374,CA,ジ,j,i,False,z,i,4,從之三開,去,3,歯音,全濁,ㅈ,歯音,全清,歯音,全清
251,274,象,xiàng,55084,66.2532355591,SANG,ショウ,s,hou,False,x,iang,4,邪陽三開,上,2,歯音,全清,ㅅ,歯音,全清,歯音,次清
252,275,即,jí,55059,66.3163407173,CUK,ソク,s,oku,True,j,i,2,精蒸三開,入,4,歯音,全清,ㅈ,歯音,全清,歯音,全清
253,276,言,yán,54804,66.4420650716,EN,ゲン,g,en,False,y,an,2,疑元三開,平,1,牙音,全濁,ㅇ,喉音,次濁,喉音,次濁
254,277,言,yán,54804,66.4420650716,UN,ゲン,g,en,False,y,an,2,疑元三開,平,1,牙音,全濁,ㅇ,喉音,次濁,喉音,次濁
255,278,房,fáng,54360,66.5668427168,PANG,ボウ,b,ou,False,f,ang,2,並陽三合,平,1,唇音,全濁,ㅂ,唇音,全清,唇音,次清
256,279,件,jiàn,54252,66.6290229424,KEN,ケン,k,en,False,j,ian,4,群仙三開,上,2,牙音,全清,ㄱ,牙音,全清,歯音,全清
257,280,万,wàn,53972,66.6908822496,MWUK,マン,m,an,False,w,an,4,明元三合,去,3,唇音,次濁,ㅁ,唇音,次濁,喉音,次濁
258,281,万,mò,53972,66.6908822496,MWUK,マン,m,an,False,m,o,4,明元三合,去,3,唇音,次濁,ㅁ,唇音,次濁,唇音,次濁
259,282,万,mò,53972,66.6908822496,MAN,マン,m,an,False,m,o,4,明元三合,去,3,唇音,次濁,ㅁ,唇音,次濁,唇音,次濁
260,283,万,wàn,53972,66.6908822496,MAN,マン,m,an,False,w,an,4,明元三合,去,3,唇音,次濁,ㅁ,唇音,次濁,喉音,次濁
261,285,提,tí,53552,66.814031234,CEY,テイ,t,ei,False,t,i,2,常支三開,平,1,舌音,全清,ㅈ,歯音,全清,舌音,次清
262,286,提,tí,53552,66.814031234,SI,テイ,t,ei,False,t,i,2,常支三開,平,1,舌音,全清,ㅅ,歯音,全清,舌音,次清
263,288,或,huò,53426,66.9366048577,HOK,ワク,w,aku,True,h,uo,4,匣登一合,入,4,喉音,次濁,ㅎ,喉音,次清,牙音,次清
264,289,坐,zuò,53224,66.9976068544,CWA,ザ,z,a,False,z,uo,4,從戈一合,上,2,歯音,全濁,ㅈ,歯音,全清,歯音,全清
265,290,北,běi,53009,67.0583624317,PEY,ホク,h,oku,True,b,ei,3,幫登一開,入,4,唇音,全清,ㅂ,唇音,全清,唇音,全清
266,291,北,běi,53009,67.0583624317,PWUK,ホク,h,oku,True,b,ei,3,幫登一開,入,4,唇音,全清,ㅂ,唇音,全清,唇音,全清
267,292,早,zǎo,52411,67.1184326191,CO,ソウ,s,ou,False,z,ao,3,精豪一開,上,2,歯音,全清,ㅈ,歯音,全清,歯音,全清
268,293,失,shī,52296,67.1783710007,SIL,シツ,s,hitsu,True,sh,i,1,書眞三開,入,4,歯音,全清,ㅅ,歯音,全清,歯音,次清
269,294,离,lí,51798,67.2377386061,LI,リ,r,i,False,l,i,2,來支三開,平,1,流音,次濁,ㄹ,流音,次濁,舌音,次濁
270,295,步,bù,51493,67.2967566397,PO,フ,f,u,False,b,u,4,並模一開,去,3,唇音,全清,ㅂ,唇音,全清,唇音,全清
271,296,乎,hū,51267,67.414400728,HO,コ,k,o,False,h,u,1,匣模一開,平,1,牙音,全清,ㅎ,喉音,次清,牙音,次清
272,297,近,jìn,50340,67.5890777406,KUN,キン,k,in,False,j,in,4,群欣三開,上,2,牙音,全清,ㄱ,牙音,全清,歯音,全清
273,298,切,qiè,50105,67.646504936,CHEY,セツ,s,etsu,True,q,ie,4,清齊四開,去,3,歯音,全清,ㅊ,歯音,次清,歯音,次清
274,299,切,qiè,50105,67.646504936,CEL,セツ,s,etsu,True,q,ie,4,清齊四開,去,3,歯音,全清,ㅈ,歯音,全清,歯音,次清
275,300,黑,hēi,49948,67.7037521878,HUK,コク,k,oku,True,h,ei,1,曉登一開,入,4,牙音,全清,ㅎ,喉音,次清,牙音,次清
276,301,深,shēn,49811,67.760842419,SIM,シン,s,hin,False,sh,en,1,書侵三開,平,1,歯音,全清,ㅅ,歯音,全清,歯音,次清
277,302,城,chéng,49576,67.8176633079,SENG,ジョウ,j,ou,False,ch,eng,2,常清三開,平,1,歯音,全濁,ㅅ,歯音,全清,歯音,次清
278,303,倒,dào,49429,67.9310506433,TO,トウ,t,ou,False,d,ao,4,端豪一開,上,2,舌音,全清,ㄷ,舌音,全清,舌音,全清
279,304,各,gè,49271,67.9875219604,KAK,カク,k,aku,True,g,e,4,見唐一開,入,4,牙音,全清,ㄱ,牙音,全清,牙音,全清
280,305,父,fù,49157,68.0438626179,PWU,フ,f,u,False,f,u,4,幫虞三合,上,2,唇音,全清,ㅂ,唇音,全清,唇音,次清
281,306,父,fù,49157,68.0438626179,PO,フ,f,u,False,f,u,4,幫虞三合,上,2,唇音,全清,ㅂ,唇音,全清,唇音,次清
282,307,音,yīn,48923,68.1561702923,UM,オン,,on,False,y,in,1,影侵三開,平,1,喉音,次濁,ㅇ,喉音,次濁,喉音,次濁
283,308,站,zhàn,48795,68.2120960482,CHAM,タン,t,an,False,zh,an,4,知咸二開,去,3,舌音,全清,ㅊ,歯音,次清,歯音,全清
284,309,官,guān,48658,68.2678647833,KWAN,カン,k,an,False,g,uan,1,見桓一合,平,1,牙音,全清,ㄱ,牙音,全清,牙音,全清
285,310,半,bàn,48410,68.3233492764,PAN,ハン,h,an,False,b,an,4,幫桓一合,去,3,唇音,全清,ㅂ,唇音,全清,唇音,全清
286,311,男,nán,48136,68.378519728,NAM,ダン,d,an,False,n,an,2,泥覃一開,平,1,舌音,全濁,ㄴ,舌音,次濁,舌音,次濁
287,312,合,hé,47601,68.4878256695,KAP,ゴウ,g,ou,False,h,e,2,匣覃一開,入,4,牙音,全濁,ㄱ,牙音,全清,牙音,次清
288,313,合,hé,47601,68.4878256695,HAP,ゴウ,g,ou,False,h,e,2,匣覃一開,入,4,牙音,全濁,ㅎ,喉音,次清,牙音,次清
289,314,阿,ā,47383,68.54213308,A,ア,,a,False,,a,1,影歌一開,平,1,喉音,次濁,ㅇ,喉音,次濁,喉音,次濁
290,315,阿,ā,47383,68.54213308,OK,ア,,a,False,,a,1,影歌一開,平,1,喉音,次濁,ㅇ,喉音,次濁,喉音,次濁
291,316,英,yīng,47309,68.5963556763,YENG,エイ,,ei,False,y,ing,1,影庚三開,平,1,喉音,次濁,ㅇ,喉音,次濁,喉音,次濁
292,318,怕,pà,46965,68.7042449924,PHA,ハ,h,a,False,p,a,4,滂麻二開,去,3,唇音,全清,ㅍ,唇音,次清,唇音,次清
293,319,未,wèi,46674,68.8113870272,MI,ミ,m,i,False,w,ei,4,明微三合,去,3,唇音,次濁,ㅁ,唇音,次濁,喉音,次濁
294,320,形,xíng,46621,68.8648210812,HYENG,ケイ,k,ei,False,x,ing,2,匣青四開,平,1,牙音,全清,ㅎ,喉音,次清,歯音,次清
295,321,及,jí,46601,68.9182322125,KUP,キュウ,k,yuu,False,j,i,2,群侵三開,入,4,牙音,全清,ㄱ,牙音,全清,歯音,全清
296,322,算,suàn,46570,68.9716078135,SAN,サン,s,an,False,s,uan,4,心桓一合,上,2,歯音,全清,ㅅ,歯音,全清,歯音,次清
297,323,青,qīng,46528,69.0249352768,CHENG,セイ,s,ei,False,q,ing,1,清青四開,平,1,歯音,全清,ㅊ,歯音,次清,歯音,次清
298,325,落,luò,46459,69.131461836,LAK,ラク,r,aku,True,l,uo,4,來唐一開,入,4,流音,次濁,ㄹ,流音,次濁,舌音,次濁
299,326,百,bǎi,46294,69.2377580217,MAYK,ヒャク,h,yaku,True,b,ai,3,幫庚二開,入,4,唇音,全清,ㅁ,唇音,次濁,唇音,全清
300,327,百,bǎi,46294,69.2377580217,PAYK,ヒャク,h,yaku,True,b,ai,3,幫庚二開,入,4,唇音,全清,ㅂ,唇音,全清,唇音,全清
301,328,突,tū,45860,69.3961163353,TOL,トツ,t,otsu,True,t,u,1,定魂一合,入,4,舌音,全清,ㄷ,舌音,全清,舌音,次清
302,329,交,jiāo,45570,69.4483457993,KYO,コウ,k,ou,False,j,iao,1,見肴二開,平,1,牙音,全清,ㄱ,牙音,全清,歯音,全清
303,330,度,dù,45506,69.5526969905,TO,ド,d,o,False,d,u,4,定模一開,去,3,舌音,全濁,ㄷ,舌音,全清,舌音,全清
304,331,度,dù,45506,69.5526969905,THAK,ド,d,o,False,d,u,4,定模一開,去,3,舌音,全濁,ㅌ,舌音,次清,舌音,全清
305,332,始,shǐ,45318,69.7088180447,SI,シ,s,hi,False,sh,i,3,書之三開,上,2,歯音,全清,ㅅ,歯音,全清,歯音,次清
306,334,八,bā,45021,69.9155238563,PHAL,ハチ,h,achi,True,b,a,1,幫山二開,入,4,唇音,全清,ㅍ,唇音,次清,唇音,全清
307,335,母,mǔ,44990,69.9670885608,MO,ボ,b,o,False,m,u,3,明侯一開,上,2,唇音,全濁,ㅁ,唇音,次濁,唇音,次濁
308,336,片,piàn,44528,70.1210124704,PHYEN,ヘン,h,en,False,p,ian,4,滂先四開,去,3,唇音,全清,ㅍ,唇音,次清,唇音,次清
309,337,化,huà,44527,70.1720465135,HWA,カ,k,a,False,h,ua,4,曉麻二合,去,3,牙音,全清,ㅎ,喉音,次清,牙音,次清
310,338,流,liú,44517,70.2230690952,LYU,リュウ,r,yuu,False,l,iu,2,來尤三開,平,1,流音,次濁,ㄹ,流音,次濁,舌音,次濁
311,339,管,guǎn,44318,70.2738635957,KWAN,カン,k,an,False,g,uan,3,見桓一合,上,2,牙音,全清,ㄱ,牙音,全清,牙音,全清
312,340,每,měi,44203,70.3752955758,MAY,マイ,m,ai,False,m,ei,3,明灰一合,上,2,唇音,次濁,ㅁ,唇音,次濁,唇音,次濁
313,341,晚,wǎn,43898,70.4761556336,MAN,バン,b,an,False,w,an,3,明元三合,上,2,唇音,全濁,ㅁ,唇音,次濁,喉音,次濁
314,342,政,zhèng,43792,70.5765824516,CENG,セイ,s,ei,False,zh,eng,4,章清三開,去,3,歯音,全清,ㅈ,歯音,全清,歯音,全清
315,343,答,dá,43686,70.6767834806,TAP,トウ,t,ou,False,d,a,2,端覃一開,入,4,舌音,全清,ㄷ,舌音,全清,舌音,全清
316,344,司,sī,43597,70.7267516163,SA,シ,s,hi,False,s,i,1,心之三開,平,1,歯音,全清,ㅅ,歯音,全清,歯音,次清
317,345,夜,yè,43473,70.8264116686,YA,ヤ,y,a,False,y,e,4,以麻三開,去,3,喉音,次濁,ㅇ,喉音,次濁,喉音,次濁
318,346,越,yuè,43263,70.8759969945,WEL,エツ,,etsu,True,y,ue,4,云元三合,入,4,喉音,次濁,ㅇ,喉音,次濁,喉音,次濁
319,347,越,yuè,43263,70.8759969945,HWAL,エツ,,etsu,True,y,ue,4,云元三合,入,4,喉音,次濁,ㅎ,喉音,次清,喉音,次濁
320,349,奇,qí,43156,70.9749601955,KI,キ,k,i,True,q,i,2,群支三開,平,1,牙音,全清,ㄱ,牙音,全清,歯音,次清
321,350,武,wǔ,42887,71.1226525581,MWU,ブ,b,u,False,w,u,3,明虞三合,上,2,唇音,全濁,ㅁ,唇音,次濁,喉音,次濁
322,351,友,yǒu,42724,71.1716201161,WU,ユウ,y,uu,False,y,ou,3,云尤三開,上,2,喉音,次濁,ㅇ,喉音,次濁,喉音,次濁
323,354,朝,cháo,42381,71.3174820979,CO,チョウ,c,hou,False,ch,ao,2,知宵三開,平,1,舌音,全清,ㅈ,歯音,全清,歯音,次清
324,355,保,bǎo,42265,71.365923579,PO,ホ,h,o,False,b,ao,3,幫豪一開,上,2,唇音,全清,ㅂ,唇音,全清,唇音,全清
325,356,服,fú,42232,71.4143272377,POK,フク,f,uku,True,f,u,2,並東三開,入,4,唇音,全清,ㅂ,唇音,全清,唇音,次清
326,357,曾,céng,42020,71.4624879153,CUNG,ソ,s,o,False,c,eng,2,精登一開,平,1,歯音,全清,ㅈ,歯音,全清,歯音,次清
327,360,格,gé,40861,71.6523099824,NAK,カク,k,aku,True,g,e,2,見唐一開,入,4,牙音,全清,ㄴ,舌音,次濁,牙音,全清
328,361,格,gé,40861,71.6523099824,KYEK,カク,k,aku,True,g,e,2,見唐一開,入,4,牙音,全清,ㄱ,牙音,全清,牙音,全清
329,363,根,gēn,40544,71.7453614087,KUN,コン,k,on,False,g,en,1,見痕一開,平,1,牙音,全清,ㄱ,牙音,全清,牙音,全清
330,364,急,jí,40511,71.7917925655,KUP,キュウ,k,yuu,False,j,i,2,見侵三開,入,4,牙音,全清,ㄱ,牙音,全清,歯音,全清
331,365,容,róng,40012,71.8840749338,YONG,ヨウ,y,ou,False,r,ong,2,以鍾三開,平,1,喉音,次濁,ㅇ,喉音,次濁,歯音,次濁
332,366,喜,xǐ,39970,71.9298860305,HUY,キ,k,i,True,x,i,3,曉之三開,上,2,牙音,全清,ㅎ,喉音,次清,歯音,次清
333,367,求,qiú,39814,71.9755183299,KWU,キュウ,k,yuu,False,q,iu,2,群尤三開,平,1,牙音,全清,ㄱ,牙音,全清,歯音,次清
334,368,衣,yī,39741,72.0210669612,UY,イ,,i,False,y,i,1,影微三開,平,1,喉音,次濁,ㅇ,喉音,次濁,喉音,次濁
335,369,留,liú,39713,72.0665835007,LYU,リュウ,r,yuu,False,l,iu,2,來尤三開,平,1,流音,次濁,ㄹ,流音,次濁,舌音,次濁
336,371,影,yǐng,39588,72.1574664357,YENG,エイ,,ei,False,y,ing,3,影庚三開,上,2,喉音,次濁,ㅇ,喉音,次濁,喉音,次濁
337,372,刻,kè,39489,72.2027262405,KAK,コク,k,oku,True,k,e,4,溪登一開,入,4,牙音,全清,ㄱ,牙音,全清,牙音,次清
338,373,制,zhì,39358,72.2478359013,CEY,セイ,s,ei,False,zh,i,4,章祭三開,去,3,歯音,全清,ㅈ,歯音,全清,歯音,全清
339,375,冷,lěng,39245,72.3379245634,LAYNG,レイ,r,ei,False,l,eng,3,來青四開,平,1,流音,次濁,ㄹ,流音,次濁,舌音,次濁
340,376,九,jiǔ,39238,72.3828966878,KYU,キュウ,k,yuu,False,j,iu,3,見尤三開,上,2,牙音,全清,ㄱ,牙音,全清,歯音,全清
341,377,九,jiǔ,39238,72.3828966878,KWU,キュウ,k,yuu,False,j,iu,3,見尤三開,上,2,牙音,全清,ㄱ,牙音,全清,歯音,全清
342,378,苦,kǔ,39066,72.4276716766,KO,ク,k,u,True,k,u,3,溪模一開,上,2,牙音,全清,ㄱ,牙音,全清,牙音,次清
343,379,量,liàng,38990,72.472359559,LYANG,リョウ,r,you,False,l,iang,4,來陽三開,平,1,流音,次濁,ㄹ,流音,次濁,舌音,次濁
344,380,布,bù,38728,72.5613318837,PHO,フ,f,u,False,b,u,4,幫模一開,去,3,唇音,全清,ㅍ,唇音,次清,唇音,全清
345,381,照,zhào,38475,72.6054295055,CO,ショウ,s,hou,False,zh,ao,4,章宵三開,去,3,歯音,全清,ㅈ,歯音,全清,歯音,全清
346,382,周,zhōu,38388,72.6494274134,CWU,シュウ,s,huu,False,zh,ou,1,章尤三開,平,1,歯音,全清,ㅈ,歯音,全清,歯音,全清
347,383,故,gù,38120,72.6931181567,KO,コ,k,o,False,g,u,4,見模一開,去,3,牙音,全清,ㄱ,牙音,全清,牙音,全清
348,384,准,zhǔn,38048,72.736726378,CWUN,ジュン,j,un,False,zh,un,3,章諄三合,上,2,歯音,全濁,ㅈ,歯音,全清,歯音,全清
349,385,客,kè,37981,72.7802578082,KAYK,キャク,k,yaku,True,k,e,4,溪庚二開,入,4,牙音,全清,ㄱ,牙音,全清,牙音,次清
350,386,船,chuán,37633,72.8233903826,SEN,セン,s,en,False,ch,uan,2,船仙三合,平,1,歯音,全清,ㅅ,歯音,全清,歯音,次清
351,387,江,jiāng,37579,72.8664610657,KANG,コウ,k,ou,False,j,iang,1,見江二開,平,1,牙音,全清,ㄱ,牙音,全清,歯音,全清
352,388,系,xì,37526,72.9094710036,KYEY,ケイ,k,ei,False,x,i,4,匣齊四開,去,3,牙音,全清,ㄱ,牙音,全清,歯音,次清
353,389,姐,jiě,37462,72.9524075886,CE,ソ,s,o,False,j,ie,3,精麻三開,上,2,歯音,全清,ㅈ,歯音,全清,歯音,全清
354,390,功,gōng,37233,73.0379896399,KONG,コウ,k,ou,False,g,ong,1,見東一開,平,1,牙音,全清,ㄱ,牙音,全清,牙音,全清
355,391,怪,guài,37165,73.0805858223,KOY,カイ,k,ai,False,g,uai,4,見皆二合,去,3,牙音,全清,ㄱ,牙音,全清,牙音,全清
356,392,星,xīng,36941,73.1229252699,SENG,セイ,s,ei,False,x,ing,1,心青四開,平,1,歯音,全清,ㅅ,歯音,全清,歯音,次清
357,394,句,jù,36775,73.207309608,KWI,ク,k,u,True,j,u,4,群虞三合,平,1,牙音,全清,ㄱ,牙音,全清,歯音,全清
358,395,句,jù,36775,73.207309608,KWU,ク,k,u,True,j,u,4,群虞三合,平,1,牙音,全清,ㄱ,牙音,全清,歯音,全清
359,396,竟,jìng,36751,73.2915690172,KYENG,キョウ,k,you,False,j,ing,4,見庚三開,去,3,牙音,全清,ㄱ,牙音,全清,歯音,全清
360,397,界,jiè,36654,73.3756289986,KYEY,カイ,k,ai,False,j,ie,4,見皆二開,去,3,牙音,全清,ㄱ,牙音,全清,歯音,全清
361,398,取,qǔ,36551,73.4594689216,CHWI,シュ,s,hu,False,q,u,3,清虞三合,上,2,歯音,全清,ㅊ,歯音,次清,歯音,次清
362,399,古,gǔ,36502,73.5013052151,KO,コ,k,o,False,g,u,3,見模一開,上,2,牙音,全清,ㄱ,牙音,全清,牙音,全清
363,400,六,liù,36278,73.5428847739,LYUK,ロク,r,oku,True,l,iu,4,來東三開,入,4,流音,次濁,ㄹ,流音,次濁,舌音,次濁
364,401,底,dǐ,35957,73.6254341467,CI,テイ,t,ei,False,d,i,3,端齊四開,上,2,舌音,全清,ㅈ,歯音,全清,舌音,全清
365,402,底,dǐ,35957,73.6254341467,CE,テイ,t,ei,False,d,i,3,端齊四開,上,2,舌音,全清,ㅈ,歯音,全清,舌音,全清
366,403,精,jīng,35816,73.6664841902,CENG,セイ,s,ei,False,j,ing,1,精清三開,平,1,歯音,全清,ㅈ,歯音,全清,歯音,全清
367,404,七,qī,35499,73.7071709083,CHIL,シチ,s,hichi,True,q,i,1,清眞三開,入,4,歯音,全清,ㅊ,歯音,次清,歯音,次清
368,405,河,hé,35464,73.7478175116,HA,カ,k,a,False,h,e,2,匣歌一開,平,1,牙音,全清,ㅎ,喉音,次清,牙音,次清
369,406,久,jiǔ,35463,73.7884629687,KWU,キュウ,k,yuu,False,j,iu,3,見尤三開,上,2,牙音,全清,ㄱ,牙音,全清,歯音,全清
370,407,哈,hā,35313,73.9506402109,HAP,ゴウ,g,ou,False,h,a,1,疑覃一開,入,4,牙音,全濁,ㅎ,喉音,次清,牙音,次清
371,408,台,tái,35306,73.9911057246,I,ダイ,d,ai,False,t,ai,2,以之三開,平,1,舌音,全濁,ㅇ,喉音,次濁,舌音,次清
372,409,台,tái,35306,73.9911057246,THAY,ダイ,d,ai,False,t,ai,2,以之三開,平,1,舌音,全濁,ㅌ,舌音,次清,舌音,次清
373,410,确,què,35305,74.0315700921,HAK,カク,k,aku,True,q,ue,4,匣江二開,入,4,牙音,全清,ㅎ,喉音,次清,歯音,次清
374,411,息,xī,35298,74.0720264366,SIK,ソク,s,oku,True,x,i,1,心蒸三開,入,4,歯音,全清,ㅅ,歯音,全清,歯音,次清
375,412,期,qī,35199,74.1123693136,KI,キ,k,i,True,q,i,1,群之三開,平,1,牙音,全清,ㄱ,牙音,全清,歯音,次清
376,413,整,zhěng,35169,74.1526778065,CENG,セイ,s,ei,False,zh,eng,3,章清三開,上,2,歯音,全清,ㅈ,歯音,全清,歯音,全清
377,414,忙,máng,35139,74.2332443622,MANG,ボウ,b,ou,False,m,ang,2,明唐一開,平,1,唇音,全濁,ㅁ,唇音,次濁,唇音,次濁
378,415,娘,niáng,35135,74.2735138864,NANG,ジョウ,j,ou,False,n,iang,2,娘陽三開,平,1,歯音,全濁,ㄴ,舌音,次濁,舌音,次濁
379,416,送,sòng,34716,74.3932576977,SONG,ソウ,s,ou,False,s,ong,4,心東一開,去,3,歯音,全清,ㅅ,歯音,全清,歯音,次清
380,417,愿,yuàn,34432,74.472466081,WEN,ゲン,g,en,False,y,uan,4,疑元三合,去,3,牙音,全濁,ㅇ,喉音,次濁,喉音,次濁
381,418,微,wēi,34381,74.5513099928,MI,ビ,b,i,False,w,ei,1,明微三合,平,1,唇音,全濁,ㅁ,唇音,次濁,喉音,次濁
382,419,沉,chén,34322,74.6300301217,CHIM,チン,c,hin,False,ch,en,2,澄侵三開,平,1,舌音,全清,ㅊ,歯音,次清,歯音,次清
383,420,沉,chén,34322,74.6300301217,SIM,チン,c,hin,False,ch,en,2,澄侵三開,平,1,舌音,全清,ㅅ,歯音,全清,歯音,次清
384,422,敢,gǎn,34148,74.7083938021,KAM,カン,k,an,False,g,an,3,見談一開,上,2,牙音,全清,ㄱ,牙音,全清,牙音,全清
385,423,云,yún,34125,74.7475057279,WUN,ウン,,un,False,y,un,2,云文三合,平,1,喉音,次濁,ㅇ,喉音,次濁,喉音,次濁
386,424,脚,jiǎo,34063,74.7865465932,KAK,キャク,k,yaku,True,j,iao,3,見陽三開,入,4,牙音,全清,ㄱ,牙音,全清,歯音,全清
387,425,消,xiāo,33993,74.825507229,SO,ショウ,s,hou,False,x,iao,1,心宵三開,平,1,歯音,全清,ㅅ,歯音,全清,歯音,次清
388,426,若,ruò,33937,74.864403681,YA,ジャク,j,aku,True,r,uo,4,日麻三開,平,1,歯音,全濁,ㅇ,喉音,次濁,歯音,次濁
389,427,若,ruò,33937,74.864403681,YAK,ジャク,j,aku,True,r,uo,4,日麻三開,平,1,歯音,全濁,ㅇ,喉音,次濁,歯音,次濁
390,428,收,shōu,33731,74.9419524579,SWU,シュウ,s,huu,False,sh,ou,1,書尤三開,平,1,歯音,全清,ㅅ,歯音,全清,歯音,次清
391,429,千,qiān,33695,74.9805715448,CHEN,セン,s,en,False,q,ian,1,清先四開,平,1,歯音,全清,ㅊ,歯音,次清,歯音,次清
392,430,木,mù,33694,75.0191894856,MO,ボク,b,oku,True,m,u,4,明東一開,入,4,唇音,全濁,ㅁ,唇音,次濁,唇音,次濁
393,431,木,mù,33694,75.0191894856,MOK,ボク,b,oku,True,m,u,4,明東一開,入,4,唇音,全濁,ㅁ,唇音,次濁,唇音,次濁
394,432,毛,máo,33550,75.0961995781,MO,モウ,m,ou,False,m,ao,2,明豪一開,平,1,唇音,次濁,ㅁ,唇音,次濁,唇音,次濁
395,433,集,jí,33458,75.1729242825,CIP,シュウ,s,huu,False,j,i,2,從侵三開,入,4,歯音,全清,ㅈ,歯音,全清,歯音,全清
396,434,弟,dì,33456,75.249615749,CEY,テイ,t,ei,False,d,i,4,定齊四開,上,2,舌音,全清,ㅈ,歯音,全清,舌音,全清
397,435,皇,huáng,33136,75.2875941453,WANG,コウ,k,ou,False,h,uang,2,匣唐一合,平,1,牙音,全清,ㅇ,喉音,次濁,牙音,次清
398,436,皇,huáng,33136,75.2875941453,HWANG,コウ,k,ou,False,h,uang,2,匣唐一合,平,1,牙音,全清,ㅎ,喉音,次清,牙音,次清
399,438,希,xī,32993,75.363359533,HUY,キ,k,i,True,x,i,1,曉微三開,平,1,牙音,全清,ㅎ,喉音,次清,歯音,次清
400,439,号,hào,32711,75.4385507061,HO,ゴウ,g,ou,False,h,ao,4,匣豪一開,去,3,牙音,全濁,ㅎ,喉音,次清,牙音,次清
401,440,巴,bā,32689,75.4760167791,PHA,ハ,h,a,False,b,a,1,幫麻二開,平,1,唇音,全清,ㅍ,唇音,次清,唇音,全清
402,441,穿,chuān,32620,75.5134037687,CHEN,セン,s,en,False,ch,uan,1,昌仙三合,平,1,歯音,全清,ㅊ,歯音,次清,歯音,次清
403,442,攻,gōng,32423,75.6250157379,KONG,コウ,k,ou,False,g,ong,1,見東一開,平,1,牙音,全清,ㄱ,牙音,全清,牙音,全清
404,443,呀,ya,32299,75.6620348175,HA,ガ,g,a,False,y,a,5,疑麻二開,平,1,牙音,全濁,ㅎ,喉音,次清,喉音,次濁
405,444,警,jǐng,32258,75.6990069055,KYENG,ケイ,k,ei,False,j,ing,3,見庚三開,上,2,牙音,全清,ㄱ,牙音,全清,歯音,全清
406,445,派,pài,32234,75.7359514862,PHA,ハ,h,a,False,p,ai,4,滂佳二開,去,3,唇音,全清,ㅍ,唇音,次清,唇音,次清
407,447,酒,jiǔ,32097,75.8096331968,CWU,シュ,s,hu,False,j,iu,3,精尤三開,上,2,歯音,全清,ㅈ,歯音,全清,歯音,全清
408,448,雷,léi,31926,75.8462247673,LOY,ライ,r,ai,False,l,ei,2,來灰一合,平,1,流音,次濁,ㄹ,流音,次濁,舌音,次濁
409,449,停,tíng,31912,75.8828002919,CENG,テイ,t,ei,False,t,ing,2,定青四開,平,1,舌音,全清,ㅈ,歯音,全清,舌音,次清
410,450,史,shǐ,31888,75.9193483092,SA,シ,s,hi,False,sh,i,3,生之三開,上,2,歯音,全清,ㅅ,歯音,全清,歯音,次清
411,451,建,jiàn,31735,76.028522445,KEN,ケン,k,en,False,j,ian,4,見元三開,去,3,牙音,全清,ㄱ,牙音,全清,歯音,全清
412,452,足,zú,31734,76.0648939572,COK,ソク,s,oku,True,z,u,2,精虞三合,去,3,歯音,全清,ㅈ,歯音,全清,歯音,全清
413,453,足,zú,31734,76.0648939572,CWU,ソク,s,oku,True,z,u,2,精虞三合,去,3,歯音,全清,ㅈ,歯音,全清,歯音,全清
414,455,包,bāo,31478,76.209451635,PHO,ホウ,h,ou,False,b,ao,1,幫肴二開,平,1,唇音,全清,ㅍ,唇音,次清,唇音,全清
415,456,破,pò,31450,76.2815482381,PHA,ハ,h,a,False,p,o,4,滂戈一合,去,3,唇音,全清,ㅍ,唇音,次清,唇音,次清
416,457,亮,liàng,31426,76.3175667401,LYANG,リョウ,r,you,False,l,iang,4,來陽三開,去,3,流音,次濁,ㄹ,流音,次濁,舌音,次濁
417,458,首,shǒu,31425,76.353584096,SWU,シュ,s,hu,False,sh,ou,3,書尤三開,上,2,歯音,全清,ㅅ,歯音,全清,歯音,次清
418,459,志,zhì,31417,76.3895922827,CI,シ,s,hi,False,zh,i,4,章之三開,去,3,歯音,全清,ㅈ,歯音,全清,歯音,全清
419,460,病,bìng,31268,76.4613519216,PYENG,ビョウ,b,you,False,b,ing,4,並庚三開,去,3,唇音,全濁,ㅂ,唇音,全清,唇音,全清
420,461,治,zhì,30999,76.6038270684,CHI,ジ,j,i,False,zh,i,4,澄之三開,平,1,歯音,全濁,ㅊ,歯音,次清,歯音,全清
421,462,田,tián,30961,76.6393126167,CEN,デン,d,en,False,t,ian,2,定先四開,平,1,舌音,全濁,ㅈ,歯音,全清,舌音,次清
422,464,暗,àn,30705,76.7806507956,AM,アン,,an,False,,an,4,影覃一開,去,3,喉音,次濁,ㅇ,喉音,次濁,喉音,次濁
423,465,待,dài,30435,76.8155334758,TAY,タイ,t,ai,False,d,ai,4,定咍一開,上,2,舌音,全清,ㄷ,舌音,全清,舌音,全清
424,466,共,gòng,30389,76.8503634337,KONG,キョウ,k,you,False,g,ong,4,見鍾三開,平,1,牙音,全清,ㄱ,牙音,全清,牙音,全清
425,467,院,yuàn,30299,76.8850902393,WEN,イン,,in,False,y,uan,4,匣桓一合,平,1,喉音,次濁,ㅇ,喉音,次濁,喉音,次濁
426,468,仍,réng,30256,76.919767761,ING,ジョウ,j,ou,False,r,eng,2,日蒸三開,平,1,歯音,全濁,ㅇ,喉音,次濁,歯音,次濁
427,471,害,hài,30173,76.9890104829,HAY,ガイ,g,ai,False,h,ai,4,匣泰一開,去,3,牙音,全濁,ㅎ,喉音,次清,牙音,次清
428,472,害,hài,30173,76.9890104829,HAL,ガイ,g,ai,False,h,ai,4,匣泰一開,去,3,牙音,全濁,ㅎ,喉音,次清,牙音,次清
429,473,元,yuán,30130,77.0235435914,WEN,ゲン,g,en,False,y,uan,2,疑元三合,平,1,牙音,全濁,ㅇ,喉音,次濁,喉音,次濁
430,474,哥,gē,30039,77.0579724013,KA,カ,k,a,False,g,e,1,見歌一開,平,1,牙音,全清,ㄱ,牙音,全清,牙音,全清
431,475,屋,wū,29939,77.1266374702,OK,オク,,oku,True,w,u,1,影東一開,入,4,喉音,次濁,ㅇ,喉音,次濁,喉音,次濁
432,476,胡,hú,29818,77.1608129839,HO,コ,k,o,False,h,u,2,匣模一開,平,1,牙音,全清,ㅎ,喉音,次清,牙音,次清
433,477,室,shì,29639,77.2289428068,SIL,シツ,s,hitsu,True,sh,i,4,書眞三開,入,4,歯音,全清,ㅅ,歯音,全清,歯音,次清
434,479,注,zhù,29096,77.430551747,CWU,チュウ,c,huu,False,zh,u,4,章虞三合,去,3,舌音,全清,ㅈ,歯音,全清,歯音,全清
435,480,易,yì,29092,77.4638951652,YEK,エキ,,eki,True,y,i,4,以支三開,去,3,喉音,次濁,ㅇ,喉音,次濁,喉音,次濁
436,481,易,yì,29092,77.4638951652,I,エキ,,eki,True,y,i,4,以支三開,去,3,喉音,次濁,ㅇ,喉音,次濁,喉音,次濁
437,482,帝,dì,28893,77.5634176811,CEY,テイ,t,ei,False,d,i,4,端齊四開,去,3,舌音,全清,ㅈ,歯音,全清,舌音,全清
438,483,市,shì,28746,77.5963645359,SI,シ,s,hi,False,sh,i,4,常之三開,上,2,歯音,全清,ㅅ,歯音,全清,歯音,次清
439,485,密,mì,28640,77.6949495117,MIL,ミツ,m,itsu,True,m,i,4,明眞三開,入,4,唇音,次濁,ㅁ,唇音,次濁,唇音,次濁
440,486,姑,gū,28512,77.7276281704,KO,コ,k,o,False,g,u,1,見模一開,平,1,牙音,全清,ㄱ,牙音,全清,牙音,全清
441,487,斗,dǒu,28511,77.760305683,TWU,ト,t,o,False,d,ou,3,端侯一開,上,2,舌音,全清,ㄷ,舌音,全清,舌音,全清
442,488,斗,dòu,28511,77.760305683,TWU,ト,t,o,False,d,ou,4,端侯一開,上,2,舌音,全清,ㄷ,舌音,全清,舌音,全清
443,489,除,chú,28497,77.7929671497,CEY,ジョ,j,o,False,ch,u,2,澄魚三開,平,1,歯音,全濁,ㅈ,歯音,全清,歯音,次清
444,490,式,shì,28458,77.825583917,SIK,シキ,s,hiki,True,sh,i,4,書蒸三開,入,4,歯音,全清,ㅅ,歯音,全清,歯音,次清
445,491,示,shì,28422,77.8581594234,SI,ジ,j,i,False,sh,i,4,群支三開,平,1,歯音,全濁,ㅅ,歯音,全清,歯音,次清
446,492,示,shì,28422,77.8581594234,KI,ジ,j,i,False,sh,i,4,群支三開,平,1,歯音,全濁,ㄱ,牙音,全清,歯音,次清
447,493,睛,jīng,28417,77.8907291991,CENG,セイ,s,ei,False,j,ing,1,精清三開,平,1,歯音,全清,ㅈ,歯音,全清,歯音,全清
448,495,造,zào,28386,77.955830928,CO,ゾウ,z,ou,False,z,ao,4,從豪一開,上,2,歯音,全濁,ㅈ,歯音,全清,歯音,全清
449,496,朋,péng,28366,77.9883422507,PWUNG,ホウ,h,ou,False,p,eng,2,並登一開,平,1,唇音,全清,ㅂ,唇音,全清,唇音,次清
450,497,社,shè,28287,78.0207630286,SA,シャ,s,ha,False,sh,e,4,常麻三開,上,2,歯音,全清,ㅅ,歯音,全清,歯音,次清
451,498,持,chí,28256,78.0531482762,CI,ジ,j,i,False,ch,i,2,澄之三開,平,1,歯音,全濁,ㅈ,歯音,全清,歯音,次清
452,499,慢,màn,28252,78.0855289393,MAN,マン,m,an,False,m,an,4,明刪二開,去,3,唇音,次濁,ㅁ,唇音,次濁,唇音,次濁
453,500,般,bān,28239,78.1178947026,PAN,ハン,h,an,False,b,an,1,並桓一合,平,1,唇音,全清,ㅂ,唇音,全清,唇音,全清
454,501,皮,pí,28227,78.1502467123,PHI,ヒ,h,i,False,p,i,2,並支三開,平,1,唇音,全清,ㅍ,唇音,次清,唇音,次清
455,502,京,jīng,28201,78.1825689224,KYENG,キョウ,k,you,False,j,ing,1,見庚三開,平,1,牙音,全清,ㄱ,牙音,全清,歯音,全清
456,503,况,kuàng,28112,78.2147891263,HWANG,キョウ,k,you,False,k,uang,4,曉陽三合,去,3,牙音,全清,ㅎ,喉音,次清,牙音,次清
457,504,忽,hū,27960,78.278944146,HOL,コツ,k,otsu,True,h,u,1,曉魂一合,入,4,牙音,全清,ㅎ,喉音,次清,牙音,次清
458,505,校,xiào,27927,78.3429696523,HYO,コウ,k,ou,False,x,iao,4,匣肴二開,去,3,牙音,全清,ㅎ,喉音,次清,歯音,次清
459,506,校,xiào,27927,78.3429696523,KYO,コウ,k,ou,False,x,iao,4,匣肴二開,去,3,牙音,全清,ㄱ,牙音,全清,歯音,次清
460,507,甚,shèn,27838,78.3748758146,SIM,ジン,j,in,False,sh,en,4,常侵三開,上,2,歯音,全濁,ㅅ,歯音,全清,歯音,次清
461,508,查,chá,27730,78.4066581942,SA,サ,s,a,False,ch,a,2,崇佳二開,平,1,歯音,全清,ㅅ,歯音,全清,歯音,次清
462,509,土,tǔ,27729,78.4384394276,TWU,ド,d,o,False,t,u,3,透模一開,上,2,舌音,全濁,ㄷ,舌音,全清,舌音,次清
463,510,土,tǔ,27729,78.4384394276,THO,ド,d,o,False,t,u,3,透模一開,上,2,舌音,全濁,ㅌ,舌音,次清,舌音,次清
464,511,福,fú,27649,78.5018414353,POK,フク,f,uku,True,f,u,2,滂尤三開,去,3,唇音,全清,ㅂ,唇音,全清,唇音,次清
465,512,赶,gǎn,27537,78.5966773969,KAN,ゴン,g,on,False,g,an,3,群元三開,平,1,牙音,全濁,ㄱ,牙音,全清,牙音,全清
466,513,背,bèi,27481,78.6281743884,PAY,ハイ,h,ai,False,b,ei,4,並灰一合,去,3,唇音,全清,ㅂ,唇音,全清,唇音,全清
467,514,背,bèi,27481,78.6281743884,PHAY,ハイ,h,ai,False,b,ei,4,並灰一合,去,3,唇音,全清,ㅍ,唇音,次清,唇音,全清
468,515,喝,hē,27473,78.6911546176,AY,カツ,k,atsu,True,h,e,1,影夬二開,去,3,牙音,全清,ㅇ,喉音,次濁,牙音,次清
469,516,喝,hē,27473,78.6911546176,KAL,カツ,k,atsu,True,h,e,1,影夬二開,去,3,牙音,全清,ㄱ,牙音,全清,牙音,次清
470,517,疑,yí,27364,78.7225175111,UY,ギ,g,i,False,y,i,2,疑之三開,平,1,牙音,全濁,ㅇ,喉音,次濁,喉音,次濁
471,518,疑,yí,27364,78.7225175111,UNG,ギ,g,i,False,y,i,2,疑之三開,平,1,牙音,全濁,ㅇ,喉音,次濁,喉音,次濁
472,519,支,zhī,27320,78.7538299744,CI,シ,s,hi,False,zh,i,1,章支三開,平,1,歯音,全清,ㅈ,歯音,全清,歯音,全清
473,520,血,xuè,27167,78.7849670789,HYEL,ケツ,k,etsu,True,x,ue,4,曉先四合,入,4,牙音,全清,ㅎ,喉音,次清,歯音,次清
474,521,灵,líng,27066,78.8471003129,LYENG,レイ,r,ei,False,l,ing,2,來青四開,平,1,流音,次濁,ㄹ,流音,次濁,舌音,次濁
475,522,章,zhāng,26973,78.9089745199,CANG,ショウ,s,hou,False,zh,ang,1,章陽三開,平,1,歯音,全清,ㅈ,歯音,全清,歯音,全清
476,523,群,qún,26869,78.9397700755,KWUN,グン,g,un,False,q,un,2,群文三合,平,1,牙音,全濁,ㄱ,牙音,全清,歯音,次清
477,524,威,wēi,26849,78.9705427084,WI,イ,,i,False,w,ei,1,影微三合,平,1,喉音,次濁,ㅇ,喉音,次濁,喉音,次濁
478,525,游,yóu,26793,79.0627345319,YU,ユウ,y,uu,False,y,ou,2,以尤三開,平,1,喉音,次濁,ㅇ,喉音,次濁,喉音,次濁
479,526,器,qì,26763,79.0934085969,KI,キ,k,i,True,q,i,4,溪脂三開,去,3,牙音,全清,ㄱ,牙音,全清,歯音,次清
480,527,察,chá,26718,79.1240310858,CHAL,サツ,s,atsu,True,ch,a,2,初山二開,入,4,歯音,全清,ㅊ,歯音,次清,歯音,次清
481,529,痛,tòng,26592,79.1850514208,THONG,ツウ,ts,uu,False,t,ong,4,透東一開,去,3,舌音,全清,ㅌ,舌音,次清,舌音,次清
482,530,掉,diào,26439,79.2457439606,TO,チョウ,c,hou,False,d,iao,4,定蕭四開,上,2,舌音,全清,ㄷ,舌音,全清,舌音,全清
483,532,改,gǎi,26268,79.3364251755,KAY,カイ,k,ai,False,g,ai,3,見咍一開,上,2,牙音,全清,ㄱ,牙音,全清,牙音,全清
484,533,推,tuī,26206,79.3664608422,CHWU,スイ,s,ui,False,t,ui,1,初脂三合,平,1,歯音,全清,ㅊ,歯音,次清,舌音,次清
485,534,推,tuī,26206,79.3664608422,THOY,スイ,s,ui,False,t,ui,1,初脂三合,平,1,歯音,全清,ㅌ,舌音,次清,舌音,次清
486,535,念,niàn,26084,79.4263453554,NYEM,ネン,n,en,False,n,ian,4,泥添四開,去,3,舌音,次濁,ㄴ,舌音,次濁,舌音,次濁
487,538,术,shù,25980,79.4859903259,CHWUL,ジュツ,j,utsu,True,sh,u,4,船諄三合,入,4,歯音,全濁,ㅊ,歯音,次清,歯音,次清
488,540,据,jù,25863,79.5750978947,KE,キョ,k,yo,False,j,u,4,見魚三開,平,1,牙音,全清,ㄱ,牙音,全清,歯音,全清
489,541,品,pǐn,25767,79.6046304073,PHWUM,ヒン,h,in,False,p,in,3,滂侵三開,上,2,唇音,全清,ㅍ,唇音,次清,唇音,次清
490,542,居,jū,25656,79.6635624806,KE,キョ,k,yo,False,j,u,1,見之三開,平,1,牙音,全清,ㄱ,牙音,全清,歯音,全清
491,543,居,jū,25656,79.6635624806,KI,キョ,k,yo,False,j,u,1,見之三開,平,1,牙音,全清,ㄱ,牙音,全清,歯音,全清
492,545,旁,páng,25583,79.7222825186,PANG,ホウ,h,ou,False,p,ang,2,並唐一開,平,1,唇音,全清,ㅂ,唇音,全清,唇音,次清
493,546,旁,páng,25583,79.7222825186,PHAYNG,ホウ,h,ou,False,p,ang,2,並唐一開,平,1,唇音,全清,ㅍ,唇音,次清,唇音,次清
494,547,退,tuì,25582,79.7516029958,THOY,タイ,t,ai,False,t,ui,4,透灰一合,去,3,舌音,全清,ㅌ,舌音,次清,舌音,次清
495,548,科,kē,25504,79.8101281905,KWA,カ,k,a,False,k,e,1,溪戈一合,平,1,牙音,全清,ㄱ,牙音,全清,牙音,次清
496,549,低,dī,25455,79.8685066796,CE,テイ,t,ei,False,d,i,1,端齊四開,平,1,舌音,全清,ㅈ,歯音,全清,舌音,全清
497,550,引,yǐn,25362,79.9267441939,IN,イン,,in,False,y,in,3,以眞三開,上,2,喉音,次濁,ㅇ,喉音,次濁,喉音,次濁
498,551,吉,jí,25323,79.9557678217,KIL,キチ,k,ichi,True,j,i,2,見眞三開,入,4,牙音,全清,ㄱ,牙音,全清,歯音,全清
499,552,睡,shuì,25277,79.9847387271,SWU,スイ,s,ui,False,sh,ui,4,常支三合,去,3,歯音,全清,ㅅ,歯音,全清,歯音,次清
500,553,爸,bà,25239,80.0136660794,PHA,ハ,h,a,False,b,a,4,並戈一合,上,2,唇音,全清,ㅍ,唇音,次清,唇音,全清
501,554,呼,hū,25232,80.0425854087,HO,コ,k,o,False,h,u,1,曉模一開,平,1,牙音,全清,ㅎ,喉音,次清,牙音,次清
502,555,追,zhuī,25172,80.0714359697,THOY,ツイ,ts,ui,False,zh,ui,1,知脂三合,平,1,舌音,全清,ㅌ,舌音,次清,歯音,全清
503,556,追,zhuī,25172,80.0714359697,CHWU,ツイ,ts,ui,False,zh,ui,1,知脂三合,平,1,舌音,全清,ㅊ,歯音,次清,歯音,全清
504,557,局,jú,25001,80.1000905414,KWUK,キョク,k,yoku,True,j,u,2,群鍾三開,入,4,牙音,全清,ㄱ,牙音,全清,歯音,全清
505,558,露,lù,24824,80.1285422468,LO,ロ,r,o,False,l,u,4,來模一開,去,3,流音,次濁,ㄹ,流音,次濁,舌音,次濁
506,559,村,cūn,24677,80.2417393234,CHON,ソン,s,on,False,c,un,1,清魂一合,平,1,歯音,全清,ㅊ,歯音,次清,歯音,次清
507,561,香,xiāng,24347,80.3825766405,HYANG,コウ,k,ou,False,x,iang,1,曉陽三開,平,1,牙音,全清,ㅎ,喉音,次清,歯音,次清
508,562,波,bō,24263,80.4382766074,PHA,ハ,h,a,False,b,o,1,幫戈一合,平,1,唇音,全清,ㅍ,唇音,次清,唇音,全清
509,563,角,jiǎo,24229,80.4660463613,KAK,カク,k,aku,True,j,iao,3,來東一開,入,4,牙音,全清,ㄱ,牙音,全清,歯音,全清
510,564,角,jiǎo,24229,80.4660463613,LOK,カク,k,aku,True,j,iao,3,來東一開,入,4,牙音,全清,ㄹ,流音,次濁,歯音,全清
511,565,角,jiǎo,24229,80.4660463613,KOK,カク,k,aku,True,j,iao,3,來東一開,入,4,牙音,全清,ㄱ,牙音,全清,歯音,全清
512,566,案,àn,24218,80.4938035076,AN,アン,,an,False,,an,4,影寒一開,去,3,喉音,次濁,ㅇ,喉音,次濁,喉音,次濁
513,567,左,zuǒ,24181,80.5769878403,CWA,サ,s,a,False,z,uo,3,精歌一開,上,2,歯音,全清,ㅈ,歯音,全清,歯音,全清
514,568,掌,zhǎng,24174,80.6046945566,CANG,ショウ,s,hou,False,zh,ang,3,章陽三開,上,2,歯音,全清,ㅈ,歯音,全清,歯音,全清
515,569,假,jiǎ,24165,80.6323909577,KA,カ,k,a,False,j,ia,3,見麻二開,上,2,牙音,全清,ㄱ,牙音,全清,歯音,全清
516,570,假,jiǎ,24165,80.6323909577,HA,カ,k,a,False,j,ia,3,見麻二開,上,2,牙音,全清,ㅎ,喉音,次清,歯音,全清
517,571,跳,tiào,24161,80.6600827742,CO,チョウ,c,hou,False,t,iao,4,定蕭四開,平,1,舌音,全清,ㅈ,歯音,全清,舌音,次清
518,572,跳,tiào,24161,80.6600827742,TO,チョウ,c,hou,False,t,iao,4,定蕭四開,平,1,舌音,全清,ㄷ,舌音,全清,舌音,次清
519,573,究,jiū,23982,80.6875694323,KWU,キュウ,k,yuu,False,j,iu,1,見尤三開,去,3,牙音,全清,ㄱ,牙音,全清,歯音,全清
520,574,楚,chǔ,23960,80.7150308753,CHO,ソ,s,o,False,ch,u,3,初魚三開,上,2,歯音,全清,ㅊ,歯音,次清,歯音,次清
521,575,余,yú,23830,80.7423433205,YE,ヨ,y,o,False,y,u,2,以魚三開,平,1,喉音,次濁,ㅇ,喉音,次濁,喉音,次濁
522,576,鬼,guǐ,23805,80.7696271122,KWI,キ,k,i,True,g,ui,3,見微三合,上,2,牙音,全清,ㄱ,牙音,全清,牙音,全清
523,577,座,zuò,23759,80.8241396812,CWA,ザ,z,a,False,z,uo,4,從戈一合,去,3,歯音,全濁,ㅈ,歯音,全清,歯音,全清
524,578,礼,lǐ,23751,80.8513615816,LYEY,レイ,r,ei,False,l,i,3,來齊四開,上,2,流音,次濁,ㄹ,流音,次濁,舌音,次濁
525,579,展,zhǎn,23740,80.8785708744,CEN,テン,t,en,False,zh,an,3,知仙三開,上,2,舌音,全清,ㅈ,歯音,全清,歯音,全清
526,580,玉,yù,23730,80.9057687059,OK,ギョク,g,yoku,True,y,u,4,疑鍾三開,入,4,牙音,全濁,ㅇ,喉音,次濁,喉音,次濁
527,581,肯,kěn,23720,80.932955076,KUNG,コウ,k,ou,False,k,en,3,溪登一開,上,2,牙音,全清,ㄱ,牙音,全清,牙音,次清
528,582,既,jì,23686,80.9601024775,KI,キ,k,i,True,j,i,4,見微三開,去,3,牙音,全清,ㄱ,牙音,全清,歯音,全清
529,583,止,zhǐ,23647,80.9872051796,CI,シ,s,hi,False,zh,i,3,章之三開,上,2,歯音,全清,ㅈ,歯音,全清,歯音,全清
530,584,守,shǒu,23642,81.014302151,SWU,シュ,s,hu,False,sh,ou,3,書尤三開,上,2,歯音,全清,ㅅ,歯音,全清,歯音,次清
531,585,广,guǎng,23473,81.0412054253,EM,ゲン,g,en,False,g,uang,3,疑鹽三開,上,2,牙音,全濁,ㅇ,喉音,次濁,牙音,全清
532,586,考,kǎo,23473,81.0681086996,KO,コウ,k,ou,False,k,ao,3,溪豪一開,上,2,牙音,全清,ㄱ,牙音,全清,牙音,次清
533,587,恩,ēn,23457,81.0949936357,UN,オン,,on,False,,en,1,影痕一開,平,1,喉音,次濁,ㅇ,喉音,次濁,喉音,次濁
534,588,料,liào,23409,81.1486660862,LYO,リョウ,r,you,False,l,iao,4,來蕭四開,平,1,流音,次濁,ㄹ,流音,次濁,舌音,次濁
535,589,段,duàn,23401,81.1754868386,TAN,ダン,d,an,False,d,uan,4,定桓一合,去,3,舌音,全濁,ㄷ,舌音,全清,舌音,全清
536,590,尼,ní,23397,81.2023030065,NI,ニ,n,i,False,n,i,2,娘脂三開,平,1,舌音,次濁,ㄴ,舌音,次濁,舌音,次濁
537,591,尼,ní,23397,81.2023030065,IL,ニ,n,i,False,n,i,2,娘脂三開,平,1,舌音,次濁,ㅇ,喉音,次濁,舌音,次濁
538,594,米,mǐ,23278,81.2824042305,MI,ベイ,b,ei,False,m,i,3,明齊四開,上,2,唇音,全濁,ㅁ,唇音,次濁,唇音,次濁
539,595,草,cǎo,23262,81.3090656699,CHO,ソウ,s,ou,False,c,ao,3,清豪一開,上,2,歯音,全清,ㅊ,歯音,次清,歯音,次清
540,596,存,cún,23102,81.3621639058,CON,ソン,s,on,False,c,un,2,從魂一合,平,1,歯音,全清,ㅈ,歯音,全清,歯音,次清
541,597,唐,táng,23066,81.3886007023,TANG,トウ,t,ou,False,t,ang,2,定唐一開,平,1,舌音,全清,ㄷ,舌音,全清,舌音,次清
542,598,医,yī,22964,81.4149205928,UY,イ,,i,False,y,i,1,影齊四開,去,3,喉音,次濁,ㅇ,喉音,次濁,喉音,次濁
543,599,医,yī,22964,81.4149205928,YEY,イ,,i,False,y,i,1,影齊四開,去,3,喉音,次濁,ㅇ,喉音,次濁,喉音,次濁
544,600,程,chéng,22893,81.4411591076,CENG,テイ,t,ei,False,ch,eng,2,澄清三開,平,1,舌音,全清,ㅈ,歯音,全清,歯音,次清
545,601,烟,yān,22795,81.493516939,YEN,エン,,en,False,y,an,1,影眞三開,平,1,喉音,次濁,ㅇ,喉音,次濁,喉音,次濁
546,602,商,shāng,22786,81.5196328171,SANG,ショウ,s,hou,False,sh,ang,1,書陽三開,平,1,歯音,全清,ㅅ,歯音,全清,歯音,次清
547,603,招,zhāo,22667,81.5717213063,CHO,ショウ,s,hou,False,zh,ao,1,章宵三開,平,1,歯音,全清,ㅊ,歯音,次清,歯音,全清
548,604,招,zhāo,22667,81.5717213063,KYO,ショウ,s,hou,False,zh,ao,1,章宵三開,平,1,歯音,全清,ㄱ,牙音,全清,歯音,全清
549,605,宗,zōng,22667,81.5977007941,CONG,シュウ,s,huu,False,z,ong,1,精冬一開,平,1,歯音,全清,ㅈ,歯音,全清,歯音,全清
550,606,堂,táng,22662,81.6236745513,TANG,ドウ,d,ou,False,t,ang,2,定唐一開,平,1,舌音,全濁,ㄷ,舌音,全清,舌音,次清
551,607,野,yě,22636,81.6496185089,YA,ヤ,y,a,False,y,e,3,常魚三開,上,2,喉音,次濁,ㅇ,喉音,次濁,喉音,次濁
552,608,初,chū,22574,81.675491406,CHO,ショ,s,ho,False,ch,u,1,初魚三開,平,1,歯音,全清,ㅊ,歯音,次清,歯音,次清
553,609,府,fǔ,22544,81.7013299189,PWU,フ,f,u,False,f,u,3,幫虞三合,上,2,唇音,全清,ㅂ,唇音,全清,唇音,次清
554,610,激,jī,22497,81.7271145635,KYEK,ゲキ,g,eki,True,j,i,1,見蕭四開,去,3,牙音,全濁,ㄱ,牙音,全清,歯音,全清
555,611,雨,yǔ,22386,81.7527719868,WU,ウ,,u,False,y,u,3,云虞三合,上,2,喉音,次濁,ㅇ,喉音,次濁,喉音,次濁
556,612,尚,shàng,22359,81.7783984645,SANG,ショウ,s,hou,False,sh,ang,4,常陽三開,平,1,歯音,全清,ㅅ,歯音,全清,歯音,次清
557,613,伯,bó,22208,81.8806155485,PHAY,ハク,h,aku,True,b,o,2,幫庚二開,入,4,唇音,全清,ㅍ,唇音,次清,唇音,全清
558,614,伯,bó,22208,81.8806155485,PAYK,ハク,h,aku,True,b,o,2,幫庚二開,入,4,唇音,全清,ㅂ,唇音,全清,唇音,全清
559,615,沙,shā,22144,81.956822199,SA,サ,s,a,False,sh,a,1,生麻二開,平,1,歯音,全清,ㅅ,歯音,全清,歯音,次清
560,616,雪,xuě,22077,81.9821254659,SEL,セツ,s,etsu,True,x,ue,3,心仙三合,入,4,歯音,全清,ㅅ,歯音,全清,歯音,次清
561,617,板,bǎn,22068,82.0074184177,PHAN,ハン,h,an,False,b,an,3,幫刪二開,上,2,唇音,全清,ㅍ,唇音,次清,唇音,全清
562,618,致,zhì,22028,82.0831757825,CHI,チ,c,hi,True,zh,i,4,知脂三開,去,3,舌音,全清,ㅊ,歯音,次清,歯音,全清
563,619,春,chūn,21841,82.1332722855,CHWUN,シュン,s,hun,False,ch,un,1,昌諄三合,平,1,歯音,全清,ㅊ,歯音,次清,歯音,次清
564,620,基,jī,21766,82.1832094755,KI,キ,k,i,True,j,i,1,見之三開,平,1,牙音,全清,ㄱ,牙音,全清,歯音,全清
565,621,耳,ěr,21755,82.2330801895,I,ジ,j,i,False,,er,3,日之三開,上,2,歯音,全濁,ㅇ,喉音,次濁,喉音,次濁
566,622,婚,hūn,21712,82.2828775507,HON,コン,k,on,False,h,un,1,曉魂一合,平,1,牙音,全清,ㅎ,喉音,次清,牙音,次清
567,623,幸,xìng,21644,82.3076845404,HAYNG,コウ,k,ou,False,x,ing,4,匣耕二開,上,2,牙音,全清,ㅎ,喉音,次清,歯音,次清
568,624,味,wèi,21617,82.3324605844,MI,ミ,m,i,False,w,ei,4,明微三合,去,3,唇音,次濁,ㅁ,唇音,次濁,喉音,次濁
569,625,右,yòu,21597,82.3572137056,WU,ウ,,u,False,y,ou,4,云尤三開,上,2,喉音,次濁,ㅇ,喉音,次濁,喉音,次濁
570,626,演,yǎn,21553,82.4066569105,YEN,エン,,en,False,y,an,3,以仙三開,上,2,喉音,次濁,ㅇ,喉音,次濁,喉音,次濁
571,628,依,yī,21433,82.5050676735,UY,イ,,i,False,y,i,1,影微三開,平,1,喉音,次濁,ㅇ,喉音,次濁,喉音,次濁
572,629,庄,zhuāng,21387,82.5541120227,CANG,ショウ,s,hou,False,zh,uang,1,並耕二開,平,1,歯音,全清,ㅈ,歯音,全清,歯音,全清
573,630,炮,pào,21305,82.5785304719,PHO,ホウ,h,ou,False,p,ao,4,並肴二開,平,1,唇音,全清,ㅍ,唇音,次清,唇音,次清
574,631,亦,yì,21194,82.6028216999,YEK,エキ,,eki,True,y,i,4,以清三開,入,4,喉音,次濁,ㅇ,喉音,次濁,喉音,次濁
575,632,虎,hǔ,21148,82.6270602056,HO,コ,k,o,False,h,u,3,曉模一開,上,2,牙音,全清,ㅎ,喉音,次清,牙音,次清
576,633,州,zhōu,21059,82.6511967052,CWU,シュウ,s,huu,False,zh,ou,1,章尤三開,平,1,歯音,全清,ㅈ,歯音,全清,歯音,全清
577,634,刀,dāo,21018,82.6752862131,TO,トウ,t,ou,False,d,ao,1,端豪一開,平,1,舌音,全清,ㄷ,舌音,全清,舌音,全清
578,635,球,qiú,21009,82.6993654057,KWU,キュウ,k,yuu,False,q,iu,2,群尤三開,平,1,牙音,全清,ㄱ,牙音,全清,歯音,次清
579,636,需,xū,20969,82.7233987529,SWU,ジュ,j,u,False,x,u,1,心虞三合,平,1,歯音,全濁,ㅅ,歯音,全清,歯音,次清
580,637,兄,xiōng,20945,82.7474045928,HYENG,ケイ,k,ei,False,x,iong,1,曉庚三合,平,1,牙音,全清,ㅎ,喉音,次清,歯音,次清
581,638,否,fǒu,20901,82.8193052065,PI,ヒ,h,i,False,f,ou,3,並脂三開,上,2,唇音,全清,ㅂ,唇音,全清,唇音,次清
582,639,否,fǒu,20901,82.8193052065,PWU,ヒ,h,i,False,f,ou,3,並脂三開,上,2,唇音,全清,ㅂ,唇音,全清,唇音,次清
583,640,烈,liè,20816,82.8431631947,LYEL,レツ,r,etsu,True,l,ie,4,來仙三開,入,4,流音,次濁,ㄹ,流音,次濁,舌音,次濁
584,641,玩,wán,20809,82.8670131599,WAN,ガン,g,an,False,w,an,2,疑桓一合,去,3,牙音,全濁,ㅇ,喉音,次濁,喉音,次濁
585,642,逃,táo,20798,82.9146981907,TO,トウ,t,ou,False,t,ao,2,定豪一開,平,1,舌音,全清,ㄷ,舌音,全清,舌音,次清
586,643,排,pái,20751,82.93848168,PAY,ハイ,h,ai,False,p,ai,2,並皆二開,平,1,唇音,全清,ㅂ,唇音,全清,唇音,次清
587,644,弄,nòng,20702,82.9859787442,LONG,ロウ,r,ou,False,n,ong,4,來東一開,去,3,流音,次濁,ㄹ,流音,次濁,舌音,次濁
588,645,具,jù,20644,83.0096395969,KWU,グ,g,u,False,j,u,4,群虞三合,去,3,牙音,全濁,ㄱ,牙音,全清,歯音,全清
589,646,散,sàn,20630,83.0332844036,SAN,サン,s,an,False,s,an,4,心寒一開,上,2,歯音,全清,ㅅ,歯音,全清,歯音,次清
590,647,默,mò,20614,83.0569108721,MWUK,モク,m,oku,True,m,o,4,明登一開,入,4,唇音,次濁,ㅁ,唇音,次濁,唇音,次濁
591,648,景,jǐng,20612,83.0805350484,KYENG,ケイ,k,ei,False,j,ing,3,見庚三開,上,2,牙音,全清,ㄱ,牙音,全清,歯音,全清
592,649,景,jǐng,20612,83.0805350484,YENG,ケイ,k,ei,False,j,ing,3,見庚三開,上,2,牙音,全清,ㅇ,喉音,次濁,歯音,全清
593,650,洋,yáng,20583,83.1513330783,YANG,ヨウ,y,ou,False,y,ang,2,以陽三開,平,1,喉音,次濁,ㅇ,喉音,次濁,喉音,次濁
594,651,速,sù,20444,83.2218365509,SOK,ソク,s,oku,True,s,u,4,心東一開,入,4,歯音,全清,ㅅ,歯音,全清,歯音,次清
595,654,差,chā,20363,83.26858748,CHA,サ,s,a,False,ch,a,1,初支三開,平,1,歯音,全清,ㅊ,歯音,次清,歯音,次清
596,655,差,chā,20363,83.26858748,CHI,サ,s,a,False,ch,a,1,初支三開,平,1,歯音,全清,ㅊ,歯音,次清,歯音,次清
597,656,差,chà,20363,83.26858748,CHI,サ,s,a,False,ch,a,4,初支三開,平,1,歯音,全清,ㅊ,歯音,次清,歯音,次清
598,657,差,chà,20363,83.26858748,CHA,サ,s,a,False,ch,a,4,初支三開,平,1,歯音,全清,ㅊ,歯音,次清,歯音,次清
599,658,君,jūn,20343,83.3152192108,KWUN,クン,k,un,False,j,un,1,見文三合,平,1,牙音,全清,ㄱ,牙音,全清,歯音,全清
600,659,助,zhù,20287,83.385024686,CO,ジョ,j,o,False,zh,u,4,崇魚三開,去,3,歯音,全濁,ㅈ,歯音,全清,歯音,全清
601,660,恐,kǒng,20237,83.4082190609,KONG,キョウ,k,you,False,k,ong,3,溪鍾三開,上,2,牙音,全清,ㄱ,牙音,全清,牙音,次清
602,661,救,jiù,20181,83.4313492521,KWU,キュウ,k,yuu,False,j,iu,4,見尤三開,去,3,牙音,全清,ㄱ,牙音,全清,歯音,全清
603,662,湖,hú,20128,83.454418698,HO,コ,k,o,False,h,u,2,匣模一開,平,1,牙音,全清,ㅎ,喉音,次清,牙音,次清
604,663,莫,mò,20003,83.4773448769,MAK,バク,b,aku,True,m,o,4,明唐一開,入,4,唇音,全濁,ㅁ,唇音,次濁,唇音,次濁
605,664,莫,mò,20003,83.4773448769,MO,バク,b,aku,True,m,o,4,明唐一開,入,4,唇音,全濁,ㅁ,唇音,次濁,唇音,次濁
606,665,窗,chuāng,20002,83.5002699095,CHANG,ソウ,s,ou,False,ch,uang,1,初江二開,平,1,歯音,全清,ㅊ,歯音,次清,歯音,次清
607,666,封,fēng,19896,83.5688971559,PONG,フウ,f,uu,False,f,eng,1,幫鍾三開,平,1,唇音,全清,ㅂ,唇音,全清,唇音,次清
608,667,佛,fú,19870,83.5916708985,PWUL,フツ,f,utsu,True,f,u,2,並文三合,入,4,唇音,全清,ㅂ,唇音,全清,唇音,次清
609,668,佛,fú,19870,83.5916708985,PHIL,フツ,f,utsu,True,f,u,2,並文三合,入,4,唇音,全清,ㅍ,唇音,次清,唇音,次清
610,669,委,wěi,19870,83.6144446411,WI,イ,,i,False,w,ei,3,影支三合,平,1,喉音,次濁,ㅇ,喉音,次濁,喉音,次濁
611,671,印,yìn,19786,83.6598901201,KKUT,イン,,in,False,y,in,4,影眞三開,去,3,喉音,次濁,ㄲ,牙音,全濁,喉音,次濁
612,672,印,yìn,19786,83.6598901201,IN,イン,,in,False,y,in,4,影眞三開,去,3,喉音,次濁,ㅇ,喉音,次濁,喉音,次濁
613,674,妹,mèi,19775,83.7052198392,MAY,マイ,m,ai,False,m,ei,4,明灰一合,去,3,唇音,次濁,ㅁ,唇音,次濁,唇音,次濁
614,675,副,fù,19742,83.7278468763,POK,フク,f,uku,True,f,u,4,滂尤三開,去,3,唇音,全清,ㅂ,唇音,全清,唇音,次清
615,676,副,fù,19742,83.7278468763,PWU,フク,f,uku,True,f,u,4,滂尤三開,去,3,唇音,全清,ㅂ,唇音,全清,唇音,次清
616,678,洞,dòng,19722,83.7730700047,THONG,ドウ,d,ou,False,d,ong,4,定東一開,平,1,舌音,全濁,ㅌ,舌音,次清,舌音,全清
617,679,洞,dòng,19722,83.7730700047,TONG,ドウ,d,ou,False,d,ong,4,定東一開,平,1,舌音,全濁,ㄷ,舌音,全清,舌音,全清
618,680,永,yǒng,19670,83.7956145199,YENG,エイ,,ei,False,y,ong,3,云庚三合,上,2,喉音,次濁,ㅇ,喉音,次濁,喉音,次濁
619,681,罪,zuì,19653,83.8181395507,COY,ザイ,z,ai,False,z,ui,4,從灰一合,上,2,歯音,全濁,ㅈ,歯音,全清,歯音,全清
620,682,松,sōng,19648,83.8406588509,SONG,ショウ,s,hou,False,s,ong,1,邪鍾三開,平,1,歯音,全清,ㅅ,歯音,全清,歯音,次清
621,683,防,fáng,19524,83.9078431108,PANG,ボウ,b,ou,False,f,ang,2,並陽三合,平,1,唇音,全濁,ㅂ,唇音,全清,唇音,次清
622,684,班,bān,19453,83.9748199198,PAN,ハン,h,an,False,b,an,1,幫刪二開,平,1,唇音,全清,ㅂ,唇音,全清,唇音,全清
623,685,宋,sòng,19292,84.0413783889,SONG,ソウ,s,ou,False,s,ong,4,心冬一開,去,3,歯音,全清,ㅅ,歯音,全清,歯音,次清
624,686,靠,kào,19224,84.0634117269,KO,コウ,k,ou,False,k,ao,4,溪豪一開,去,3,牙音,全清,ㄱ,牙音,全清,牙音,次清
625,687,索,suǒ,19210,84.0854290191,SAK,サク,s,aku,True,s,uo,3,心唐一開,入,4,歯音,全清,ㅅ,歯音,全清,歯音,次清
626,688,索,suǒ,19210,84.0854290191,SAYK,サク,s,aku,True,s,uo,3,心唐一開,入,4,歯音,全清,ㅅ,歯音,全清,歯音,次清
627,691,介,jiè,19188,84.1294211963,KAY,カイ,k,ai,False,j,ie,4,見皆二開,去,3,牙音,全清,ㄱ,牙音,全清,歯音,全清
628,692,翻,fān,19187,84.1514121273,PEN,ホン,h,on,False,f,an,1,滂元三合,平,1,唇音,全清,ㅂ,唇音,全清,唇音,次清
629,693,喊,hǎn,19173,84.1733870124,HAM,カン,k,an,False,h,an,3,曉談一開,上,2,牙音,全清,ㅎ,喉音,次清,牙音,次清
630,694,秘,mì,19106,84.2172439455,PI,ヒ,h,i,False,m,i,4,幫脂三開,去,3,唇音,全清,ㅂ,唇音,全清,唇音,次濁
631,695,妻,qī,19084,84.2391168244,CHE,サイ,s,ai,False,q,i,1,清齊四開,平,1,歯音,全清,ㅊ,歯音,次清,歯音,次清
632,696,略,lüè,18993,84.3045555176,LYAK,リャク,r,yaku,True,l,üe,4,來陽三開,入,4,流音,次濁,ㄹ,流音,次濁,舌音,次濁
633,697,充,chōng,18992,84.3263229519,CHWUNG,ジュウ,j,uu,False,ch,ong,1,昌東三開,平,1,歯音,全濁,ㅊ,歯音,次清,歯音,次清
634,698,担,dān,18929,84.3697730063,TAN,タン,t,an,False,d,an,1,端寒一開,上,2,舌音,全清,ㄷ,舌音,全清,舌音,全清
635,699,某,mǒu,18889,84.3914223885,MO,ボウ,b,ou,False,m,ou,3,明侯一開,上,2,唇音,全濁,ㅁ,唇音,次濁,唇音,次濁
636,700,某,mǒu,18889,84.3914223885,MAY,ボウ,b,ou,False,m,ou,3,明侯一開,上,2,唇音,全濁,ㅁ,唇音,次濁,唇音,次濁
637,701,射,shè,18832,84.4346168544,SA,シャ,s,ha,False,sh,e,4,以麻三開,去,3,歯音,全清,ㅅ,歯音,全清,歯音,次清
638,702,射,shè,18832,84.4346168544,SEK,シャ,s,ha,False,sh,e,4,以麻三開,去,3,歯音,全清,ㅅ,歯音,全清,歯音,次清
639,703,魔,mó,18829,84.4561974683,MA,マ,m,a,False,m,o,2,明戈一合,平,1,唇音,次濁,ㅁ,唇音,次濁,唇音,次濁
640,704,遇,yù,18816,84.4777631825,WU,グウ,g,uu,False,y,u,4,疑虞三合,去,3,牙音,全濁,ㅇ,喉音,次濁,喉音,次濁
641,706,忘,wàng,18698,84.5850610919,MANG,ボウ,b,ou,False,w,ang,4,明陽三合,去,3,唇音,全濁,ㅁ,唇音,次濁,喉音,次濁
642,707,哭,kū,18602,84.6491748507,KOK,コク,k,oku,True,k,u,1,溪東一開,入,4,牙音,全清,ㄱ,牙音,全清,牙音,次清
643,708,抓,zhuā,18588,84.6917893712,CO,ソウ,s,ou,False,zh,ua,1,莊肴二開,平,1,歯音,全清,ㅈ,歯音,全清,歯音,全清
644,709,叶,yè,18559,84.7130605282,HYEP,キョウ,k,you,False,y,e,4,匣添四開,入,4,牙音,全清,ㅎ,喉音,次清,喉音,次濁
645,710,醒,xǐng,18494,84.7342571862,SENG,セイ,s,ei,False,x,ing,3,心青四開,平,1,歯音,全清,ㅅ,歯音,全清,歯音,次清
646,711,族,zú,18480,84.7554377984,CWU,ゾク,z,oku,True,z,u,2,從東一開,入,4,歯音,全濁,ㅈ,歯音,全清,歯音,全清
647,712,族,zú,18480,84.7554377984,COK,ゾク,z,oku,True,z,u,2,從東一開,入,4,歯音,全濁,ㅈ,歯音,全清,歯音,全清
648,713,床,chuáng,18465,84.797777246,SANG,ショウ,s,hou,False,ch,uang,2,崇陽三開,平,1,歯音,全清,ㅅ,歯音,全清,歯音,次清
649,716,境,jìng,18316,84.8609408572,KYENG,キョウ,k,you,False,j,ing,4,見庚三開,上,2,牙音,全清,ㄱ,牙音,全清,歯音,全清
650,717,列,liè,18309,84.8819254799,LYEL,レツ,r,etsu,True,l,ie,4,知虞三合,平,1,流音,次濁,ㄹ,流音,次濁,舌音,次濁
651,718,午,wǔ,18271,84.9028665494,O,ゴ,g,o,False,w,u,3,疑模一開,上,2,牙音,全濁,ㅇ,喉音,次濁,喉音,次濁
652,719,振,zhèn,18244,84.9237766732,CIN,シン,s,hin,False,zh,en,4,章眞三開,平,1,歯音,全清,ㅈ,歯音,全清,歯音,全清
653,720,抱,bào,18206,84.9446432438,PHO,ホウ,h,ou,False,b,ao,4,並豪一開,上,2,唇音,全清,ㅍ,唇音,次清,唇音,全清
654,721,毫,háo,18151,84.9862732327,HO,ゴウ,g,ou,False,h,ao,2,匣豪一開,平,1,牙音,全濁,ㅎ,喉音,次清,牙音,次清
655,722,店,diàn,18125,85.0070469662,CEM,テン,t,en,False,d,ian,4,端添四開,去,3,舌音,全清,ㅈ,歯音,全清,舌音,全清
656,723,街,jiē,18124,85.0278195535,KA,ガイ,g,ai,False,j,ie,1,見佳二開,平,1,牙音,全濁,ㄱ,牙音,全清,歯音,全清
657,724,怒,nù,18123,85.0485909947,NO,ド,d,o,False,n,u,4,泥模一開,上,2,舌音,全濁,ㄴ,舌音,次濁,舌音,次濁
658,726,置,zhì,17849,85.1102084671,CHI,チ,c,hi,True,zh,i,4,知之三開,去,3,舌音,全清,ㅊ,歯音,次清,歯音,全清
659,727,秋,qiū,17834,85.1306486747,CHWU,シュウ,s,huu,False,q,iu,1,清尤三開,平,1,歯音,全清,ㅊ,歯音,次清,歯音,次清
660,728,藏,cáng,17833,85.1510877362,CANG,ゾウ,z,ou,False,c,ang,2,從唐一開,平,1,歯音,全濁,ㅈ,歯音,全清,歯音,次清
661,729,划,huà,17746,85.1918615607,HWA,カ,k,a,False,h,ua,4,匣麻二合,平,1,牙音,全清,ㅎ,喉音,次清,牙音,次清
662,730,普,pǔ,17698,85.2121458937,PO,フ,f,u,False,p,u,3,滂模一開,上,2,唇音,全清,ㅂ,唇音,全清,唇音,次清
663,731,承,chéng,17575,85.27275935,SUNG,ショウ,s,hou,False,ch,eng,2,常蒸三開,平,1,歯音,全清,ㅅ,歯音,全清,歯音,次清
664,734,革,gé,17553,85.313002513,HYEK,カク,k,aku,True,g,e,2,見耕二開,入,4,牙音,全清,ㅎ,喉音,次清,牙音,全清
665,735,革,gé,17553,85.313002513,KUK,カク,k,aku,True,g,e,2,見耕二開,入,4,牙音,全清,ㄱ,牙音,全清,牙音,全清
666,736,忍,rěn,17453,85.3330060424,IN,ニン,n,in,False,r,en,3,日眞三開,上,2,舌音,次濁,ㅇ,喉音,次濁,歯音,次濁
667,737,伸,shēn,17425,85.35297748,SIN,シン,s,hin,False,sh,en,1,書眞三開,平,1,歯音,全清,ㅅ,歯音,全清,歯音,次清
668,738,份,fèn,17405,85.3729259949,PIN,ヒン,h,in,False,f,en,4,幫眞三開,平,1,唇音,全清,ㅂ,唇音,全清,唇音,次清
669,739,免,miǎn,17380,85.3928458563,MYEN,メン,m,en,False,m,ian,3,明仙三開,上,2,唇音,次濁,ㅁ,唇音,次濁,唇音,次濁
670,740,免,miǎn,17380,85.3928458563,MWUN,メン,m,en,False,m,ian,3,明仙三開,上,2,唇音,次濁,ㅁ,唇音,次濁,唇音,次濁
671,741,抗,kàng,17363,85.4326649486,HANG,コウ,k,ou,False,k,ang,4,匣唐一開,平,1,牙音,全清,ㅎ,喉音,次清,牙音,次清
672,742,猛,měng,17330,85.4525275032,MAYNG,モウ,m,ou,False,m,eng,3,明庚二開,上,2,唇音,次濁,ㅁ,唇音,次濁,唇音,次濁
673,743,园,yuán,17326,85.4723854732,WAN,ガン,g,an,False,y,uan,2,疑桓一合,平,1,牙音,全濁,ㅇ,喉音,次濁,喉音,次濁
674,744,犯,fàn,17287,85.5120131607,PEM,ハン,h,an,False,f,an,4,並凡三合,上,2,唇音,全清,ㅂ,唇音,全清,唇音,次清
675,745,食,shí,17279,85.5318172623,SIK,ショク,s,hoku,True,sh,i,2,以之三開,去,3,歯音,全清,ㅅ,歯音,全清,歯音,次清
676,746,食,shí,17279,85.5318172623,SA,ショク,s,hoku,True,sh,i,2,以之三開,去,3,歯音,全清,ㅅ,歯音,全清,歯音,次清
677,747,架,jià,17266,85.551606464,KA,カ,k,a,False,j,ia,4,見麻二開,去,3,牙音,全清,ㄱ,牙音,全清,歯音,全清
678,748,歌,gē,17216,85.591079423,KA,カ,k,a,False,g,e,1,見歌一開,平,1,牙音,全清,ㄱ,牙音,全清,牙音,全清
679,749,按,àn,17173,85.6107620341,AN,アン,,an,False,,an,4,影寒一開,去,3,喉音,次濁,ㅇ,喉音,次濁,喉音,次濁
680,750,按,àn,17173,85.6107620341,AL,アン,,an,False,,an,4,影寒一開,去,3,喉音,次濁,ㅇ,喉音,次濁,喉音,次濁
681,751,良,liáng,17082,85.6500092041,LYANG,リョウ,r,you,False,l,iang,2,來陽三開,平,1,流音,次濁,ㄹ,流音,次濁,舌音,次濁
682,753,属,shǔ,17010,85.7085424217,SOK,ゾク,z,oku,True,sh,u,3,章鍾三開,入,4,歯音,全濁,ㅅ,歯音,全清,歯音,次清
683,754,属,shǔ,17010,85.7085424217,CHOK,ゾク,z,oku,True,sh,u,3,章鍾三開,入,4,歯音,全濁,ㅊ,歯音,次清,歯音,次清
684,755,洛,luò,17004,85.7280313356,LAK,ラク,r,aku,True,l,uo,4,來唐一開,入,4,流音,次濁,ㄹ,流音,次濁,舌音,次濁
685,756,朱,zhū,16994,85.7475087881,CWU,シュ,s,hu,False,zh,u,1,章虞三合,平,1,歯音,全清,ㅈ,歯音,全清,歯音,全清
686,757,狂,kuáng,16990,85.7669816561,KWANG,キョウ,k,you,False,k,uang,2,群陽三合,平,1,牙音,全清,ㄱ,牙音,全清,牙音,次清
687,758,修,xiū,16978,85.7864407704,SWU,シュウ,s,huu,False,x,iu,1,心尤三開,平,1,歯音,全清,ㅅ,歯音,全清,歯音,次清
688,759,旅,lǚ,16916,85.8640686308,LYE,リョ,r,yo,False,l,ü,3,來魚三開,上,2,流音,次濁,ㄹ,流音,次濁,舌音,次濁
689,761,探,tàn,16849,85.9220482642,THAM,タン,t,an,False,t,an,4,透覃一開,平,1,舌音,全清,ㅌ,舌音,次清,舌音,次清
690,762,端,duān,16776,85.9605149149,TAN,タン,t,an,False,d,uan,1,端桓一合,平,1,舌音,全清,ㄷ,舌音,全清,舌音,全清
691,763,投,tóu,16741,85.9797023947,THWU,トウ,t,ou,False,t,ou,2,定侯一開,平,1,舌音,全清,ㅌ,舌音,次清,舌音,次清
692,764,麻,má,16408,86.0747641453,MA,マ,m,a,False,m,a,2,明麻二開,平,1,唇音,次濁,ㅁ,唇音,次濁,唇音,次濁
693,765,施,shī,16379,86.0935367236,SI,シ,s,hi,False,sh,i,1,書支三開,平,1,歯音,全清,ㅅ,歯音,全清,歯音,次清
694,766,施,shī,16379,86.0935367236,I,シ,s,hi,False,sh,i,1,書支三開,平,1,歯音,全清,ㅇ,喉音,次濁,歯音,次清
695,767,丈,zhàng,16371,86.1123001328,CANG,ジョウ,j,ou,False,zh,ang,4,澄陽三開,上,2,歯音,全濁,ㅈ,歯音,全清,歯音,全清
696,768,冰,bīng,16360,86.1310509344,PING,ヒョウ,h,you,False,b,ing,1,幫蒸三開,平,1,唇音,全清,ㅂ,唇音,全清,唇音,全清
697,769,雄,xióng,16360,86.1498017361,WUNG,ユウ,y,uu,False,x,iong,2,云東三開,平,1,喉音,次濁,ㅇ,喉音,次濁,歯音,次清
698,770,著,zhù,16322,86.1685089845,CE,チョ,c,ho,False,zh,u,4,澄魚三開,平,1,舌音,全清,ㅈ,歯音,全清,歯音,全清
699,771,著,zhù,16322,86.1685089845,CHAK,チョ,c,ho,False,zh,u,4,澄魚三開,平,1,舌音,全清,ㅊ,歯音,次清,歯音,全清
700,772,著,zhe,16322,86.1685089845,CHAK,チョ,c,ho,False,zh,e,5,澄魚三開,平,1,舌音,全清,ㅊ,歯音,次清,歯音,全清
701,773,著,zhe,16322,86.1685089845,CE,チョ,c,ho,False,zh,e,5,澄魚三開,平,1,舌音,全清,ㅈ,歯音,全清,歯音,全清
702,774,短,duǎn,16074,86.242775225,TAN,タン,t,an,False,d,uan,3,端桓一合,上,2,舌音,全清,ㄷ,舌音,全清,舌音,全清
703,775,模,mó,16036,86.2611546783,MO,モ,m,o,False,m,o,2,明模一開,平,1,唇音,次濁,ㅁ,唇音,次濁,唇音,次濁
704,776,川,chuān,15936,86.3527230032,CHEN,セン,s,en,False,ch,uan,1,昌仙三合,平,1,歯音,全清,ㅊ,歯音,次清,歯音,次清
705,777,毒,dú,15912,86.3709603355,TOK,ドク,d,oku,True,d,u,2,定冬一開,入,4,舌音,全濁,ㄷ,舌音,全清,舌音,全清
706,780,范,fàn,15835,86.443687314,PEM,ハン,h,an,False,f,an,4,並凡三合,上,2,唇音,全清,ㅂ,唇音,全清,唇音,次清
707,781,禁,jìn,15724,86.4617091725,KUM,キン,k,in,False,j,in,4,見侵三開,平,1,牙音,全清,ㄱ,牙音,全清,歯音,全清
708,782,富,fù,15696,86.4976978749,PWU,フ,f,u,False,f,u,4,幫尤三開,去,3,唇音,全清,ㅂ,唇音,全清,唇音,次清
709,783,秀,xiù,15684,86.5156738879,SWU,シュウ,s,huu,False,x,iu,4,心尤三開,去,3,歯音,全清,ㅅ,歯音,全清,歯音,次清
710,784,祖,zǔ,15673,86.5516110142,CO,ソ,s,o,False,z,u,3,精模一開,上,2,歯音,全清,ㅈ,歯音,全清,歯音,全清
711,785,梅,méi,15669,86.5695698352,MAY,バイ,b,ai,False,m,ei,2,明灰一合,平,1,唇音,全濁,ㅁ,唇音,次濁,唇音,次濁
712,786,谷,gǔ,15641,86.5874965643,KOK,コク,k,oku,True,g,u,3,見東一開,入,4,牙音,全清,ㄱ,牙音,全清,牙音,全清
713,787,谷,gǔ,15641,86.5874965643,YOK,コク,k,oku,True,g,u,3,見東一開,入,4,牙音,全清,ㅇ,喉音,次濁,牙音,全清
714,788,凡,fán,15635,86.6054164166,PEM,ボン,b,on,False,f,an,2,並凡三合,平,1,唇音,全濁,ㅂ,唇音,全清,唇音,次清
715,789,刺,cì,15614,86.6233122001,CHEK,シ,s,hi,False,c,i,4,清支三開,去,3,歯音,全清,ㅊ,歯音,次清,歯音,次清
716,790,刺,cì,15614,86.6233122001,CA,シ,s,hi,False,c,i,4,清支三開,去,3,歯音,全清,ㅈ,歯音,全清,歯音,次清
717,791,登,dēng,15614,86.6412079835,TUNG,トウ,t,ou,False,d,eng,1,端登一開,平,1,舌音,全清,ㄷ,舌音,全清,舌音,全清
718,792,奶,nǎi,15571,86.6769399512,NAY,ダイ,d,ai,False,n,ai,3,泥齊四開,上,2,舌音,全濁,ㄴ,舌音,次濁,舌音,次濁
719,793,姓,xìng,15476,86.7124839525,SENG,セイ,s,ei,False,x,ing,4,心清三開,去,3,歯音,全清,ㅅ,歯音,全清,歯音,次清
720,794,牛,niú,15458,86.7302009386,WU,ギュウ,g,yuu,False,n,iu,2,疑尤三開,平,1,牙音,全濁,ㅇ,喉音,次濁,舌音,次濁
721,795,价,jià,15456,86.7479156323,KAY,カイ,k,ai,False,j,ia,4,見皆二開,去,3,牙音,全清,ㄱ,牙音,全清,歯音,全清
722,796,篇,piān,15424,86.7833049051,PHYEN,ヘン,h,en,False,p,ian,1,滂仙三開,平,1,唇音,全清,ㅍ,唇音,次清,唇音,次清
723,797,婆,pó,15350,86.836152137,PHA,バ,b,a,False,p,o,2,並戈一合,平,1,唇音,全濁,ㅍ,唇音,次清,唇音,次清
724,798,仙,xiān,15347,86.8537419018,SEN,セン,s,en,False,x,ian,1,心仙三開,平,1,歯音,全清,ㅅ,歯音,全清,歯音,次清
725,799,舞,wǔ,15243,86.9062705076,MWU,ブ,b,u,False,w,u,3,明虞三合,上,2,唇音,全濁,ㅁ,唇音,次濁,喉音,次濁
726,800,狗,gǒu,15147,86.941029405,KWU,ク,k,u,True,g,ou,3,見侯一開,上,2,牙音,全清,ㄱ,牙音,全清,牙音,全清
727,801,占,zhàn,15127,86.9583670197,CEM,セン,s,en,False,zh,an,4,章鹽三開,平,1,歯音,全清,ㅈ,歯音,全清,歯音,全清
728,802,善,shàn,15110,86.9930032805,SEN,ゼン,z,en,False,sh,an,4,常仙三開,上,2,歯音,全濁,ㅅ,歯音,全清,歯音,次清
729,803,熟,shú,15076,87.0102824422,SWUK,ジュク,j,uku,True,sh,u,2,常東三開,入,4,歯音,全濁,ㅅ,歯音,全清,歯音,次清
730,804,肉,ròu,14979,87.0447009369,YU,ニク,n,iku,True,r,ou,4,日東三開,入,4,舌音,次濁,ㅇ,喉音,次濁,歯音,次濁
731,805,肉,ròu,14979,87.0447009369,YUK,ニク,n,iku,True,r,ou,4,日東三開,入,4,舌音,次濁,ㅇ,喉音,次濁,歯音,次濁
732,806,臣,chén,14976,87.0618654849,SIN,シン,s,hin,False,ch,en,2,常眞三開,平,1,歯音,全清,ㅅ,歯音,全清,歯音,次清
733,812,袋,dài,14843,87.1472102859,TAY,タイ,t,ai,False,d,ai,4,定咍一開,去,3,舌音,全清,ㄷ,舌音,全清,舌音,全清
734,813,唱,chàng,14802,87.164175406,CHANG,ショウ,s,hou,False,ch,ang,4,昌陽三開,去,3,歯音,全清,ㅊ,歯音,次清,歯音,次清
735,814,迷,mí,14753,87.19801854,MI,メイ,m,ei,False,m,i,2,明齊四開,平,1,唇音,次濁,ㅁ,唇音,次濁,唇音,次濁
736,815,替,tì,14751,87.2149252072,CHEY,タイ,t,ai,False,t,i,4,透齊四開,去,3,舌音,全清,ㅊ,歯音,次清,舌音,次清
737,816,巨,jù,14730,87.2487064497,KE,キョ,k,yo,False,j,u,4,群魚三開,上,2,牙音,全清,ㄱ,牙音,全清,歯音,全清
738,817,批,pī,14707,87.2993141298,PI,ヒ,h,i,False,p,i,1,滂齊四開,平,1,唇音,全清,ㅂ,唇音,全清,唇音,次清
739,818,批,pī,14707,87.2993141298,PYEL,ヒ,h,i,False,p,i,1,滂齊四開,平,1,唇音,全清,ㅂ,唇音,全清,唇音,次清
740,819,吸,xī,14649,87.3329429361,HUP,キュウ,k,yuu,False,x,i,1,曉侵三開,入,4,牙音,全清,ㅎ,喉音,次清,歯音,次清
741,820,森,sēn,14605,87.3496822673,SAM,シン,s,hin,False,s,en,1,生侵三開,平,1,歯音,全清,ㅅ,歯音,全清,歯音,次清
742,821,拍,pāi,14603,87.3664193062,PAK,ハク,h,aku,True,p,ai,1,滂庚二開,入,4,唇音,全清,ㅂ,唇音,全清,唇音,次清
743,822,握,wò,14573,87.3998463924,AK,アク,,aku,True,w,o,4,影江二開,入,4,喉音,次濁,ㅇ,喉音,次濁,喉音,次濁
744,823,伊,yī,14508,87.4164745483,I,イ,,i,False,y,i,1,影脂三開,平,1,喉音,次濁,ㅇ,喉音,次濁,喉音,次濁
745,824,杰,jié,14497,87.4330900967,KEL,ケツ,k,etsu,True,j,ie,2,群仙三開,入,4,牙音,全清,ㄱ,牙音,全清,歯音,全清
746,825,勒,lēi,14480,87.4496861607,LUK,ロク,r,oku,True,l,ei,1,來登一開,入,4,流音,次濁,ㄹ,流音,次濁,舌音,次濁
747,826,卷,juǎn,14426,87.4662203334,KWEN,カン,k,an,False,j,uan,3,群仙三合,平,1,牙音,全清,ㄱ,牙音,全清,歯音,全清
748,827,偷,tōu,14413,87.4827396063,THWU,チュウ,c,huu,False,t,ou,1,透侯一開,平,1,舌音,全清,ㅌ,舌音,次清,舌音,次清
749,828,奔,bēn,14399,87.4992428332,PWUN,ホン,h,on,False,b,en,1,幫魂一合,平,1,唇音,全清,ㅂ,唇音,全清,唇音,全清
750,829,省,shěng,14397,87.5157437679,SENG,セイ,s,ei,False,sh,eng,3,生庚三開,上,2,歯音,全清,ㅅ,歯音,全清,歯音,次清
751,830,省,shěng,14397,87.5157437679,SAYNG,セイ,s,ei,False,sh,eng,3,生庚三開,上,2,歯音,全清,ㅅ,歯音,全清,歯音,次清
752,831,危,wēi,14395,87.5487421989,WI,キ,k,i,True,w,ei,1,疑支三合,平,1,牙音,全清,ㅇ,喉音,次濁,喉音,次濁
753,832,付,fù,14389,87.5652339644,PWU,フ,f,u,False,f,u,4,幫虞三合,去,3,唇音,全清,ㅂ,唇音,全清,唇音,次清
754,833,休,xiū,14372,87.5981911345,HYU,キュウ,k,yuu,False,x,iu,1,曉尤三開,平,1,牙音,全清,ㅎ,喉音,次清,歯音,次清
755,834,迎,yíng,14299,87.6474819032,YENG,ゲイ,g,ei,False,y,ing,2,疑庚三開,平,1,牙音,全濁,ㅇ,喉音,次濁,喉音,次濁
756,835,恨,hèn,14262,87.680186923,HAN,コン,k,on,False,h,en,4,匣痕一開,去,3,牙音,全清,ㅎ,喉音,次清,牙音,次清
757,836,博,bó,14261,87.6965319831,PAK,ハク,h,aku,True,b,o,2,幫唐一合,入,4,唇音,全清,ㅂ,唇音,全清,唇音,全清
758,837,亡,wáng,14237,87.7128495358,MWU,ボウ,b,ou,False,w,ang,2,明陽三合,平,1,唇音,全濁,ㅁ,唇音,次濁,喉音,次濁
759,838,亡,wáng,14237,87.7128495358,MANG,ボウ,b,ou,False,w,ang,2,明陽三合,平,1,唇音,全濁,ㅁ,唇音,次濁,喉音,次濁
760,839,欲,yù,14231,87.7291602118,YOK,ヨク,y,oku,True,y,u,4,以鍾三開,入,4,喉音,次濁,ㅇ,喉音,次濁,喉音,次濁
761,840,悲,bēi,14208,87.7454445265,PI,ヒ,h,i,False,b,ei,1,幫脂三開,平,1,唇音,全清,ㅂ,唇音,全清,唇音,全清
762,841,宣,xuān,14205,87.7617254029,SEN,セン,s,en,False,x,uan,1,心仙三合,平,1,歯音,全清,ㅅ,歯音,全清,歯音,次清
763,842,岸,àn,14155,87.8104935331,AN,ガン,g,an,False,,an,4,疑寒一開,去,3,牙音,全濁,ㅇ,喉音,次濁,喉音,次濁
764,843,股,gǔ,13994,87.842638092,KO,コ,k,o,False,g,u,3,見模一開,上,2,牙音,全清,ㄱ,牙音,全清,牙音,全清
765,844,迹,jì,13963,87.8586416032,CEK,セキ,s,eki,True,j,i,4,精清三開,入,4,歯音,全清,ㅈ,歯音,全清,歯音,全清
766,845,蒙,méng,13876,87.9064836547,MONG,モウ,m,ou,False,m,eng,2,明東一開,平,1,唇音,次濁,ㅁ,唇音,次濁,唇音,次濁
767,847,趣,qù,13840,87.93824655,CHWUK,シュ,s,hu,False,q,u,4,清侯一開,上,2,歯音,全清,ㅊ,歯音,次清,歯音,次清
768,848,趣,qù,13840,87.93824655,CHWI,シュ,s,hu,False,q,u,4,清侯一開,上,2,歯音,全清,ㅊ,歯音,次清,歯音,次清
769,849,采,cǎi,13833,87.9541010634,CHAY,サイ,s,ai,False,c,ai,3,清咍一開,上,2,歯音,全清,ㅊ,歯音,次清,歯音,次清
770,852,借,jiè,13752,88.0014835139,CHA,シャク,s,haku,True,j,ie,4,精麻三開,去,3,歯音,全清,ㅊ,歯音,次清,歯音,全清
771,853,借,jiè,13752,88.0014835139,CEK,シャク,s,haku,True,j,ie,4,精麻三開,去,3,歯音,全清,ㅈ,歯音,全清,歯音,全清
772,854,宁,níng,13736,88.017226852,CE,チョ,c,ho,False,n,ing,2,澄魚三開,平,1,舌音,全清,ㅈ,歯音,全清,舌音,次濁
773,855,夏,xià,13698,88.0486424677,HA,カ,k,a,False,x,ia,4,匣麻二開,上,2,牙音,全清,ㅎ,喉音,次清,歯音,次清
774,856,凶,xiōng,13666,88.0643055763,HYUNG,キョウ,k,you,False,x,iong,1,曉鍾三開,平,1,牙音,全清,ㅎ,喉音,次清,歯音,次清
775,857,素,sù,13561,88.0798483404,SO,ソ,s,o,False,s,u,4,心模一開,去,3,歯音,全清,ㅅ,歯音,全清,歯音,次清
776,858,研,yán,13534,88.0953601588,YEN,ケン,k,en,False,y,an,2,疑先四開,去,3,牙音,全清,ㅇ,喉音,次濁,喉音,次濁
777,859,庭,tíng,13485,88.126286374,CENG,テイ,t,ei,False,t,ing,2,定青四開,平,1,舌音,全清,ㅈ,歯音,全清,舌音,次清
778,860,珠,zhū,13485,88.1417420318,CWU,シュ,s,hu,False,zh,u,1,章虞三合,平,1,歯音,全清,ㅈ,歯音,全清,歯音,全清
779,861,抬,tái,13451,88.1725799944,THAY,チ,c,hi,True,t,ai,2,定咍一開,平,1,舌音,全清,ㅌ,舌音,次清,舌音,次清
780,862,油,yóu,13436,88.1879794914,YU,ユ,y,u,False,y,ou,2,以尤三開,平,1,喉音,次濁,ㅇ,喉音,次濁,喉音,次濁
781,863,震,zhèn,13416,88.2033560657,CIN,シン,s,hin,False,zh,en,4,章眞三開,去,3,歯音,全清,ㅈ,歯音,全清,歯音,全清
782,864,缺,quē,13369,88.2647156572,KYEL,ケチ,k,echi,True,q,ue,1,溪先四合,入,4,牙音,全清,ㄱ,牙音,全清,歯音,次清
783,865,摸,mō,13338,88.2800028328,MO,モ,m,o,False,m,o,1,明模一開,平,1,唇音,次濁,ㅁ,唇音,次濁,唇音,次濁
784,867,折,zhé,13256,88.3256947312,CEY,セツ,s,etsu,True,zh,e,2,定齊四開,平,1,歯音,全清,ㅈ,歯音,全清,歯音,全清
785,868,折,zhé,13256,88.3256947312,CEL,セツ,s,etsu,True,zh,e,2,定齊四開,平,1,歯音,全清,ㅈ,歯音,全清,歯音,全清
786,869,寒,hán,13236,88.3408650008,HAN,カン,k,an,False,h,an,2,匣寒一開,平,1,牙音,全清,ㅎ,喉音,次清,牙音,次清
787,870,困,kùn,13210,88.3711528177,KON,コン,k,on,False,k,un,4,溪魂一合,去,3,牙音,全清,ㄱ,牙音,全清,牙音,次清
788,871,透,tòu,13208,88.3862909955,THWU,トウ,t,ou,False,t,ou,4,透侯一開,去,3,舌音,全清,ㅌ,舌音,次清,舌音,次清
789,872,淡,dàn,13195,88.4014142735,TAM,タン,t,an,False,d,an,4,定談一開,平,1,舌音,全清,ㄷ,舌音,全清,舌音,全清
790,873,律,lǜ,13195,88.4165375515,LYUL,リツ,r,itsu,True,l,ü,4,來諄三合,入,4,流音,次濁,ㄹ,流音,次濁,舌音,次濁
791,874,避,bì,13123,88.4315783076,PHI,ヒ,h,i,False,b,i,4,並支三開,去,3,唇音,全清,ㅍ,唇音,次清,唇音,全清
792,875,骨,gǔ,13114,88.4466087485,KOL,コツ,k,otsu,True,g,u,3,見魂一合,入,4,牙音,全清,ㄱ,牙音,全清,牙音,全清
793,876,叔,shū,13110,88.4616346048,SWUK,シュク,s,huku,True,sh,u,1,書東三開,入,4,歯音,全清,ㅅ,歯音,全清,歯音,次清
794,877,智,zhì,13073,88.4766180541,CI,チ,c,hi,True,zh,i,4,知支三開,去,3,舌音,全清,ㅈ,歯音,全清,歯音,全清
795,878,暴,bào,13025,88.4915464888,PHOK,ボウ,b,ou,False,b,ao,4,並豪一開,去,3,唇音,全濁,ㅍ,唇音,次清,唇音,全清
796,879,暴,bào,13025,88.4915464888,PHO,ボウ,b,ou,False,b,ao,4,並豪一開,去,3,唇音,全濁,ㅍ,唇音,次清,唇音,全清
797,880,眉,méi,13002,88.5064485623,MI,ビ,b,i,False,m,ei,2,明脂三開,平,1,唇音,全濁,ㅁ,唇音,次濁,唇音,次濁
798,881,腿,tuǐ,12994,88.5213414667,THOY,タイ,t,ai,False,t,ui,3,透灰一合,上,2,舌音,全清,ㅌ,舌音,次清,舌音,次清
799,882,仿,fǎng,12974,88.5362114484,PANG,ホウ,h,ou,False,f,ang,3,滂陽三合,上,2,唇音,全清,ㅂ,唇音,全清,唇音,次清
800,883,拜,bài,12968,88.5510745533,PAY,ヘ,h,e,False,b,ai,4,幫皆二開,去,3,唇音,全清,ㅂ,唇音,全清,唇音,全清
801,884,曲,qū,12958,88.5659261968,KOK,キョク,k,yoku,True,q,u,1,溪鍾三開,入,4,牙音,全清,ㄱ,牙音,全清,歯音,次清
802,885,妙,miào,12869,88.6102255388,MYO,ミョウ,m,you,False,m,iao,4,明宵三開,去,3,唇音,次濁,ㅁ,唇音,次濁,唇音,次濁
803,886,适,shì,12865,88.6249705916,KWAL,カツ,k,atsu,True,sh,i,4,見桓一合,入,4,牙音,全清,ㄱ,牙音,全清,歯音,次清
804,887,适,kuò,12865,88.6249705916,KWAL,カツ,k,atsu,True,k,uo,4,見桓一合,入,4,牙音,全清,ㄱ,牙音,全清,牙音,次清
805,888,牙,yá,12839,88.6544068286,A,ガ,g,a,False,y,a,2,疑麻二開,平,1,牙音,全濁,ㅇ,喉音,次濁,喉音,次濁
806,889,判,pàn,12817,88.6690968668,PHAN,ハン,h,an,False,p,an,4,滂桓一合,去,3,唇音,全清,ㅍ,唇音,次清,唇音,次清
807,890,勇,yǒng,12805,88.6837731514,YONG,ユウ,y,uu,False,y,ong,3,以鍾三開,上,2,喉音,次濁,ㅇ,喉音,次濁,喉音,次濁
808,891,征,zhēng,12779,88.6984196364,CENG,セイ,s,ei,False,zh,eng,1,章清三開,平,1,歯音,全清,ㅈ,歯音,全清,歯音,全清
809,892,固,gù,12739,88.7130202759,KO,コ,k,o,False,g,u,4,見模一開,去,3,牙音,全清,ㄱ,牙音,全清,牙音,全清
810,893,敬,jìng,12718,88.7275968465,KYENG,ケイ,k,ei,False,j,ing,4,見庚三開,去,3,牙音,全清,ㄱ,牙音,全清,歯音,全清
811,894,灰,huī,12692,88.7421436175,HOY,カイ,k,ai,False,h,ui,1,曉灰一合,平,1,牙音,全清,ㅎ,喉音,次清,牙音,次清
812,895,附,fù,12666,88.756660589,PWU,フ,f,u,False,f,u,4,並虞三合,去,3,唇音,全清,ㅂ,唇音,全清,唇音,次清
813,896,降,jiàng,12631,88.7711374457,KANG,コウ,k,ou,False,j,iang,4,匣江二開,平,1,牙音,全清,ㄱ,牙音,全清,歯音,全清
814,897,降,jiàng,12631,88.7711374457,HANG,コウ,k,ou,False,j,iang,4,匣江二開,平,1,牙音,全清,ㅎ,喉音,次清,歯音,全清
815,898,例,lì,12628,88.785610864,LYEY,レイ,r,ei,False,l,i,4,來祭三開,去,3,流音,次濁,ㄹ,流音,次濁,舌音,次濁
816,899,抽,chōu,12623,88.8000785516,CHWU,チュウ,c,huu,False,ch,ou,1,徹尤三開,平,1,舌音,全清,ㅊ,歯音,次清,歯音,次清
817,900,套,tào,12603,88.8145233165,THWU,トウ,t,ou,False,t,ao,4,透豪一開,上,2,舌音,全清,ㅌ,舌音,次清,舌音,次清
818,901,套,tào,12603,88.8145233165,THO,トウ,t,ou,False,t,ao,4,透豪一開,上,2,舌音,全清,ㅌ,舌音,次清,舌音,次清
819,902,戴,dài,12567,88.8289268204,TAY,タイ,t,ai,False,d,ai,4,端咍一開,去,3,舌音,全清,ㄷ,舌音,全清,舌音,全清
820,903,巧,qiǎo,12541,88.8433005248,KYO,コウ,k,ou,False,q,iao,3,溪肴二開,上,2,牙音,全清,ㄱ,牙音,全清,歯音,次清
821,904,束,shù,12539,88.8576719369,SOK,ソク,s,oku,True,sh,u,4,書鍾三開,入,4,歯音,全清,ㅅ,歯音,全清,歯音,次清
822,905,徐,xú,12525,88.9007632505,SE,ジョ,j,o,False,x,u,2,邪魚三開,平,1,歯音,全濁,ㅅ,歯音,全清,歯音,次清
823,908,迅,xùn,12491,88.9437388042,SIN,ジン,j,in,False,x,un,4,心眞三開,去,3,歯音,全濁,ㅅ,歯音,全清,歯音,次清
824,909,茶,chá,12478,88.9580403019,CHA,チャ,c,ha,False,ch,a,2,澄麻二開,平,1,舌音,全清,ㅊ,歯音,次清,歯音,次清
825,910,茶,chá,12478,88.9580403019,TA,チャ,c,ha,False,ch,a,2,澄麻二開,平,1,舌音,全清,ㄷ,舌音,全清,歯音,次清
826,911,塔,tǎ,12465,88.9723268999,THAP,トウ,t,ou,False,t,a,3,透談一開,入,4,舌音,全清,ㅌ,舌音,次清,舌音,次清
827,912,挂,guà,12459,88.986606621,KWAY,カイ,k,ai,False,g,ua,4,見佳二合,去,3,牙音,全清,ㄱ,牙音,全清,牙音,全清
828,913,升,shēng,12423,89.0008450812,SUNG,ショウ,s,hou,False,sh,eng,1,書蒸三開,平,1,歯音,全清,ㅅ,歯音,全清,歯音,次清
829,914,弱,ruò,12359,89.0150101886,YAK,ジャク,j,aku,True,r,uo,4,日陽三開,入,4,歯音,全濁,ㅇ,喉音,次濁,歯音,次濁
830,915,悄,qiāo,12323,89.0574287198,CHO,ショウ,s,hou,False,q,iao,1,清宵三開,上,2,歯音,全清,ㅊ,歯音,次清,歯音,次清
831,916,尖,jiān,12235,89.0714517062,CHEM,セン,s,en,False,j,ian,1,精鹽三開,平,1,歯音,全清,ㅊ,歯音,次清,歯音,全清
832,917,遍,biàn,12225,89.0854632313,PHYEN,ヘン,h,en,False,b,ian,4,幫先四開,去,3,唇音,全清,ㅍ,唇音,次清,唇音,全清
833,918,郎,láng,12219,89.0994678795,LANG,ロウ,r,ou,False,l,ang,2,來唐一開,平,1,流音,次濁,ㄹ,流音,次濁,舌音,次濁
834,919,虚,xū,12212,89.1134645048,HE,キョ,k,yo,False,x,u,1,曉魚三開,平,1,牙音,全清,ㅎ,喉音,次清,歯音,次清
835,920,丁,dīng,12190,89.1414222252,CENG,チョウ,c,hou,False,d,ing,1,知耕二開,平,1,舌音,全清,ㅈ,歯音,全清,舌音,全清
836,921,彩,cǎi,12146,89.1553432054,CHAY,サイ,s,ai,False,c,ai,3,清咍一開,上,2,歯音,全清,ㅊ,歯音,次清,歯音,次清
837,922,孤,gū,12144,89.1692618934,KO,コ,k,o,False,g,u,1,見模一開,平,1,牙音,全清,ㄱ,牙音,全清,牙音,全清
838,923,浪,làng,12125,89.1831588047,LANG,ロウ,r,ou,False,l,ang,4,來唐一開,平,1,流音,次濁,ㄹ,流音,次濁,舌音,次濁
839,924,迫,pò,12119,89.1970488393,PAK,ハク,h,aku,True,p,o,4,幫庚二開,入,4,唇音,全清,ㅂ,唇音,全清,唇音,次清
840,925,鼓,gǔ,12102,89.2109193895,KO,コ,k,o,False,g,u,3,見模一開,上,2,牙音,全清,ㄱ,牙音,全清,牙音,全清
841,926,超,chāo,12077,89.2247612863,CHO,チョウ,c,hou,False,ch,ao,1,徹宵三開,平,1,舌音,全清,ㅊ,歯音,次清,歯音,次清
842,927,胸,xiōng,12076,89.238602037,HYUNG,キョウ,k,you,False,x,iong,1,曉鍾三開,平,1,牙音,全清,ㅎ,喉音,次清,歯音,次清
843,928,席,xí,12061,89.2662571771,SEK,セキ,s,eki,True,x,i,2,邪清三開,入,4,歯音,全清,ㅅ,歯音,全清,歯音,次清
844,929,移,yí,12047,89.2800646898,I,イ,,i,False,y,i,2,以支三開,平,1,喉音,次濁,ㅇ,喉音,次濁,喉音,次濁
845,930,洗,xǐ,12034,89.2938573027,SEY,セン,s,en,False,x,i,3,心齊四開,上,2,歯音,全清,ㅅ,歯音,全清,歯音,次清
846,931,洗,xǐ,12034,89.2938573027,SEN,セン,s,en,False,x,i,3,心齊四開,上,2,歯音,全清,ㅅ,歯音,全清,歯音,次清
847,932,珍,zhēn,12031,89.3076464772,CIN,チン,c,hin,False,zh,en,1,知眞三開,平,1,舌音,全清,ㅈ,歯音,全清,歯音,全清
848,933,奥,ào,12029,89.3214333594,WUK,オウ,,ou,False,,ao,4,影豪一開,去,3,喉音,次濁,ㅇ,喉音,次濁,喉音,次濁
849,934,奥,ào,12029,89.3214333594,O,オウ,,ou,False,,ao,4,影豪一開,去,3,喉音,次濁,ㅇ,喉音,次濁,喉音,次濁
850,935,塞,sāi,12002,89.3351892959,SAY,サイ,s,ai,False,s,ai,1,心咍一開,去,3,歯音,全清,ㅅ,歯音,全清,歯音,次清
851,936,塞,sāi,12002,89.3351892959,SAYK,サイ,s,ai,False,s,ai,1,心咍一開,去,3,歯音,全清,ㅅ,歯音,全清,歯音,次清
852,937,肩,jiān,11995,89.3489372095,KYEN,ケン,k,en,False,j,ian,1,見先四開,平,1,牙音,全清,ㄱ,牙音,全清,歯音,全清
853,938,授,shòu,11961,89.3626461544,SWU,ジュ,j,u,False,sh,ou,4,常尤三開,去,3,歯音,全濁,ㅅ,歯音,全清,歯音,次清
854,940,冒,mào,11927,89.3899883991,MOK,ボウ,b,ou,False,m,ao,4,明豪一開,去,3,唇音,全濁,ㅁ,唇音,次濁,唇音,次濁
855,941,冒,mào,11927,89.3899883991,MO,ボウ,b,ou,False,m,ao,4,明豪一開,去,3,唇音,全濁,ㅁ,唇音,次濁,唇音,次濁
856,942,厚,hòu,11898,89.4036251374,HWU,コウ,k,ou,False,h,ou,4,匣侯一開,上,2,牙音,全清,ㅎ,喉音,次清,牙音,次清
857,944,徒,tú,11872,89.444458561,TO,ト,t,o,False,t,u,2,定模一開,平,1,舌音,全清,ㄷ,舌音,全清,舌音,次清
858,945,康,kāng,11800,89.4850627572,KANG,コウ,k,ou,False,k,ang,1,溪唐一開,平,1,牙音,全清,ㄱ,牙音,全清,牙音,次清
859,946,育,yù,11798,89.4985848818,YUK,イク,,iku,True,y,u,4,以東三開,入,4,喉音,次濁,ㅇ,喉音,次濁,喉音,次濁
860,947,杯,bēi,11734,89.5389907963,PAY,ハイ,h,ai,False,b,ei,1,幫灰一合,平,1,唇音,全清,ㅂ,唇音,全清,唇音,全清
861,948,姆,mǔ,11729,89.5524338374,MO,ボ,b,o,False,m,u,3,明侯一開,去,3,唇音,全濁,ㅁ,唇音,次濁,唇音,次濁
862,949,杜,dù,11723,89.5793107506,TWU,ト,t,o,False,d,u,4,定模一開,上,2,舌音,全清,ㄷ,舌音,全清,舌音,全清
863,950,秦,qín,11701,89.5927216998,CIN,シン,s,hin,False,q,in,2,從眞三開,平,1,歯音,全清,ㅈ,歯音,全清,歯音,次清
864,951,尊,zūn,11699,89.6061303568,CON,ソン,s,on,False,z,un,1,精魂一合,平,1,歯音,全清,ㅈ,歯音,全清,歯音,全清
865,952,尊,zūn,11699,89.6061303568,CWUN,ソン,s,on,False,z,un,1,精魂一合,平,1,歯音,全清,ㅈ,歯音,全清,歯音,全清
866,953,吹,chuī,11632,89.6194622227,CHWI,スイ,s,ui,False,ch,ui,1,昌支三合,平,1,歯音,全清,ㅊ,歯音,次清,歯音,次清
867,954,述,shù,11555,89.6459712258,SWUL,ジュツ,j,utsu,True,sh,u,4,船諄三合,入,4,歯音,全濁,ㅅ,歯音,全清,歯音,次清
868,955,挺,tǐng,11525,89.6856390281,CENG,テイ,t,ei,False,t,ing,3,定青四開,平,1,舌音,全清,ㅈ,歯音,全清,舌音,次清
869,956,遭,zāo,11495,89.6988138731,CO,ソウ,s,ou,False,z,ao,1,精豪一開,平,1,歯音,全清,ㅈ,歯音,全清,歯音,全清
870,957,摩,mó,11469,89.7251303252,MA,マ,m,a,False,m,o,2,明戈一合,平,1,唇音,次濁,ㅁ,唇音,次濁,唇音,次濁
871,958,率,lǜ,11417,89.7513298714,LYUL,ソツ,s,otsu,True,l,ü,4,生脂三合,去,3,歯音,全清,ㄹ,流音,次濁,舌音,次濁
872,959,率,lǜ,11417,89.7513298714,SOL,ソツ,s,otsu,True,l,ü,4,生脂三合,去,3,歯音,全清,ㅅ,歯音,全清,舌音,次濁
873,960,羊,yáng,11416,89.7644141716,YANG,ヨウ,y,ou,False,y,ang,2,以陽三開,平,1,喉音,次濁,ㅇ,喉音,次濁,喉音,次濁
874,961,雅,yǎ,11383,89.7774606493,A,ガ,g,a,False,y,a,3,疑麻二開,上,2,牙音,全濁,ㅇ,喉音,次濁,喉音,次濁
875,962,魂,hún,11379,89.7905025425,HON,コン,k,on,False,h,un,2,匣魂一合,平,1,牙音,全清,ㅎ,喉音,次清,牙音,次清
876,963,硬,yìng,11347,89.8165152683,KYENG,コウ,k,ou,False,y,ing,4,疑耕二開,去,3,牙音,全清,ㄱ,牙音,全清,喉音,次濁
877,964,糊,hú,11305,89.8294723473,HO,コ,k,o,False,h,u,2,匣模一開,平,1,牙音,全清,ㅎ,喉音,次清,牙音,次清
878,965,扑,pū,11235,89.8682117786,POK,ボク,b,oku,True,p,u,1,滂東一開,入,4,唇音,全濁,ㅂ,唇音,全清,唇音,次清
879,966,菜,cài,11232,89.8810851896,CHAY,サイ,s,ai,False,c,ai,4,清咍一開,去,3,歯音,全清,ㅊ,歯音,次清,歯音,次清
880,967,供,gōng,11213,89.893936824,KONG,キョウ,k,you,False,g,ong,1,見鍾三開,平,1,牙音,全清,ㄱ,牙音,全清,牙音,全清
881,968,爬,pá,11210,89.90678502,PHA,ハ,h,a,False,p,a,2,並麻二開,平,1,唇音,全清,ㅍ,唇音,次清,唇音,次清
882,969,宇,yǔ,11135,89.9195472557,WU,ウ,,u,False,y,u,3,云虞三合,上,2,喉音,次濁,ㅇ,喉音,次濁,喉音,次濁
883,970,壁,bì,11129,89.9323026146,PYEK,ヘキ,h,eki,True,b,i,4,幫青四開,入,4,唇音,全清,ㅂ,唇音,全清,唇音,全清
884,971,盛,shèng,11109,89.9450350508,SENG,セイ,s,ei,False,sh,eng,4,常清三開,平,1,歯音,全清,ㅅ,歯音,全清,歯音,次清
885,972,坦,tǎn,10990,90.0336119581,THAN,タン,t,an,False,t,an,3,透寒一開,上,2,舌音,全清,ㅌ,舌音,次清,舌音,次清
886,973,乘,chéng,10964,90.0587662273,SUNG,ジョウ,j,ou,False,ch,eng,2,船蒸三開,平,1,歯音,全濁,ㅅ,歯音,全清,歯音,次清
887,974,孔,kǒng,10924,90.0712866281,KONG,コウ,k,ou,False,k,ong,3,溪東一開,上,2,牙音,全清,ㄱ,牙音,全清,牙音,次清
888,975,配,pèi,10924,90.0838070289,PAY,ハイ,h,ai,False,p,ei,4,滂灰一合,去,3,唇音,全清,ㅂ,唇音,全清,唇音,次清
889,976,舍,shě,10910,90.0963113838,SA,シャ,s,ha,False,sh,e,3,書麻三開,上,2,歯音,全清,ㅅ,歯音,全清,歯音,次清
890,977,舍,shè,10910,90.0963113838,SA,シャ,s,ha,False,sh,e,4,書麻三開,上,2,歯音,全清,ㅅ,歯音,全清,歯音,次清
891,979,伏,fú,10794,90.1584537869,PWU,フク,f,uku,True,f,u,2,並尤三開,去,3,唇音,全清,ㅂ,唇音,全清,唇音,次清
892,980,伏,fú,10794,90.1584537869,POK,フク,f,uku,True,f,u,2,並尤三開,去,3,唇音,全清,ㅂ,唇音,全清,唇音,次清
893,981,伏,fú,10794,90.1584537869,PWUK,フク,f,uku,True,f,u,2,並尤三開,去,3,唇音,全清,ㅂ,唇音,全清,唇音,次清
894,982,尤,yóu,10740,90.1831129249,WU,ユウ,y,uu,False,y,ou,2,云尤三開,平,1,喉音,次濁,ㅇ,喉音,次濁,喉音,次濁
895,983,混,hùn,10733,90.2077181944,HON,コン,k,on,False,h,un,4,匣魂一合,上,2,牙音,全清,ㅎ,喉音,次清,牙音,次清
896,984,混,hùn,10733,90.2077181944,KON,コン,k,on,False,h,un,4,匣魂一合,上,2,牙音,全清,ㄱ,牙音,全清,牙音,次清
897,985,沿,yán,10724,90.2200093678,YEN,エン,,en,False,y,an,2,以仙三合,平,1,喉音,次濁,ㅇ,喉音,次濁,喉音,次濁
898,986,堆,duī,10703,90.2322764724,THOY,タイ,t,ai,False,d,ui,1,端灰一合,平,1,舌音,全清,ㅌ,舌音,次清,舌音,全清
899,987,艾,ài,10597,90.2689150345,AY,ガイ,g,ai,False,,ai,4,疑泰一開,去,3,牙音,全濁,ㅇ,喉音,次濁,喉音,次濁
900,988,尸,shī,10564,90.3052762315,SI,シ,s,hi,False,sh,i,1,書脂三開,平,1,歯音,全清,ㅅ,歯音,全清,歯音,次清
901,989,材,cái,10561,90.3173805845,CAY,ザイ,z,ai,False,c,ai,2,從咍一開,平,1,歯音,全濁,ㅈ,歯音,全清,歯音,次清
902,990,柳,liǔ,10560,90.3294837915,LYU,リュウ,r,yuu,False,l,iu,3,來尤三開,上,2,流音,次濁,ㄹ,流音,次濁,舌音,次濁
903,991,策,cè,10526,90.3536260217,CHAYK,サク,s,aku,True,c,e,4,初耕二開,入,4,歯音,全清,ㅊ,歯音,次清,歯音,次清
904,993,增,zēng,10491,90.3777006298,CUNG,ゾウ,z,ou,False,z,eng,1,精登一開,平,1,歯音,全濁,ㅈ,歯音,全清,歯音,全清
905,994,仁,rén,10485,90.3897178764,IN,ジン,j,in,False,r,en,2,日眞三開,平,1,歯音,全濁,ㅇ,喉音,次濁,歯音,次濁
906,995,偏,piān,10461,90.4017076158,PHYEN,ヘン,h,en,False,p,ian,1,滂仙三開,平,1,唇音,全清,ㅍ,唇音,次清,唇音,次清
907,996,忠,zhōng,10455,90.4256802177,CHWUNG,チュウ,c,huu,False,zh,ong,1,知東三開,平,1,舌音,全清,ㅊ,歯音,次清,歯音,全清
908,997,唯,wéi,10450,90.4376573496,YU,ユイ,y,ui,False,w,ei,2,以脂三合,平,1,喉音,次濁,ㅇ,喉音,次濁,喉音,次濁
909,998,荒,huāng,10401,90.4495783207,HWANG,コウ,k,ou,False,h,uang,1,曉唐一合,平,1,牙音,全清,ㅎ,喉音,次清,牙音,次清
910,999,圈,quān,10366,90.4733778559,KWEN,ケン,k,en,False,q,uan,1,群元三合,上,2,牙音,全清,ㄱ,牙音,全清,歯音,次清
911,1000,私,sī,10364,90.48525642,SA,シ,s,hi,False,s,i,1,心脂三開,平,1,歯音,全清,ㅅ,歯音,全清,歯音,次清
912,1001,腰,yāo,10354,90.4971235227,YO,ヨウ,y,ou,False,y,ao,1,影宵三開,平,1,喉音,次濁,ㅇ,喉音,次濁,喉音,次濁
913,1002,晨,chén,10351,90.508987187,SIN,シン,s,hin,False,ch,en,2,常眞三開,平,1,歯音,全清,ㅅ,歯音,全清,歯音,次清
914,1003,效,xiào,10346,90.5327030542,HYO,コウ,k,ou,False,x,iao,4,匣肴二開,去,3,牙音,全清,ㅎ,喉音,次清,歯音,次清
915,1006,途,tú,10344,90.5564143369,TO,ト,t,o,False,t,u,2,定模一開,平,1,舌音,全清,ㄷ,舌音,全清,舌音,次清
916,1007,乃,nǎi,10323,90.5682459094,NAY,ノ,n,o,False,n,ai,3,泥咍一開,上,2,舌音,次濁,ㄴ,舌音,次濁,舌音,次濁
917,1008,限,xiàn,10323,90.5800774818,HAN,ゲン,g,en,False,x,ian,4,匣山二開,上,2,牙音,全濁,ㅎ,喉音,次清,歯音,次清
918,1009,尾,wěi,10240,90.603634036,MI,ビ,b,i,False,w,ei,3,明微三合,上,2,唇音,全濁,ㅁ,唇音,次濁,喉音,次濁
919,1010,稍,shāo,10226,90.6270851456,CHO,ショウ,s,hou,False,sh,ao,1,生肴二開,去,3,歯音,全清,ㅊ,歯音,次清,歯音,次清
920,1011,弃,qì,10132,90.6503712114,KI,キ,k,i,True,q,i,4,溪脂三開,去,3,牙音,全清,ㄱ,牙音,全清,歯音,次清
921,1012,技,jì,10097,90.6619437569,KI,ギ,g,i,False,j,i,4,群支三開,上,2,牙音,全濁,ㄱ,牙音,全清,歯音,全清
922,1013,互,hù,10087,90.673504841,HO,ゴ,g,o,False,h,u,4,匣模一開,去,3,牙音,全濁,ㅎ,喉音,次清,牙音,次清
923,1014,童,tóng,10087,90.6850659252,TONG,ドウ,d,ou,False,t,ong,2,定東一開,平,1,舌音,全濁,ㄷ,舌音,全清,舌音,次清
924,1015,舒,shū,10084,90.6966235709,SE,ジョ,j,o,False,sh,u,1,書魚三開,平,1,歯音,全濁,ㅅ,歯音,全清,歯音,次清
925,1016,番,fān,10072,90.708167463,PAN,バン,b,an,False,f,an,1,並元三合,平,1,唇音,全濁,ㅂ,唇音,全清,唇音,次清
926,1017,番,fān,10072,90.708167463,PEN,バン,b,an,False,f,an,1,並元三合,平,1,唇音,全濁,ㅂ,唇音,全清,唇音,次清
927,1018,型,xíng,10010,90.731154387,HYENG,ケイ,k,ei,False,x,ing,2,匣青四開,平,1,牙音,全清,ㅎ,喉音,次清,歯音,次清
928,1019,津,jīn,9972,90.7540507663,CIN,シン,s,hin,False,j,in,1,精眞三開,平,1,歯音,全清,ㅈ,歯音,全清,歯音,全清
929,1021,含,hán,9939,90.7882652486,HAM,ガン,g,an,False,h,an,2,匣覃一開,平,1,牙音,全濁,ㅎ,喉音,次清,牙音,次清
930,1022,碎,suì,9911,90.8109862689,SWAY,セ,s,e,False,s,ui,4,心灰一合,去,3,歯音,全清,ㅅ,歯音,全清,歯音,次清
931,1023,慈,cí,9890,90.8563675642,CA,ジ,j,i,False,c,i,2,從之三開,平,1,歯音,全濁,ㅈ,歯音,全清,歯音,次清
932,1024,梁,liáng,9878,90.8676891057,LYANG,リョウ,r,you,False,l,iang,2,來陽三開,平,1,流音,次濁,ㄹ,流音,次濁,舌音,次濁
933,1025,昏,hūn,9875,90.8790072088,HON,コン,k,on,False,h,un,1,曉魂一合,平,1,牙音,全清,ㅎ,喉音,次清,牙音,次清
934,1026,洲,zhōu,9866,90.8903149966,CWU,シュウ,s,huu,False,zh,ou,1,章尤三開,平,1,歯音,全清,ㅈ,歯音,全清,歯音,全清
935,1027,井,jǐng,9802,90.9015494317,CENG,セイ,s,ei,False,j,ing,3,精清三開,上,2,歯音,全清,ㅈ,歯音,全清,歯音,全清
936,1028,仇,chóu,9801,90.9127827206,KWU,キュウ,k,yuu,False,ch,ou,2,群尤三開,平,1,牙音,全清,ㄱ,牙音,全清,歯音,次清
937,1029,冬,dōng,9761,90.9239701641,TONG,トウ,t,ou,False,d,ong,1,端冬一開,平,1,舌音,全清,ㄷ,舌音,全清,舌音,全清
938,1030,彭,péng,9754,90.9351495846,PHAYNG,ホウ,h,ou,False,p,eng,2,並庚二開,平,1,唇音,全清,ㅍ,唇音,次清,唇音,次清
939,1031,彭,péng,9754,90.9351495846,PANG,ホウ,h,ou,False,p,eng,2,並庚二開,平,1,唇音,全清,ㅂ,唇音,全清,唇音,次清
940,1032,曹,cáo,9741,90.9463141053,CO,ソウ,s,ou,False,c,ao,2,從豪一開,平,1,歯音,全清,ㅈ,歯音,全清,歯音,次清
941,1033,胆,dǎn,9726,90.957461434,TAN,タン,t,an,False,d,an,3,定寒一開,平,1,舌音,全清,ㄷ,舌音,全清,舌音,全清
942,1034,朵,duǒ,9718,90.9685995935,THA,ダ,d,a,False,d,uo,3,端戈一合,上,2,舌音,全濁,ㅌ,舌音,次清,舌音,全清
943,1035,甘,gān,9707,90.9908575744,KAM,カン,k,an,False,g,an,1,見談一開,平,1,牙音,全清,ㄱ,牙音,全清,牙音,全清
944,1036,伴,bàn,9693,91.0019670806,PAN,ハン,h,an,False,b,an,4,並桓一合,上,2,唇音,全清,ㅂ,唇音,全清,唇音,全清
945,1037,航,háng,9678,91.0241654624,HANG,コウ,k,ou,False,h,ang,2,匣唐一開,平,1,牙音,全清,ㅎ,喉音,次清,牙音,次清
946,1038,惜,xī,9657,91.0463214371,SEK,セキ,s,eki,True,x,i,1,心清三開,入,4,歯音,全清,ㅅ,歯音,全清,歯音,次清
947,1039,弗,fú,9625,91.057353006,PWUL,フツ,f,utsu,True,f,u,2,幫文三合,入,4,唇音,全清,ㅂ,唇音,全清,唇音,次清
948,1041,牌,pái,9622,91.0794104129,PHAY,ハイ,h,ai,False,p,ai,2,並佳二開,平,1,唇音,全清,ㅍ,唇音,次清,唇音,次清
949,1042,牌,pái,9622,91.0794104129,PAY,ハイ,h,ai,False,p,ai,2,並佳二開,平,1,唇音,全清,ㅂ,唇音,全清,唇音,次清
950,1043,末,mò,9621,91.0904373972,MAL,マツ,m,atsu,True,m,o,4,明桓一合,入,4,唇音,次濁,ㅁ,唇音,次濁,唇音,次濁
951,1045,昨,zuó,9612,91.1124718814,CAK,サク,s,aku,True,z,uo,2,從唐一開,入,4,歯音,全清,ㅈ,歯音,全清,歯音,全清
952,1046,丹,dān,9603,91.1234782352,TAN,タン,t,an,False,d,an,1,端寒一開,平,1,舌音,全清,ㄷ,舌音,全清,舌音,全清
953,1047,柔,róu,9589,91.1344685431,YU,ジュウ,j,uu,False,r,ou,2,日尤三開,平,1,歯音,全濁,ㅇ,喉音,次濁,歯音,次濁
954,1048,洪,hóng,9580,91.1454485357,HONG,コウ,k,ou,False,h,ong,2,匣東一開,平,1,牙音,全清,ㅎ,喉音,次清,牙音,次清
955,1049,凉,liáng,9572,91.1564193593,LYANG,リョウ,r,you,False,l,iang,2,來陽三開,平,1,流音,次濁,ㄹ,流音,次濁,舌音,次濁
956,1050,隔,gé,9534,91.1673466296,KYEK,カク,k,aku,True,g,e,2,見耕二開,入,4,牙音,全清,ㄱ,牙音,全清,牙音,全清
957,1051,怜,lián,9498,91.1782326391,LYEN,レイ,r,ei,False,l,ian,2,來先四開,平,1,流音,次濁,ㄹ,流音,次濁,舌音,次濁
958,1052,怜,lián,9498,91.1782326391,LYENG,レイ,r,ei,False,l,ian,2,來先四開,平,1,流音,次濁,ㄹ,流音,次濁,舌音,次濁
959,1054,椅,yǐ,9452,91.2108345066,UY,イ,,i,False,y,i,3,影支三開,平,1,喉音,次濁,ㅇ,喉音,次濁,喉音,次濁
960,1056,欣,xīn,9428,91.2324552354,HUN,キン,k,in,False,x,in,1,曉欣三開,平,1,牙音,全清,ㅎ,喉音,次清,歯音,次清
961,1057,奏,zòu,9389,91.2432163158,CWU,ソウ,s,ou,False,z,ou,4,精侯一開,去,3,歯音,全清,ㅈ,歯音,全清,歯音,全清
962,1058,枝,zhī,9355,91.2754193277,CI,シ,s,hi,False,zh,i,1,章支三開,平,1,歯音,全清,ㅈ,歯音,全清,歯音,全清
963,1059,毁,huǐ,9333,91.2861162245,HWEY,キ,k,i,True,h,ui,3,曉支三合,去,3,牙音,全清,ㅎ,喉音,次清,牙音,次清
964,1060,抵,dǐ,9326,91.3181885767,CI,テイ,t,ei,False,d,i,3,端齊四開,上,2,舌音,全清,ㅈ,歯音,全清,舌音,全清
965,1061,抵,dǐ,9326,91.3181885767,CE,テイ,t,ei,False,d,i,3,端齊四開,上,2,舌音,全清,ㅈ,歯音,全清,舌音,全清
966,1062,操,cāo,9283,91.3501852839,CO,ソウ,s,ou,False,c,ao,1,清豪一開,平,1,歯音,全清,ㅈ,歯音,全清,歯音,次清
967,1063,甲,jiǎ,9254,91.3607916359,KAP,コウ,k,ou,False,j,ia,3,見銜二開,入,4,牙音,全清,ㄱ,牙音,全清,歯音,全清
968,1065,粗,cū,9209,91.3924995166,CO,ソ,s,o,False,c,u,1,從模一開,上,2,歯音,全清,ㅈ,歯音,全清,歯音,次清
969,1066,幕,mù,9200,91.41359073,MAK,マク,m,aku,True,m,u,4,明唐一開,入,4,唇音,次濁,ㅁ,唇音,次濁,唇音,次濁
970,1067,朗,lǎng,9198,91.4241328983,LANG,ロウ,r,ou,False,l,ang,3,來唐一開,上,2,流音,次濁,ㄹ,流音,次濁,舌音,次濁
971,1068,插,chā,9130,91.4661743504,SAP,ソウ,s,ou,False,ch,a,1,初咸二開,入,4,歯音,全清,ㅅ,歯音,全清,歯音,次清
972,1069,餐,cān,9129,91.4766374352,CHAN,サン,s,an,False,c,an,1,清寒一開,平,1,歯音,全清,ㅊ,歯音,次清,歯音,次清
973,1070,餐,cān,9129,91.4766374352,SON,サン,s,an,False,c,an,1,清寒一開,平,1,歯音,全清,ㅅ,歯音,全清,歯音,次清
974,1071,挑,tiāo,9122,91.4870924971,CO,チョウ,c,hou,False,t,iao,1,透蕭四開,平,1,舌音,全清,ㅈ,歯音,全清,舌音,次清
975,1072,挑,tiāo,9122,91.4870924971,TO,チョウ,c,hou,False,t,iao,1,透蕭四開,平,1,舌音,全清,ㄷ,舌音,全清,舌音,次清
976,1073,鼻,bí,9115,91.4975395361,PI,ビ,b,i,False,b,i,2,並脂三開,去,3,唇音,全濁,ㅂ,唇音,全清,唇音,全清
977,1074,瑞,ruì,9096,91.5184061067,SE,スイ,s,ui,False,r,ui,4,常支三合,去,3,歯音,全清,ㅅ,歯音,全清,歯音,次濁
978,1075,央,yāng,9079,91.5288118847,ANG,オウ,,ou,False,y,ang,1,影陽三開,平,1,喉音,次濁,ㅇ,喉音,次濁,喉音,次濁
979,1076,佩,pèi,9076,91.5392142243,PHAY,ハイ,h,ai,False,p,ei,4,並灰一合,去,3,唇音,全清,ㅍ,唇音,次清,唇音,次清
980,1077,丰,fēng,9063,91.5496016641,PONG,フウ,f,uu,False,f,eng,1,滂鍾三開,平,1,唇音,全清,ㅂ,唇音,全清,唇音,次清
981,1078,逐,zhú,9063,91.5599891039,CEK,チク,c,hiku,True,zh,u,2,澄東三開,入,4,舌音,全清,ㅈ,歯音,全清,歯音,全清
982,1079,逐,zhú,9063,91.5599891039,CHWUK,チク,c,hiku,True,zh,u,2,澄東三開,入,4,舌音,全清,ㅊ,歯音,次清,歯音,全清
983,1080,咬,yǎo,9021,91.580700946,KYO,コウ,k,ou,False,y,ao,3,見肴二開,平,1,牙音,全清,ㄱ,牙音,全清,喉音,次濁
984,1081,阻,zǔ,9012,91.5910299328,CO,ソ,s,o,False,z,u,3,莊魚三開,上,2,歯音,全清,ㅈ,歯音,全清,歯音,全清
985,1082,薄,bó,8978,91.6219206178,PAK,ハク,h,aku,True,b,o,2,並唐一合,入,4,唇音,全清,ㅂ,唇音,全清,唇音,全清
986,1083,薄,báo,8978,91.6219206178,PAK,ハク,h,aku,True,b,ao,2,並唐一合,入,4,唇音,全清,ㅂ,唇音,全清,唇音,全清
987,1084,刑,xíng,8978,91.632210636,HYENG,ケイ,k,ei,False,x,ing,2,匣青四開,平,1,牙音,全清,ㅎ,喉音,次清,歯音,次清
988,1085,厂,chǎng,8928,91.6527150273,EM,カン,k,an,False,ch,ang,3,曉寒一開,上,2,牙音,全清,ㅇ,喉音,次濁,歯音,次清
989,1086,厂,chǎng,8928,91.6527150273,HAN,カン,k,an,False,ch,ang,3,曉寒一開,上,2,牙音,全清,ㅎ,喉音,次清,歯音,次清
990,1087,娜,nà,8913,91.6731552349,,ダ,d,a,False,n,a,4,泥歌一開,上,2,舌音,全濁,なし,なし,なし,舌音,次濁
991,1088,汗,hàn,8910,91.6833673157,HAN,カン,k,an,False,h,an,4,匣寒一開,平,1,牙音,全清,ㅎ,喉音,次清,牙音,次清
992,1089,陷,xiàn,8903,91.7037834545,HAM,ゲン,g,en,False,x,ian,4,匣咸二開,去,3,牙音,全濁,ㅎ,喉音,次清,歯音,次清
993,1091,源,yuán,8844,91.7342168308,WEN,ゲン,g,en,False,y,uan,2,疑元三合,平,1,牙音,全濁,ㅇ,喉音,次濁,喉音,次濁
994,1092,慌,huāng,8839,91.7443475359,HWANG,コウ,k,ou,False,h,uang,1,曉唐一合,上,2,牙音,全清,ㅎ,喉音,次清,牙音,次清
995,1093,芳,fāng,8838,91.7544770949,PANG,ホウ,h,ou,False,f,ang,1,滂陽三合,平,1,唇音,全清,ㅂ,唇音,全清,唇音,次清
996,1094,霍,huò,8838,91.7646066539,KWAK,カク,k,aku,True,h,uo,4,曉唐一合,入,4,牙音,全清,ㄱ,牙音,全清,牙音,次清
997,1095,漂,piào,8838,91.7747362128,PHYO,ヒョウ,h,you,False,p,iao,4,滂宵三開,平,1,唇音,全清,ㅍ,唇音,次清,唇音,次清
998,1096,督,dū,8831,91.7848577489,TOK,トク,t,oku,True,d,u,1,端冬一開,入,4,舌音,全清,ㄷ,舌音,全清,舌音,全清
999,1097,埃,āi,8814,91.8050778982,AY,アイ,,ai,False,,ai,1,影咍一開,平,1,喉音,次濁,ㅇ,喉音,次濁,喉音,次濁
1000,1100,典,diǎn,8806,91.8252705402,CEN,テン,t,en,False,d,ian,3,端先四開,上,2,舌音,全清,ㅈ,歯音,全清,舌音,全清
1001,1101,漫,màn,8803,91.8353599844,MAN,マン,m,an,False,m,an,4,明桓一合,去,3,唇音,次濁,ㅁ,唇音,次濁,唇音,次濁
1002,1102,彼,bǐ,8797,91.8454425518,PHI,ヒ,h,i,False,b,i,3,幫支三開,上,2,唇音,全清,ㅍ,唇音,次清,唇音,全清
1003,1103,逼,bī,8779,91.8655790331,PHIP,ヒツ,h,itsu,True,b,i,1,幫蒸三開,入,4,唇音,全清,ㅍ,唇音,次清,唇音,全清
1004,1104,扎,zhā,8767,91.8856834225,CHAL,アツ,,atsu,True,zh,a,1,莊山二開,入,4,喉音,次濁,ㅊ,歯音,次清,歯音,全清
1005,1105,御,yù,8728,91.8956869064,A,ギョ,g,yo,False,y,u,4,疑魚三開,去,3,牙音,全濁,ㅇ,喉音,次濁,喉音,次濁
1006,1106,御,yù,8728,91.8956869064,E,ギョ,g,yo,False,y,u,4,疑魚三開,去,3,牙音,全濁,ㅇ,喉音,次濁,喉音,次濁
1007,1107,翼,yì,8703,91.9056617369,IK,ヨク,y,oku,True,y,i,4,以蒸三開,入,4,喉音,次濁,ㅇ,喉音,次濁,喉音,次濁
1008,1108,桑,sāng,8697,91.9156296906,SANG,ソウ,s,ou,False,s,ang,1,心唐一開,平,1,歯音,全清,ㅅ,歯音,全清,歯音,次清
1009,1109,聚,jù,8664,91.9355059988,CHWI,シュ,s,hu,False,j,u,4,從虞三合,上,2,歯音,全清,ㅊ,歯音,次清,歯音,全清
1010,1110,鞋,xié,8653,91.9454235224,HYEY,アイ,,ai,False,x,ie,2,匣佳二開,平,1,喉音,次濁,ㅎ,喉音,次清,歯音,次清
1011,1111,猜,cāi,8636,91.9553215617,SI,サイ,s,ai,False,c,ai,1,清咍一開,平,1,歯音,全清,ㅅ,歯音,全清,歯音,次清
1012,1112,掩,yǎn,8597,91.9651749017,EM,エン,,en,False,y,an,3,影鹽三開,上,2,喉音,次濁,ㅇ,喉音,次濁,喉音,次濁
1013,1113,曼,màn,8587,91.9750167803,MAN,マン,m,an,False,m,an,4,明桓一合,平,1,唇音,次濁,ㅁ,唇音,次濁,唇音,次濁
1014,1114,撞,zhuàng,8584,91.9848552205,TANG,ドウ,d,ou,False,zh,uang,4,澄江二開,平,1,舌音,全濁,ㄷ,舌音,全清,歯音,全清
1015,1115,撤,chè,8575,91.9946833454,CHEL,テツ,t,etsu,True,ch,e,4,澄仙三開,入,4,舌音,全清,ㅊ,歯音,次清,歯音,次清
1016,1116,奉,fèng,8566,92.0045011552,PONG,ホウ,h,ou,False,f,eng,4,並鍾三開,上,2,唇音,全清,ㅂ,唇音,全清,唇音,次清
1017,1117,控,kòng,8550,92.0143006267,KANG,コウ,k,ou,False,k,ong,4,溪江二開,平,1,牙音,全清,ㄱ,牙音,全清,牙音,次清
1018,1118,控,kòng,8550,92.0143006267,KONG,コウ,k,ou,False,k,ong,4,溪江二開,平,1,牙音,全清,ㄱ,牙音,全清,牙音,次清
1019,1119,益,yì,8532,92.0436566342,IK,エキ,,eki,True,y,i,4,影清三開,入,4,喉音,次濁,ㅇ,喉音,次濁,喉音,次濁
1020,1120,箱,xiāng,8522,92.0534240139,SANG,ショウ,s,hou,False,x,iang,1,心陽三開,平,1,歯音,全清,ㅅ,歯音,全清,歯音,次清
1021,1121,隆,lóng,8515,92.0729473119,LYUNG,リュウ,r,yuu,False,l,ong,2,來東三開,平,1,流音,次濁,ㄹ,流音,次濁,舌音,次濁
1022,1122,皆,jiē,8510,92.0827009379,KAY,カイ,k,ai,False,j,ie,1,見皆二開,平,1,牙音,全清,ㄱ,牙音,全清,歯音,全清
1023,1123,竹,zhú,8508,92.1022058977,CWUK,チク,c,hiku,True,zh,u,2,知東三開,入,4,舌音,全清,ㅈ,歯音,全清,歯音,全清
1024,1124,宜,yí,8479,92.1119239935,UY,ギ,g,i,False,y,i,2,疑支三開,平,1,牙音,全濁,ㅇ,喉音,次濁,喉音,次濁
1025,1126,俗,sú,8466,92.1313349701,SOK,ゾク,z,oku,True,s,u,2,邪鍾三開,入,4,歯音,全濁,ㅅ,歯音,全清,歯音,次清
1026,1127,剩,shèng,8458,92.1507276085,ING,ジョウ,j,ou,False,sh,eng,4,船蒸三開,去,3,歯音,全濁,ㅇ,喉音,次濁,歯音,次清
1027,1128,旋,xuán,8430,92.1700675245,SEN,セン,s,en,False,x,uan,2,邪仙三合,平,1,歯音,全清,ㅅ,歯音,全清,歯音,次清
1028,1129,抖,dǒu,8428,92.1797271674,TWU,ト,t,o,False,d,ou,3,端侯一開,上,2,舌音,全清,ㄷ,舌音,全清,舌音,全清
1029,1130,累,lèi,8402,92.1893570106,LWU,ルイ,r,ui,False,l,ei,4,來支三合,上,2,流音,次濁,ㄹ,流音,次濁,舌音,次濁
1030,1131,拖,tuō,8389,92.1989719541,THA,タ,t,a,False,t,uo,1,透歌一開,去,3,舌音,全清,ㅌ,舌音,次清,舌音,次清
1031,1133,幽,yōu,8340,92.2373148219,YU,ユウ,y,uu,False,y,ou,1,影幽三開,平,1,喉音,次濁,ㅇ,喉音,次濁,喉音,次濁
1032,1134,渡,dù,8337,92.2468701663,TO,ト,t,o,False,d,u,4,定模一開,去,3,舌音,全清,ㄷ,舌音,全清,舌音,全清
1033,1135,幻,huàn,8308,92.2563922726,HWAN,ゲン,g,en,False,h,uan,4,匣山二合,去,3,牙音,全濁,ㅎ,喉音,次清,牙音,次清
1034,1136,氏,shì,8281,92.2658834333,SSI,シ,s,hi,False,sh,i,4,章支三開,平,1,歯音,全清,ㅆ,歯音,全濁,歯音,次清
1035,1137,氏,shì,8281,92.2658834333,CI,シ,s,hi,False,sh,i,4,章支三開,平,1,歯音,全清,ㅈ,歯音,全清,歯音,次清
1036,1139,殿,diàn,8267,92.2848393935,CEN,デン,d,en,False,d,ian,4,定先四開,去,3,舌音,全濁,ㅈ,歯音,全清,舌音,全清
1037,1140,延,yán,8265,92.294312216,YEN,エン,,en,False,y,an,2,以仙三開,平,1,喉音,次濁,ㅇ,喉音,次濁,喉音,次濁
1038,1141,恭,gōng,8262,92.3037816,KONG,キョウ,k,you,False,g,ong,1,見鍾三開,平,1,牙音,全清,ㄱ,牙音,全清,牙音,全清
1039,1142,拔,bá,8254,92.313241815,PHAY,ハツ,h,atsu,True,b,a,2,並元三合,入,4,唇音,全清,ㅍ,唇音,次清,唇音,全清
1040,1143,拔,bá,8254,92.313241815,PAL,ハツ,h,atsu,True,b,a,2,並元三合,入,4,唇音,全清,ㅂ,唇音,全清,唇音,全清
1041,1145,泥,ní,8211,92.3320751385,NI,デイ,d,ei,False,n,i,2,泥齊四開,平,1,舌音,全濁,ㄴ,舌音,次濁,舌音,次濁
1042,1146,援,yuán,8205,92.3414791927,WEN,エン,,en,False,y,uan,2,云元三合,平,1,喉音,次濁,ㅇ,喉音,次濁,喉音,次濁
1043,1147,瓦,wǎ,8185,92.3508603243,WA,ガ,g,a,False,w,a,3,疑麻二合,上,2,牙音,全濁,ㅇ,喉音,次濁,喉音,次濁
1044,1148,召,zhào,8185,92.3602414558,SO,ショウ,s,hou,False,zh,ao,4,澄宵三開,去,3,歯音,全清,ㅅ,歯音,全清,歯音,全清
1045,1149,召,zhào,8185,92.3602414558,CO,ショウ,s,hou,False,zh,ao,4,澄宵三開,去,3,歯音,全清,ㅈ,歯音,全清,歯音,全清
1046,1150,陪,péi,8184,92.3696214411,PAY,バイ,b,ai,False,p,ei,2,並灰一合,平,1,唇音,全濁,ㅂ,唇音,全清,唇音,次清
1047,1151,潮,cháo,8174,92.3789899651,CO,チョウ,c,hou,False,ch,ao,2,澄宵三開,平,1,舌音,全清,ㅈ,歯音,全清,歯音,次清
1048,1152,侵,qīn,8164,92.3883470278,CHIM,シン,s,hin,False,q,in,1,清侵三開,平,1,歯音,全清,ㅊ,歯音,次清,歯音,次清
1049,1153,臂,bì,8146,92.407035938,PI,ヒ,h,i,False,b,i,4,幫支三開,去,3,唇音,全清,ㅂ,唇音,全清,唇音,全清
1050,1154,晃,huǎng,8144,92.4163700779,HWANG,コウ,k,ou,False,h,uang,3,匣唐一合,上,2,牙音,全清,ㅎ,喉音,次清,牙音,次清
1051,1155,赫,hè,8125,92.4256824412,HYEK,カク,k,aku,True,h,e,4,曉庚二開,入,4,牙音,全清,ㅎ,喉音,次清,牙音,次清
1052,1156,孟,mèng,8121,92.43499022,MANG,モウ,m,ou,False,m,eng,4,明庚二開,去,3,唇音,次濁,ㅁ,唇音,次濁,唇音,次濁
1053,1157,孟,mèng,8121,92.43499022,MAYNG,モウ,m,ou,False,m,eng,4,明庚二開,去,3,唇音,次濁,ㅁ,唇音,次濁,唇音,次濁
1054,1158,俄,é,8119,92.4442957064,A,ガ,g,a,False,,e,2,疑歌一開,平,1,牙音,全濁,ㅇ,喉音,次濁,喉音,次濁
1055,1159,浮,fú,8114,92.4535954622,PWU,フ,f,u,False,f,u,2,並尤三開,平,1,唇音,全清,ㅂ,唇音,全清,唇音,次清
1056,1160,磨,mó,8111,92.4628917796,MA,マ,m,a,False,m,o,2,明戈一合,平,1,唇音,次濁,ㅁ,唇音,次濁,唇音,次濁
1057,1161,尺,chǐ,8107,92.4721835124,CHEK,シャク,s,haku,True,ch,i,3,昌清三開,入,4,歯音,全清,ㅊ,歯音,次清,歯音,次清
1058,1162,滑,huá,8102,92.4814695145,HWAL,カツ,k,atsu,True,h,ua,2,見魂一合,入,4,牙音,全清,ㅎ,喉音,次清,牙音,次清
1059,1163,滑,huá,8102,92.4814695145,KOL,カツ,k,atsu,True,h,ua,2,見魂一合,入,4,牙音,全清,ㄱ,牙音,全清,牙音,次清
1060,1164,凭,píng,8097,92.490749786,PING,ヒョウ,h,you,False,p,ing,2,並蒸三開,平,1,唇音,全清,ㅂ,唇音,全清,唇音,次清
1061,1165,奈,nài,8037,92.5092140534,NAY,ナ,n,a,False,n,ai,4,泥泰一開,去,3,舌音,次濁,ㄴ,舌音,次濁,舌音,次濁
1062,1166,奈,nài,8037,92.5092140534,,ナ,n,a,False,n,ai,4,泥泰一開,去,3,舌音,次濁,なし,なし,なし,舌音,次濁
1063,1167,琴,qín,8025,92.518411803,KUM,キン,k,in,False,q,in,2,群侵三開,平,1,牙音,全清,ㄱ,牙音,全清,歯音,次清
1064,1168,袁,yuán,7994,92.5275740223,WEN,エン,,en,False,y,uan,2,云元三合,平,1,喉音,次濁,ㅇ,喉音,次濁,喉音,次濁
1065,1169,版,bǎn,7993,92.5367350955,PHAN,ハン,h,an,False,b,an,3,幫刪二開,上,2,唇音,全清,ㅍ,唇音,次清,唇音,全清
1066,1170,旗,qí,7990,92.5458927303,KI,キ,k,i,True,q,i,2,群之三開,平,1,牙音,全清,ㄱ,牙音,全清,歯音,次清
1067,1171,峰,fēng,7945,92.5641128705,PONG,ホウ,h,ou,False,f,eng,1,滂鍾三開,平,1,唇音,全清,ㅂ,唇音,全清,唇音,次清
1068,1172,慰,wèi,7938,92.5732109062,WI,イ,,i,False,w,ei,4,影微三合,去,3,喉音,次濁,ㅇ,喉音,次濁,喉音,次濁
1069,1173,寂,jì,7909,92.6004144684,CEK,ジャク,j,aku,True,j,i,4,從青四開,入,4,歯音,全濁,ㅈ,歯音,全清,歯音,全清
1070,1174,猫,māo,7897,92.6094655124,MYO,ビョウ,b,you,False,m,ao,1,明宵三開,平,1,唇音,全濁,ㅁ,唇音,次濁,唇音,次濁
1071,1175,怨,yuàn,7870,92.6275080014,WEN,エン,,en,False,y,uan,4,影元三合,平,1,喉音,次濁,ㅇ,喉音,次濁,喉音,次濁
1072,1176,豪,háo,7832,92.6544743132,HO,ゴウ,g,ou,False,h,ao,2,匣豪一開,平,1,牙音,全濁,ㅎ,喉音,次清,牙音,次清
1073,1177,恰,qià,7829,92.6634474199,HUP,カツ,k,atsu,True,q,ia,4,溪咸二開,入,4,牙音,全清,ㅎ,喉音,次清,歯音,次清
1074,1178,愈,yù,7812,92.6813546647,YU,ユ,y,u,False,y,u,4,以虞三合,上,2,喉音,次濁,ㅇ,喉音,次濁,喉音,次濁
1075,1179,爆,bào,7804,92.690299118,PHOK,バク,b,aku,True,b,ao,4,幫肴二開,去,3,唇音,全濁,ㅍ,唇音,次清,唇音,全清
1076,1180,爆,bào,7804,92.690299118,PAK,バク,b,aku,True,b,ao,4,幫肴二開,去,3,唇音,全濁,ㅂ,唇音,全清,唇音,全清
1077,1181,耐,nài,7796,92.6992344022,NAY,タイ,t,ai,False,n,ai,4,泥咍一開,去,3,舌音,全清,ㄴ,舌音,次濁,舌音,次濁
1078,1182,辛,xīn,7788,92.7081605174,SIN,シン,s,hin,False,x,in,1,心眞三開,平,1,歯音,全清,ㅅ,歯音,全清,歯音,次清
1079,1183,刊,kān,7756,92.7170499561,KAN,カン,k,an,False,k,an,1,溪寒一開,平,1,牙音,全清,ㄱ,牙音,全清,牙音,次清
1080,1184,敲,qiāo,7749,92.7348208106,KO,コウ,k,ou,False,q,iao,1,溪肴二開,平,1,牙音,全清,ㄱ,牙音,全清,歯音,次清
1081,1185,敲,qiāo,7749,92.7348208106,KYO,コウ,k,ou,False,q,iao,1,溪肴二開,平,1,牙音,全清,ㄱ,牙音,全清,歯音,次清
1082,1186,吐,tǔ,7723,92.7436724268,THO,ト,t,o,False,t,u,3,透模一開,上,2,舌音,全清,ㅌ,舌音,次清,舌音,次清
1083,1187,帕,pà,7722,92.7525228969,PHA,ハ,h,a,False,p,a,4,明刪二開,入,4,唇音,全清,ㅍ,唇音,次清,唇音,次清
1084,1188,帕,pà,7722,92.7525228969,MAL,ハ,h,a,False,p,a,4,明刪二開,入,4,唇音,全清,ㅁ,唇音,次濁,唇音,次清
1085,1189,岩,yán,7711,92.7613607594,AM,ガン,g,an,False,y,an,2,疑銜二開,平,1,牙音,全濁,ㅇ,喉音,次濁,喉音,次濁
1086,1190,仔,zǐ,7711,92.770198622,CA,シ,s,hi,False,z,i,3,精之三開,平,1,歯音,全清,ㅈ,歯音,全清,歯音,全清
1087,1191,仰,yǎng,7667,92.8054274356,ANG,ギョウ,g,you,False,y,ang,3,疑陽三開,上,2,牙音,全濁,ㅇ,喉音,次濁,喉音,次濁
1088,1192,旦,dàn,7655,92.8142011145,TAN,タン,t,an,False,d,an,4,端寒一開,去,3,舌音,全清,ㄷ,舌音,全清,舌音,全清
1089,1193,健,jiàn,7654,92.8229736472,KEN,ケン,k,en,False,j,ian,4,群元三開,去,3,牙音,全清,ㄱ,牙音,全清,歯音,全清
1090,1194,健,jiàn,7654,92.8229736472,KYEN,ケン,k,en,False,j,ian,4,群元三開,去,3,牙音,全清,ㄱ,牙音,全清,歯音,全清
1091,1195,呵,hē,7642,92.8405026668,KA,カ,k,a,False,h,e,1,曉歌一開,平,1,牙音,全清,ㄱ,牙音,全清,牙音,次清
1092,1196,祥,xiáng,7640,92.8492591536,SANG,ショウ,s,hou,False,x,iang,2,邪陽三開,平,1,歯音,全清,ㅅ,歯音,全清,歯音,次清
1093,1197,狼,láng,7639,92.8580144943,LANG,ロウ,r,ou,False,l,ang,2,來唐一開,平,1,流音,次濁,ㄹ,流音,次濁,舌音,次濁
1094,1198,距,jù,7636,92.8667663966,KE,キョ,k,yo,False,j,u,4,群魚三開,上,2,牙音,全清,ㄱ,牙音,全清,歯音,全清
1095,1199,妖,yāo,7572,92.8929063437,YO,ヨウ,y,ou,False,y,ao,1,影宵三開,平,1,喉音,次濁,ㅇ,喉音,次濁,喉音,次濁
1096,1200,燕,yàn,7570,92.9015826009,YEN,エン,,en,False,y,an,4,影先四開,平,1,喉音,次濁,ㅇ,喉音,次濁,喉音,次濁
1097,1202,埋,mái,7528,92.9361913544,MAY,マイ,m,ai,False,m,ai,2,明皆二開,平,1,唇音,次濁,ㅁ,唇音,次濁,唇音,次濁
1098,1203,哦,ó,7505,92.9534132092,A,ガ,g,a,False,,o,2,疑歌一開,平,1,牙音,全濁,ㅇ,喉音,次濁,喉音,次濁
1099,1204,焦,jiāo,7477,92.9705685881,CHO,ショウ,s,hou,False,j,iao,1,精宵三開,平,1,歯音,全清,ㅊ,歯音,次清,歯音,全清
1100,1205,泰,tài,7475,92.9791359624,THAY,タイ,t,ai,False,t,ai,4,透泰一開,去,3,舌音,全清,ㅌ,舌音,次清,舌音,次清
1101,1206,粉,fěn,7423,93.013235831,PWUN,フン,f,un,False,f,en,3,幫文三合,上,2,唇音,全清,ㅂ,唇音,全清,唇音,次清
1102,1207,惠,huì,7396,93.038681219,HYEY,エ,,e,False,h,ui,4,匣齊四合,去,3,喉音,次濁,ㅎ,喉音,次清,牙音,次清
1103,1208,肚,dù,7389,93.0556245626,TWU,ト,t,o,False,d,u,4,定模一開,上,2,舌音,全清,ㄷ,舌音,全清,舌音,全清
1104,1209,偶,ǒu,7377,93.0810092053,WU,グウ,g,uu,False,,ou,3,疑侯一開,上,2,牙音,全濁,ㅇ,喉音,次濁,喉音,次濁
1105,1210,荷,hé,7328,93.1062608961,HA,カ,k,a,False,h,e,2,匣歌一開,平,1,牙音,全清,ㅎ,喉音,次清,牙音,次清
1106,1211,哀,āi,7323,93.1146540575,AY,アイ,,ai,False,,ai,1,影咍一開,平,1,喉音,次濁,ㅇ,喉音,次濁,喉音,次濁
1107,1212,瓶,píng,7316,93.1230391959,PYENG,ビン,b,in,False,p,ing,2,並青四開,平,1,唇音,全濁,ㅂ,唇音,全清,唇音,次清
1108,1213,筑,zhù,7287,93.1313910964,CHWUK,チク,c,hiku,True,zh,u,4,澄東三開,入,4,舌音,全清,ㅊ,歯音,次清,歯音,全清
1109,1214,拳,quán,7267,93.1397200741,KWEN,ケン,k,en,False,q,uan,2,群仙三合,平,1,牙音,全清,ㄱ,牙音,全清,歯音,次清
1110,1215,梯,tī,7266,93.1480479057,CEY,テイ,t,ei,False,t,i,1,透齊四開,平,1,舌音,全清,ㅈ,歯音,全清,舌音,次清
1111,1216,仗,zhàng,7243,93.17296034,CANG,ジョウ,j,ou,False,zh,ang,4,澄陽三開,上,2,歯音,全濁,ㅈ,歯音,全清,歯音,全清
1112,1217,捕,bǔ,7199,93.1894933665,PHO,ホ,h,o,False,b,u,3,並模一開,去,3,唇音,全清,ㅍ,唇音,次清,唇音,全清
1113,1218,疾,jí,7192,93.197736384,CIL,シツ,s,hitsu,True,j,i,2,從眞三開,入,4,歯音,全清,ㅈ,歯音,全清,歯音,全清
1114,1219,惑,huò,7180,93.2224402213,HOK,ワク,w,aku,True,h,uo,4,匣登一合,入,4,喉音,次濁,ㅎ,喉音,次清,牙音,次清
1115,1220,莉,lì,7169,93.2306568776,LI,リ,r,i,False,l,i,4,澄脂三開,平,1,流音,次濁,ㄹ,流音,次濁,舌音,次濁
1116,1221,紫,zǐ,7159,93.2388620725,CA,シ,s,hi,False,z,i,3,精支三開,上,2,歯音,全清,ㅈ,歯音,全清,歯音,全清
1117,1222,邪,xié,7146,93.2552529781,SA,ジャ,j,a,False,x,ie,2,以麻三開,平,1,歯音,全濁,ㅅ,歯音,全清,歯音,次清
1118,1223,邪,xié,7146,93.2552529781,YA,ジャ,j,a,False,x,ie,2,以麻三開,平,1,歯音,全濁,ㅇ,喉音,次濁,歯音,次清
1119,1224,港,gǎng,7145,93.2634421271,HANG,コウ,k,ou,False,g,ang,3,見江二開,上,2,牙音,全清,ㅎ,喉音,次清,牙音,全清
1120,1225,涌,yǒng,7117,93.2715991842,YONG,ユウ,y,uu,False,y,ong,3,以鍾三開,上,2,喉音,次濁,ㅇ,喉音,次濁,喉音,次濁
1121,1226,侍,shì,7107,93.27974478,SI,ジ,j,i,False,sh,i,4,常之三開,去,3,歯音,全濁,ㅅ,歯音,全清,歯音,次清
1122,1227,箭,jiàn,7104,93.2878869374,CEN,セン,s,en,False,j,ian,4,精仙三開,去,3,歯音,全清,ㅈ,歯音,全清,歯音,全清
1123,1228,昌,chāng,7091,93.296014195,CHANG,ショウ,s,hou,False,ch,ang,1,昌陽三開,平,1,歯音,全清,ㅊ,歯音,次清,歯音,次清
1124,1229,魏,wèi,7078,93.3122446414,WI,ギ,g,i,False,w,ei,4,疑微三合,去,3,牙音,全濁,ㅇ,喉音,次濁,喉音,次濁
1125,1230,迪,dí,7072,93.3203501224,CEK,テキ,t,eki,True,d,i,2,定青四開,入,4,舌音,全清,ㅈ,歯音,全清,舌音,全清
1126,1231,凝,níng,7061,93.3365370155,UNG,ギョウ,g,you,False,n,ing,2,疑蒸三開,平,1,牙音,全濁,ㅇ,喉音,次濁,舌音,次濁
1127,1232,侯,hóu,7054,93.352710155,HWU,コウ,k,ou,False,h,ou,2,匣侯一開,平,1,牙音,全清,ㅎ,喉音,次清,牙音,次清
1128,1234,黎,lí,7024,93.3769073998,LYE,レイ,r,ei,False,l,i,2,來齊四開,平,1,流音,次濁,ㄹ,流音,次濁,舌音,次濁
1129,1235,垂,chuí,7018,93.3849509894,SWU,スイ,s,ui,False,ch,ui,2,常支三合,平,1,歯音,全清,ㅅ,歯音,全清,歯音,次清
1130,1236,拒,jù,7018,93.4010381686,KWU,キョ,k,yo,False,j,u,4,群魚三開,上,2,牙音,全清,ㄱ,牙音,全清,歯音,全清
1131,1237,拒,jù,7018,93.4010381686,KE,キョ,k,yo,False,j,u,4,群魚三開,上,2,牙音,全清,ㄱ,牙音,全清,歯音,全清
1132,1239,零,líng,7007,93.4251460147,LYEN,レイ,r,ei,False,l,ing,2,來先四開,平,1,流音,次濁,ㄹ,流音,次濁,舌音,次濁
1133,1240,零,líng,7007,93.4251460147,LYENG,レイ,r,ei,False,l,ing,2,來先四開,平,1,流音,次濁,ㄹ,流音,次濁,舌音,次濁
1134,1241,貌,mào,7006,93.4331758507,MO,ボウ,b,ou,False,m,ao,4,明肴二開,去,3,唇音,全濁,ㅁ,唇音,次濁,唇音,次濁
1135,1242,貌,mào,7006,93.4331758507,MAK,ボウ,b,ou,False,m,ao,4,明肴二開,去,3,唇音,全濁,ㅁ,唇音,次濁,唇音,次濁
1136,1243,墨,mò,6993,93.4411907869,MWUK,ボク,b,oku,True,m,o,4,明登一開,入,4,唇音,全濁,ㅁ,唇音,次濁,唇音,次濁
1137,1244,帽,mào,6969,93.4571656446,MO,ボウ,b,ou,False,m,ao,4,明豪一開,去,3,唇音,全濁,ㅁ,唇音,次濁,唇音,次濁
1138,1245,努,nǔ,6966,93.4651496351,NO,ド,d,o,False,n,u,3,泥模一開,上,2,舌音,全濁,ㄴ,舌音,次濁,舌音,次濁
1139,1246,瘦,shòu,6957,93.4811015702,SWU,ソウ,s,ou,False,sh,ou,4,生尤三開,去,3,歯音,全清,ㅅ,歯音,全清,歯音,次清
1140,1247,堡,bǎo,6941,93.4890569072,PO,ホ,h,o,False,b,ao,3,幫豪一開,上,2,唇音,全清,ㅂ,唇音,全清,唇音,全清
1141,1248,沈,chén,6940,93.4970110981,CHIM,チン,c,hin,False,ch,en,2,澄侵三開,平,1,舌音,全清,ㅊ,歯音,次清,歯音,次清
1142,1249,沈,shěn,6940,93.4970110981,CHIM,チン,c,hin,False,sh,en,3,澄侵三開,平,1,舌音,全清,ㅊ,歯音,次清,歯音,次清
1143,1250,沈,shěn,6940,93.4970110981,SIM,チン,c,hin,False,sh,en,3,澄侵三開,平,1,舌音,全清,ㅅ,歯音,全清,歯音,次清
1144,1251,沈,chén,6940,93.4970110981,SIM,チン,c,hin,False,ch,en,2,澄侵三開,平,1,舌音,全清,ㅅ,歯音,全清,歯音,次清
1145,1252,企,qǐ,6873,93.5523867083,KI,キ,k,i,True,q,i,3,溪支三開,上,2,牙音,全清,ㄱ,牙音,全清,歯音,次清
1146,1253,凌,líng,6871,93.5602618157,LUNG,リョウ,r,you,False,l,ing,2,來蒸三開,平,1,流音,次濁,ㄹ,流音,次濁,舌音,次濁
1147,1255,廷,tíng,6830,93.5916407551,CENG,テイ,t,ei,False,t,ing,2,定青四開,平,1,舌音,全清,ㅈ,歯音,全清,舌音,次清
1148,1258,款,kuǎn,6819,93.6072775025,KWAN,カン,k,an,False,k,uan,3,溪桓一合,上,2,牙音,全清,ㄱ,牙音,全清,牙音,次清
1149,1259,踏,tà,6805,93.6228890348,TAP,トウ,t,ou,False,t,a,4,透覃一開,入,4,舌音,全清,ㄷ,舌音,全清,舌音,次清
1150,1260,溜,liū,6798,93.6384753521,LYU,リュウ,r,yuu,False,l,iu,1,來尤三開,去,3,流音,次濁,ㄹ,流音,次濁,舌音,次濁
1151,1261,季,jì,6776,93.6462415766,KYEY,キ,k,i,True,j,i,4,見脂三合,去,3,牙音,全清,ㄱ,牙音,全清,歯音,全清
1152,1263,爹,diē,6765,93.6617602718,TA,タ,t,a,False,d,ie,1,知麻三開,平,1,舌音,全清,ㄷ,舌音,全清,舌音,全清
1153,1264,奴,nú,6757,93.6695047197,NO,ド,d,o,False,n,u,2,泥模一開,平,1,舌音,全濁,ㄴ,舌音,次濁,舌音,次濁
1154,1265,启,qǐ,6748,93.6849775695,KYEY,ケイ,k,ei,False,q,i,3,溪齊四開,上,2,牙音,全清,ㄱ,牙音,全清,歯音,次清
1155,1266,返,fǎn,6742,93.6927048253,PAN,ヘン,h,en,False,f,an,3,幫元三合,上,2,唇音,全清,ㅂ,唇音,全清,唇音,次清
1156,1268,醉,zuì,6700,93.7080813995,CHWI,スイ,s,ui,False,z,ui,4,精脂三合,去,3,歯音,全清,ㅊ,歯音,次清,歯音,全清
1157,1269,巡,xún,6663,93.7310236243,SWUN,ジュン,j,un,False,x,un,2,邪諄三合,平,1,歯音,全濁,ㅅ,歯音,全清,歯音,次清
1158,1270,伍,wǔ,6638,93.7386316818,O,ゴ,g,o,False,w,u,3,疑模一開,上,2,牙音,全濁,ㅇ,喉音,次濁,喉音,次濁
1159,1271,裂,liè,6602,93.7537801748,LYEL,レツ,r,etsu,True,l,ie,4,來仙三開,入,4,流音,次濁,ㄹ,流音,次濁,舌音,次濁
1160,1272,戒,jiè,6597,93.7613412407,KYEY,カイ,k,ai,False,j,ie,4,見皆二開,去,3,牙音,全清,ㄱ,牙音,全清,歯音,全清
1161,1273,粮,liáng,6567,93.7764163809,LYANG,リョウ,r,you,False,l,iang,2,來陽三開,平,1,流音,次濁,ㄹ,流音,次濁,舌音,次濁
1162,1274,役,yì,6549,93.7914284836,YEK,ヤク,y,aku,True,y,i,4,以清三合,入,4,喉音,次濁,ㅇ,喉音,次濁,喉音,次濁
1163,1275,娃,wá,6532,93.7989150507,WAY,ア,,a,False,w,a,2,影佳二開,平,1,喉音,次濁,ㅇ,喉音,次濁,喉音,次濁
1164,1276,悉,xī,6517,93.8063844256,SIL,シツ,s,hitsu,True,x,i,1,心眞三開,入,4,歯音,全清,ㅅ,歯音,全清,歯音,次清
1165,1277,崇,chóng,6512,93.8138480699,SWUNG,スウ,s,uu,False,ch,ong,2,崇東三開,平,1,歯音,全清,ㅅ,歯音,全清,歯音,次清
1166,1278,序,xù,6480,93.8436029331,SE,ジョ,j,o,False,x,u,4,邪魚三開,上,2,歯音,全濁,ㅅ,歯音,全清,歯音,次清
1167,1279,玲,líng,6468,93.8584316538,LYENG,レイ,r,ei,False,l,ing,2,來青四開,平,1,流音,次濁,ㄹ,流音,次濁,舌音,次濁
1168,1281,唇,chún,6450,93.8732294289,CIN,シン,s,hin,False,ch,un,2,章眞三開,平,1,歯音,全清,ㅈ,歯音,全清,歯音,次清
1169,1282,岳,yuè,6445,93.880616282,AK,ガク,g,aku,True,y,ue,4,疑江二開,入,4,牙音,全濁,ㅇ,喉音,次濁,喉音,次濁
1170,1283,宿,sù,6435,93.8879916737,SWU,シュク,s,huku,True,s,u,4,心尤三開,去,3,歯音,全清,ㅅ,歯音,全清,歯音,次清
1171,1284,宿,sù,6435,93.8879916737,SWUK,シュク,s,huku,True,s,u,4,心尤三開,去,3,歯音,全清,ㅅ,歯音,全清,歯音,次清
1172,1285,屈,qū,6427,93.9027321419,KWUL,クツ,k,utsu,True,q,u,1,見文三合,入,4,牙音,全清,ㄱ,牙音,全清,歯音,次清
1173,1286,薛,xuē,6426,93.9174634411,SEL,セツ,s,etsu,True,x,ue,1,心仙三開,入,4,歯音,全清,ㅅ,歯音,全清,歯音,次清
1174,1287,勃,bó,6419,93.9248204946,PAL,ボツ,b,otsu,True,b,o,2,並魂一合,入,4,唇音,全濁,ㅂ,唇音,全清,唇音,全清
1175,1288,俊,jùn,6408,93.9395219942,CWUN,シュン,s,hun,False,j,un,4,精諄三合,去,3,歯音,全清,ㅈ,歯音,全清,歯音,全清
1176,1290,坡,pō,6381,93.9761399258,PHA,ハ,h,a,False,p,o,1,滂戈一合,平,1,唇音,全清,ㅍ,唇音,次清,唇音,次清
1177,1291,玄,xuán,6345,93.9979921742,HYEN,ゲン,g,en,False,x,uan,2,匣先四合,平,1,牙音,全濁,ㅎ,喉音,次清,歯音,次清
1178,1292,恢,huī,6344,94.0052632675,HOY,カイ,k,ai,False,h,ui,1,溪灰一合,平,1,牙音,全清,ㅎ,喉音,次清,牙音,次清
1179,1293,均,jūn,6343,94.0125332146,KYUN,キン,k,in,False,j,un,1,見諄三合,平,1,牙音,全清,ㄱ,牙音,全清,歯音,全清
1180,1295,蛇,shé,6302,94.0269837102,SA,ジャ,j,a,False,sh,e,2,以支三開,平,1,歯音,全濁,ㅅ,歯音,全清,歯音,次清
1181,1296,蛇,shé,6302,94.0269837102,I,ジャ,j,a,False,sh,e,2,以支三開,平,1,歯音,全濁,ㅇ,喉音,次濁,歯音,次清
1182,1297,扶,fú,6292,94.0341952043,PWU,フ,f,u,False,f,u,2,並虞三合,平,1,唇音,全清,ㅂ,唇音,全清,唇音,次清
1183,1298,碗,wǎn,6265,94.0413757527,WAN,ワン,w,an,False,w,an,3,影桓一合,上,2,喉音,次濁,ㅇ,喉音,次濁,喉音,次濁
1184,1299,熊,xióng,6251,94.0485402552,WUNG,ユウ,y,uu,False,x,iong,2,云東三開,平,1,喉音,次濁,ㅇ,喉音,次濁,歯音,次清
1185,1300,陶,táo,6242,94.0556944425,TO,トウ,t,ou,False,t,ao,2,以宵三開,平,1,舌音,全清,ㄷ,舌音,全清,舌音,次清
1186,1301,陶,táo,6242,94.0556944425,YO,トウ,t,ou,False,t,ao,2,以宵三開,平,1,舌音,全清,ㅇ,喉音,次濁,舌音,次清
1187,1302,傻,shǎ,6218,94.0628211225,SA,サ,s,a,False,sh,a,3,生麻二合,上,2,歯音,全清,ㅅ,歯音,全清,歯音,次清
1188,1303,拾,shí,6195,94.0699214414,SIP,シュウ,s,huu,False,sh,i,2,常侵三開,入,4,歯音,全清,ㅅ,歯音,全清,歯音,次清
1189,1304,拾,shí,6195,94.0699214414,SUP,シュウ,s,huu,False,sh,i,2,常侵三開,入,4,歯音,全清,ㅅ,歯音,全清,歯音,次清
1190,1305,拼,pīn,6172,94.0769953991,PHYENG,ホウ,h,ou,False,p,in,1,幫耕二開,平,1,唇音,全清,ㅍ,唇音,次清,唇音,次清
1191,1306,瑟,sè,6163,94.0840590415,SUL,シツ,s,hitsu,True,s,e,4,生臻三開,入,4,歯音,全清,ㅅ,歯音,全清,歯音,次清
1192,1307,牢,láo,6160,94.0911192456,LOY,ロウ,r,ou,False,l,ao,2,來豪一開,平,1,流音,次濁,ㄹ,流音,次濁,舌音,次濁
1193,1308,牢,láo,6160,94.0911192456,LO,ロウ,r,ou,False,l,ao,2,來豪一開,平,1,流音,次濁,ㄹ,流音,次濁,舌音,次濁
1194,1309,赤,chì,6153,94.0981714266,CEK,セキ,s,eki,True,ch,i,4,昌清三開,入,4,歯音,全清,ㅈ,歯音,全清,歯音,次清
1195,1310,涂,tú,6153,94.1052236077,TO,チョ,c,ho,False,t,u,2,澄魚三開,平,1,舌音,全清,ㄷ,舌音,全清,舌音,次清
1196,1311,桃,táo,6146,94.1122677658,TO,トウ,t,ou,False,t,ao,2,定豪一開,平,1,舌音,全清,ㄷ,舌音,全清,舌音,次清
1197,1313,仆,pū,6137,94.1263423285,PWU,フ,f,u,False,p,u,1,滂虞三合,去,3,唇音,全清,ㅂ,唇音,全清,唇音,次清
1198,1314,吟,yín,6136,94.1333750252,UM,ギン,g,in,False,y,in,2,疑侵三開,平,1,牙音,全濁,ㅇ,喉音,次濁,喉音,次濁
1199,1316,池,chí,6125,94.1474266651,THA,チ,c,hi,True,ch,i,2,澄支三開,平,1,舌音,全清,ㅌ,舌音,次清,歯音,次清
1200,1317,池,chí,6125,94.1474266651,CI,チ,c,hi,True,ch,i,2,澄支三開,平,1,舌音,全清,ㅈ,歯音,全清,歯音,次清
1201,1318,祝,zhù,6115,94.1684651562,CHWUK,シュク,s,huku,True,zh,u,4,章尤三開,去,3,歯音,全清,ㅊ,歯音,次清,歯音,全清
1202,1319,祝,zhù,6115,94.1684651562,CWU,シュク,s,huku,True,zh,u,4,章尤三開,去,3,歯音,全清,ㅈ,歯音,全清,歯音,全清
1203,1320,聊,liáo,6103,94.1824583431,LYO,リョウ,r,you,False,l,iao,2,來蕭四開,平,1,流音,次濁,ㄹ,流音,次濁,舌音,次濁
1204,1321,瞪,dèng,6078,94.1964091229,CING,トウ,t,ou,False,d,eng,4,澄耕二開,平,1,舌音,全清,ㅈ,歯音,全清,舌音,全清
1205,1322,捉,zhuō,6073,94.203369613,CHAK,ソク,s,oku,True,zh,uo,1,莊江二開,入,4,歯音,全清,ㅊ,歯音,次清,歯音,全清
1206,1323,璇,xuán,6056,94.2242098225,SEN,セン,s,en,False,x,uan,2,邪仙三合,平,1,歯音,全清,ㅅ,歯音,全清,歯音,次清
1207,1324,殊,shū,6038,94.2311301978,SWU,シュ,s,hu,False,sh,u,1,常虞三合,平,1,歯音,全清,ㅅ,歯音,全清,歯音,次清
1208,1325,描,miáo,6036,94.2380482809,MYO,ビョウ,b,you,False,m,iao,2,明宵三開,平,1,唇音,全濁,ㅁ,唇音,次濁,唇音,次濁
1209,1326,曰,yuē,6036,94.2449663639,WAL,エツ,,etsu,True,y,ue,1,云元三合,入,4,喉音,次濁,ㅇ,喉音,次濁,喉音,次濁
1210,1327,鼠,shǔ,6013,94.2587578307,SE,ソ,s,o,False,sh,u,3,書魚三開,上,2,歯音,全清,ㅅ,歯音,全清,歯音,次清
1211,1328,郭,guō,6012,94.2656484064,KWAK,カク,k,aku,True,g,uo,1,見唐一合,入,4,牙音,全清,ㄱ,牙音,全清,牙音,全清
1212,1329,疲,pí,6003,94.272528667,PHI,ヒ,h,i,False,p,i,2,並支三開,平,1,唇音,全清,ㅍ,唇音,次清,唇音,次清
1213,1330,暖,nuǎn,6000,94.2794054891,NAN,ダン,d,an,False,n,uan,3,泥桓一合,上,2,舌音,全濁,ㄴ,舌音,次濁,舌音,次濁
1214,1331,暖,nuǎn,6000,94.2794054891,HWEN,ダン,d,an,False,n,uan,3,泥桓一合,上,2,舌音,全濁,ㅎ,喉音,次清,舌音,次濁
1215,1332,寄,jì,5991,94.286271996,KI,キ,k,i,True,j,i,4,見支三開,去,3,牙音,全清,ㄱ,牙音,全清,歯音,全清
1216,1333,括,kuò,5948,94.3272807786,KWAL,カツ,k,atsu,True,k,uo,4,見桓一合,入,4,牙音,全清,ㄱ,牙音,全清,牙音,次清
1217,1334,猪,zhū,5944,94.334093417,CE,チョ,c,ho,False,zh,u,1,知魚三開,平,1,舌音,全清,ㅈ,歯音,全清,歯音,全清
1218,1335,泉,quán,5939,94.3409003248,CHEN,セン,s,en,False,q,uan,2,從仙三合,平,1,歯音,全清,ㅊ,歯音,次清,歯音,次清
1219,1336,敏,mǐn,5919,94.3544751717,MIN,ビン,b,in,False,m,in,3,明眞三開,上,2,唇音,全濁,ㅁ,唇音,次濁,唇音,次濁
1220,1337,映,yìng,5910,94.3612488414,YENG,エイ,,ei,False,y,ing,4,影唐一開,上,2,喉音,次濁,ㅇ,喉音,次濁,喉音,次濁
1221,1338,斜,xié,5903,94.3680144883,YA,シャ,s,ha,False,x,ie,2,以麻三開,平,1,歯音,全清,ㅇ,喉音,次濁,歯音,次清
1222,1339,斜,xié,5903,94.3680144883,SA,シャ,s,ha,False,x,ie,2,以麻三開,平,1,歯音,全清,ㅅ,歯音,全清,歯音,次清
1223,1340,慧,huì,5866,94.4016822632,HYEY,ケイ,k,ei,False,h,ui,4,匣齊四合,去,3,牙音,全清,ㅎ,喉音,次清,牙音,次清
1224,1341,唉,āi,5853,94.4083906032,AY,アイ,,ai,False,,ai,1,影咍一開,平,1,喉音,次濁,ㅇ,喉音,次濁,喉音,次濁
1225,1342,繁,fán,5849,94.4150943587,PAN,ハン,h,an,False,f,an,2,並元三合,平,1,唇音,全清,ㅂ,唇音,全清,唇音,次清
1226,1343,繁,fán,5849,94.4150943587,PEN,ハン,h,an,False,f,an,2,並元三合,平,1,唇音,全清,ㅂ,唇音,全清,唇音,次清
1227,1344,促,cù,5845,94.4284938466,CHOK,ソク,s,oku,True,c,u,4,清鍾三開,入,4,歯音,全清,ㅊ,歯音,次清,歯音,次清
1228,1345,予,yǔ,5840,94.4351872868,YE,ヨ,y,o,False,y,u,3,以魚三開,平,1,喉音,次濁,ㅇ,喉音,次濁,喉音,次濁
1229,1346,茫,máng,5833,94.441872704,MANG,ボウ,b,ou,False,m,ang,2,明唐一開,平,1,唇音,全濁,ㅁ,唇音,次濁,唇音,次濁
1230,1347,搭,dā,5792,94.4618028806,THAP,トウ,t,ou,False,d,a,1,透談一開,入,4,舌音,全清,ㅌ,舌音,次清,舌音,全清
1231,1348,吞,tūn,5792,94.4684413063,THAN,ドン,d,on,False,t,un,1,透痕一開,平,1,舌音,全濁,ㅌ,舌音,次清,舌音,次清
1232,1350,桂,guì,5758,94.48165512,KYEY,ケイ,k,ei,False,g,ui,4,見齊四合,去,3,牙音,全清,ㄱ,牙音,全清,牙音,全清
1233,1351,菲,fēi,5747,94.5014328604,PI,ヒ,h,i,False,f,ei,1,滂微三合,平,1,唇音,全清,ㅂ,唇音,全清,唇音,次清
1234,1352,灾,zāi,5739,94.5080105407,CAY,サイ,s,ai,False,z,ai,1,精咍一開,平,1,歯音,全清,ㅈ,歯音,全清,歯音,全清
1235,1353,乾,gān,5716,94.51456186,KAN,カン,k,an,False,g,an,1,見寒一開,平,1,牙音,全清,ㄱ,牙音,全清,牙音,全清
1236,1354,乾,gān,5716,94.51456186,KEN,カン,k,an,False,g,an,1,見寒一開,平,1,牙音,全清,ㄱ,牙音,全清,牙音,全清
1237,1355,乾,qián,5716,94.51456186,KEN,カン,k,an,False,q,ian,2,見寒一開,平,1,牙音,全清,ㄱ,牙音,全清,歯音,次清
1238,1356,乾,qián,5716,94.51456186,KAN,カン,k,an,False,q,ian,2,見寒一開,平,1,牙音,全清,ㄱ,牙音,全清,歯音,次清
1239,1357,悔,huǐ,5714,94.5211108869,HOY,カイ,k,ai,False,h,ui,3,曉灰一合,上,2,牙音,全清,ㅎ,喉音,次清,牙音,次清
1240,1358,膀,bǎng,5713,94.5276587677,PANG,ボウ,b,ou,False,b,ang,3,並唐一開,平,1,唇音,全濁,ㅂ,唇音,全清,唇音,全清
1241,1360,署,shǔ,5703,94.5407384834,SE,ショ,s,ho,False,sh,u,3,常魚三開,去,3,歯音,全清,ㅅ,歯音,全清,歯音,次清
1242,1361,玻,bō,5698,94.5472691721,PHA,ハ,h,a,False,b,o,1,滂戈一合,平,1,唇音,全清,ㅍ,唇音,次清,唇音,全清
1243,1363,嫂,sǎo,5669,94.5732841902,SWU,ソウ,s,ou,False,s,ao,3,心豪一開,上,2,歯音,全清,ㅅ,歯音,全清,歯音,次清
1244,1364,羽,yǔ,5666,94.5797782025,WU,ウ,,u,False,y,u,3,云虞三合,上,2,喉音,次濁,ㅇ,喉音,次濁,喉音,次濁
1245,1365,堪,kān,5656,94.5862607535,KAM,カン,k,an,False,k,an,1,溪覃一開,平,1,牙音,全清,ㄱ,牙音,全清,牙音,次清
1246,1366,矮,ǎi,5640,94.6056820453,WAY,ワイ,w,ai,False,,ai,3,影佳二開,上,2,喉音,次濁,ㅇ,喉音,次濁,喉音,次濁
1247,1367,傅,fù,5637,94.6121428197,PWU,フ,f,u,False,f,u,4,幫虞三合,去,3,唇音,全清,ㅂ,唇音,全清,唇音,次清
1248,1368,欺,qī,5637,94.6186035941,KI,ギ,g,i,False,q,i,1,溪之三開,平,1,牙音,全濁,ㄱ,牙音,全清,歯音,次清
1249,1369,汪,wāng,5619,94.6314884665,WANG,オウ,,ou,False,w,ang,1,影唐一合,平,1,喉音,次濁,ㅇ,喉音,次濁,喉音,次濁
1250,1370,域,yù,5611,94.6379194413,YEK,イキ,,iki,True,y,u,4,云蒸三合,入,4,喉音,次濁,ㅇ,喉音,次濁,喉音,次濁
1251,1371,糟,zāo,5603,94.644341247,CO,ソウ,s,ou,False,z,ao,1,精豪一開,平,1,歯音,全清,ㅈ,歯音,全清,歯音,全清
1252,1372,浩,hào,5597,94.6507561759,HO,コウ,k,ou,False,h,ao,4,匣豪一開,上,2,牙音,全清,ㅎ,喉音,次清,牙音,次清
1253,1373,禧,xǐ,5590,94.6571630819,HUY,キ,k,i,True,x,i,3,曉之三開,平,1,牙音,全清,ㅎ,喉音,次清,歯音,次清
1254,1374,虫,chóng,5589,94.6635688417,HWEY,チュウ,c,huu,False,ch,ong,2,曉微三合,上,2,舌音,全清,ㅎ,喉音,次清,歯音,次清
1255,1375,虫,chóng,5589,94.6635688417,CHWUNG,チュウ,c,huu,False,ch,ong,2,曉微三合,上,2,舌音,全清,ㅊ,歯音,次清,歯音,次清
1256,1376,袖,xiù,5571,94.6763597308,SWU,シュウ,s,huu,False,x,iu,4,邪尤三開,去,3,歯音,全清,ㅅ,歯音,全清,歯音,次清
1257,1377,悟,wù,5567,94.6827402756,O,ゴ,g,o,False,w,u,4,疑模一開,去,3,牙音,全濁,ㅇ,喉音,次濁,喉音,次濁
1258,1380,涉,shè,5536,94.7081833713,SEP,ショウ,s,hou,False,sh,e,4,常鹽三開,入,4,歯音,全清,ㅅ,歯音,全清,歯音,次清
1259,1381,丑,chǒu,5499,94.7208080706,CHWUK,チュウ,c,huu,False,ch,ou,3,徹尤三開,上,2,舌音,全清,ㅊ,歯音,次清,歯音,次清
1260,1382,丑,chǒu,5499,94.7208080706,CHWU,チュウ,c,huu,False,ch,ou,3,徹尤三開,上,2,舌音,全清,ㅊ,歯音,次清,歯音,次清
1261,1383,盟,méng,5476,94.7333605633,MAYNG,メイ,m,ei,False,m,eng,2,明庚三開,平,1,唇音,次濁,ㅁ,唇音,次濁,唇音,次濁
1262,1384,歇,xiē,5476,94.7396368096,HEL,ケツ,k,etsu,True,x,ie,1,曉元三開,入,4,牙音,全清,ㅎ,喉音,次清,歯音,次清
1263,1385,吻,wěn,5468,94.7584483565,MWUN,フン,f,un,False,w,en,3,明文三合,上,2,唇音,全清,ㅁ,唇音,次濁,喉音,次濁
1264,1386,邦,bāng,5459,94.7647051185,PANG,ホウ,h,ou,False,b,ang,1,幫江二開,平,1,唇音,全清,ㅂ,唇音,全清,唇音,全清
1265,1387,怔,zhēng,5447,94.7709481268,CENG,セイ,s,ei,False,zh,eng,1,章清三開,平,1,歯音,全清,ㅈ,歯音,全清,歯音,全清
1266,1388,亭,tíng,5445,94.7771888429,CENG,テイ,t,ei,False,t,ing,2,定青四開,平,1,舌音,全清,ㅈ,歯音,全清,舌音,次清
1267,1389,牲,shēng,5442,94.7896633982,SAYNG,セイ,s,ei,False,sh,eng,1,生庚二開,平,1,歯音,全清,ㅅ,歯音,全清,歯音,次清
1268,1391,霞,xiá,5416,94.8020944004,HA,カ,k,a,False,x,ia,2,匣麻二開,平,1,牙音,全清,ㅎ,喉音,次清,歯音,次清
1269,1392,穴,xué,5416,94.8083018785,HYEL,ケツ,k,etsu,True,x,ue,2,匣先四合,入,4,牙音,全清,ㅎ,喉音,次清,歯音,次清
1270,1393,扇,shàn,5408,94.8145001875,SEN,セン,s,en,False,sh,an,4,書仙三開,平,1,歯音,全清,ㅅ,歯音,全清,歯音,次清
1271,1394,播,bō,5402,94.8206916197,PHA,ハ,h,a,False,b,o,1,幫戈一合,去,3,唇音,全清,ㅍ,唇音,次清,唇音,全清
1272,1395,扯,chě,5390,94.8392315321,CHA,シャ,s,ha,False,ch,e,3,昌麻三開,上,2,歯音,全清,ㅊ,歯音,次清,歯音,次清
1273,1396,勤,qín,5386,94.8454046261,KUN,キン,k,in,False,q,in,2,群欣三開,平,1,牙音,全清,ㄱ,牙音,全清,歯音,次清
1274,1398,璃,lí,5360,94.8761898664,LI,リ,r,i,False,l,i,2,來支三開,平,1,流音,次濁,ㄹ,流音,次濁,舌音,次濁
1275,1399,吵,chǎo,5340,94.8823102381,MYO,ソウ,s,ou,False,ch,ao,3,明宵三開,上,2,歯音,全清,ㅁ,唇音,次濁,歯音,次清
1276,1400,吵,chǎo,5340,94.8823102381,CHO,ソウ,s,ou,False,ch,ao,3,明宵三開,上,2,歯音,全清,ㅊ,歯音,次清,歯音,次清
1277,1401,措,cuò,5334,94.888423733,CO,ソ,s,o,False,c,uo,4,清模一開,去,3,歯音,全清,ㅈ,歯音,全清,歯音,次清
1278,1402,措,cuò,5334,94.888423733,CHAYK,ソ,s,o,False,c,uo,4,清模一開,去,3,歯音,全清,ㅊ,歯音,次清,歯音,次清
1279,1403,幅,fú,5328,94.894530351,PHOK,フク,f,uku,True,f,u,2,幫東三開,入,4,唇音,全清,ㅍ,唇音,次清,唇音,次清
1280,1404,挨,āi,5327,94.900635823,AY,アイ,,ai,False,,ai,1,影皆二開,上,2,喉音,次濁,ㅇ,喉音,次濁,喉音,次濁
1281,1405,染,rǎn,5320,94.9067332719,YEM,セン,s,en,False,r,an,3,日鹽三開,上,2,歯音,全清,ㅇ,喉音,次濁,歯音,次濁
1282,1406,疼,téng,5318,94.9189247314,TONG,トウ,t,ou,False,t,eng,2,定冬一開,平,1,舌音,全清,ㄷ,舌音,全清,舌音,次清
1283,1407,旨,zhǐ,5310,94.925010719,CI,シ,s,hi,False,zh,i,3,章脂三開,上,2,歯音,全清,ㅈ,歯音,全清,歯音,全清
1284,1408,喘,chuǎn,5284,94.943204498,CHEN,セン,s,en,False,ch,uan,3,昌仙三合,上,2,歯音,全清,ㅊ,歯音,次清,歯音,次清
1285,1409,燃,rán,5248,94.967303175,YEN,ネン,n,en,False,r,an,2,日仙三開,平,1,舌音,次濁,ㅇ,喉音,次濁,歯音,次濁
1286,1410,跪,guì,5243,94.9733123714,KWEY,キ,k,i,True,g,ui,4,溪支三合,上,2,牙音,全清,ㄱ,牙音,全清,牙音,全清
1287,1411,郁,yù,5218,94.9792929144,WUK,イク,,iku,True,y,u,4,影東三開,入,4,喉音,次濁,ㅇ,喉音,次濁,喉音,次濁
1288,1412,瓜,guā,5211,94.9912413928,KWA,カ,k,a,False,g,ua,1,見麻二合,平,1,牙音,全清,ㄱ,牙音,全清,牙音,全清
1289,1413,耀,yào,5208,94.9972104744,YO,ヨウ,y,ou,False,y,ao,4,以宵三開,去,3,喉音,次濁,ㅇ,喉音,次濁,喉音,次濁
1290,1414,葛,gé,5205,95.0031761176,KAL,カツ,k,atsu,True,g,e,2,見寒一開,入,4,牙音,全清,ㄱ,牙音,全清,牙音,全清
1291,1415,毅,yì,5187,95.0150730199,UY,キ,k,i,True,y,i,4,疑微三開,去,3,牙音,全清,ㅇ,喉音,次濁,喉音,次濁
1292,1416,豫,yù,5187,95.0210180326,YEY,ヨ,y,o,False,y,u,4,以魚三開,去,3,喉音,次濁,ㅇ,喉音,次濁,喉音,次濁
1293,1417,吼,hǒu,5174,95.0269481455,HWU,コウ,k,ou,False,h,ou,3,曉侯一開,上,2,牙音,全清,ㅎ,喉音,次清,牙音,次清
1294,1418,忌,jì,5174,95.0328782585,KI,キ,k,i,True,j,i,4,群之三開,去,3,牙音,全清,ㄱ,牙音,全清,歯音,全清
1295,1419,宙,zhòu,5166,95.0387992023,CWU,チュウ,c,huu,False,zh,ou,4,澄尤三開,去,3,舌音,全清,ㅈ,歯音,全清,歯音,全清
1296,1420,戈,gē,5159,95.0506273364,KWA,カ,k,a,False,g,e,1,見戈一合,平,1,牙音,全清,ㄱ,牙音,全清,牙音,全清
1297,1421,掠,lüè,5144,95.0565230652,LYANG,リャク,r,yaku,True,l,üe,4,來陽三開,去,3,流音,次濁,ㄹ,流音,次濁,舌音,次濁
1298,1422,掠,lüè,5144,95.0565230652,LYAK,リャク,r,yaku,True,l,üe,4,來陽三開,去,3,流音,次濁,ㄹ,流音,次濁,舌音,次濁
1299,1423,惟,wéi,5132,95.0682893079,YU,イ,,i,False,w,ei,2,以脂三合,平,1,喉音,次濁,ㅇ,喉音,次濁,喉音,次濁
1300,1424,嫁,jià,5108,95.0741437758,KA,カ,k,a,False,j,ia,4,見麻二開,去,3,牙音,全清,ㄱ,牙音,全清,歯音,全清
1301,1425,滴,dī,5100,95.0799890746,CEK,テキ,t,eki,True,d,i,1,端青四開,入,4,舌音,全清,ㅈ,歯音,全清,舌音,全清
1302,1426,仲,zhòng,5098,95.0858320811,CWUNG,チュウ,c,huu,False,zh,ong,4,澄東三開,去,3,舌音,全清,ㅈ,歯音,全清,歯音,全清
1303,1429,艘,sōu,5083,95.1091674308,SO,ソウ,s,ou,False,s,ou,1,心蕭四開,平,1,歯音,全清,ㅅ,歯音,全清,歯音,次清
1304,1430,嫌,xián,5070,95.1149783455,HYEM,ケン,k,en,False,x,ian,2,匣添四開,平,1,牙音,全清,ㅎ,喉音,次清,歯音,次清
1305,1431,萍,píng,5065,95.1207835295,PHYENG,ヘイ,h,ei,False,p,ing,2,並青四開,平,1,唇音,全清,ㅍ,唇音,次清,唇音,次清
1306,1432,吾,wú,5059,95.1265818367,O,ゴ,g,o,False,w,u,2,疑模一開,平,1,牙音,全濁,ㅇ,喉音,次濁,喉音,次濁
1307,1433,佳,jiā,5058,95.1323789978,KA,カ,k,a,False,j,ia,1,見佳二開,平,1,牙音,全清,ㄱ,牙音,全清,歯音,全清
1308,1434,佳,jiā,5058,95.1323789978,KAY,カ,k,a,False,j,ia,1,見佳二開,平,1,牙音,全清,ㄱ,牙音,全清,歯音,全清
1309,1435,稀,xī,5055,95.1381727204,HUY,キ,k,i,True,x,i,1,曉微三開,平,1,牙音,全清,ㅎ,喉音,次清,歯音,次清
1310,1436,甜,tián,5040,95.143949251,CHEM,テン,t,en,False,t,ian,2,定添四開,平,1,舌音,全清,ㅊ,歯音,次清,舌音,次清
1311,1437,衫,shān,5025,95.161247897,SAM,サン,s,an,False,sh,an,1,生銜二開,平,1,歯音,全清,ㅅ,歯音,全清,歯音,次清
1312,1438,柴,chái,5008,95.1784777749,SI,サイ,s,ai,False,ch,ai,2,崇佳二開,平,1,歯音,全清,ㅅ,歯音,全清,歯音,次清
1313,1439,柴,chái,5008,95.1784777749,CHAY,サイ,s,ai,False,ch,ai,2,崇佳二開,平,1,歯音,全清,ㅊ,歯音,次清,歯音,次清
1314,1440,肖,xiào,5007,95.1842164829,CHO,ショウ,s,hou,False,x,iao,4,心宵三開,去,3,歯音,全清,ㅊ,歯音,次清,歯音,次清
1315,1441,肖,xiào,5007,95.1842164829,SO,ショウ,s,hou,False,x,iao,4,心宵三開,去,3,歯音,全清,ㅅ,歯音,全清,歯音,次清
1316,1443,嘉,jiā,4995,95.1956709763,KA,カ,k,a,False,j,ia,1,見麻二開,平,1,牙音,全清,ㄱ,牙音,全清,歯音,全清
1317,1444,扣,kòu,4984,95.2013833232,KWU,コウ,k,ou,False,k,ou,4,溪侯一開,上,2,牙音,全清,ㄱ,牙音,全清,牙音,次清
1318,1445,牧,mù,4975,95.2070853549,MOK,ボク,b,oku,True,m,u,4,明東三開,入,4,唇音,全濁,ㅁ,唇音,次濁,唇音,次濁
1319,1446,哲,zhé,4960,95.2184584725,CHEL,テツ,t,etsu,True,zh,e,2,知仙三開,入,4,舌音,全清,ㅊ,歯音,次清,歯音,全清
1320,1447,卜,bǔ,4958,95.2241410199,POK,ボク,b,oku,True,b,u,3,幫東一開,入,4,唇音,全濁,ㅂ,唇音,全清,唇音,全清
1321,1448,卜,bo,4958,95.2241410199,POK,ボク,b,oku,True,b,o,5,幫東一開,入,4,唇音,全濁,ㅂ,唇音,全清,唇音,全清
1322,1449,匹,pǐ,4946,95.2354854841,PHIL,ヒツ,h,itsu,True,p,i,3,滂眞三開,入,4,唇音,全清,ㅍ,唇音,次清,唇音,次清
1323,1450,匹,pǐ,4946,95.2354854841,MOK,ヒツ,h,itsu,True,p,i,3,滂眞三開,入,4,唇音,全清,ㅁ,唇音,次濁,唇音,次清
1324,1451,艇,tǐng,4944,95.2411519855,CENG,テイ,t,ei,False,t,ing,3,定青四開,上,2,舌音,全清,ㅈ,歯音,全清,舌音,次清
1325,1452,喃,nán,4933,95.2524655041,NAM,ナン,n,an,False,n,an,2,娘咸二開,平,1,舌音,次濁,ㄴ,舌音,次濁,舌音,次濁
1326,1453,跌,diē,4932,95.2581182518,CIL,テツ,t,etsu,True,d,ie,1,定先四開,入,4,舌音,全清,ㅈ,歯音,全清,舌音,全清
1327,1454,跌,dié,4932,95.2581182518,CIL,テツ,t,etsu,True,d,ie,2,定先四開,入,4,舌音,全清,ㅈ,歯音,全清,舌音,全清
1328,1455,柱,zhù,4929,95.2637675612,CWU,チュウ,c,huu,False,zh,u,4,澄虞三合,上,2,舌音,全清,ㅈ,歯音,全清,歯音,全清
1329,1456,痕,hén,4928,95.2694157244,HUN,コン,k,on,False,h,en,2,匣痕一開,平,1,牙音,全清,ㅎ,喉音,次清,牙音,次清
1330,1457,脖,bó,4926,95.2750615954,PAL,ボツ,b,otsu,True,b,o,2,並魂一合,入,4,唇音,全濁,ㅂ,唇音,全清,唇音,全清
1331,1458,乏,fá,4925,95.2807063202,PHIP,ボウ,b,ou,False,f,a,2,並凡三合,入,4,唇音,全濁,ㅍ,唇音,次清,唇音,次清
1332,1459,舌,shé,4906,95.2863292685,SEL,ゼツ,z,etsu,True,sh,e,2,匣刪二合,入,4,歯音,全濁,ㅅ,歯音,全清,歯音,次清
1333,1460,培,péi,4900,95.2919453399,PWU,バイ,b,ai,False,p,ei,2,並灰一合,平,1,唇音,全濁,ㅂ,唇音,全清,唇音,次清
1334,1461,培,péi,4900,95.2919453399,PAY,バイ,b,ai,False,p,ei,2,並灰一合,平,1,唇音,全濁,ㅂ,唇音,全清,唇音,次清
1335,1462,裁,cái,4894,95.2975545344,CAY,サイ,s,ai,False,c,ai,2,從咍一開,平,1,歯音,全清,ㅈ,歯音,全清,歯音,次清
1336,1463,慕,mù,4889,95.3143695107,MO,ボ,b,o,False,m,u,4,明模一開,去,3,唇音,全濁,ㅁ,唇音,次濁,唇音,次濁
1337,1464,芬,fēn,4886,95.3199695361,PWUN,フン,f,un,False,f,en,1,滂文三合,平,1,唇音,全清,ㅂ,唇音,全清,唇音,次清
1338,1465,墓,mù,4885,95.3255684155,MYO,ボ,b,o,False,m,u,4,明模一開,去,3,唇音,全濁,ㅁ,唇音,次濁,唇音,次濁
1339,1466,豆,dòu,4880,95.3311615641,TWU,トウ,t,ou,False,d,ou,4,定侯一開,去,3,舌音,全清,ㄷ,舌音,全清,舌音,全清
1340,1467,羞,xiū,4878,95.3367524205,SWU,シュウ,s,huu,False,x,iu,1,心尤三開,平,1,歯音,全清,ㅅ,歯音,全清,歯音,次清
1341,1468,抛,pāo,4870,95.3479226719,PHO,ホウ,h,ou,False,p,ao,1,滂肴二開,去,3,唇音,全清,ㅍ,唇音,次清,唇音,次清
1342,1469,脆,cuì,4863,95.3534963363,CHWI,ゼイ,z,ei,False,c,ui,4,清祭三合,去,3,歯音,全濁,ㅊ,歯音,次清,歯音,次清
1343,1471,寺,sì,4854,95.3646333497,SI,ジ,j,i,False,s,i,4,邪之三開,去,3,歯音,全濁,ㅅ,歯音,全清,歯音,次清
1344,1472,寺,sì,4854,95.3646333497,SA,ジ,j,i,False,s,i,4,邪之三開,去,3,歯音,全濁,ㅅ,歯音,全清,歯音,次清
1345,1473,兼,jiān,4844,95.3813004742,KYEM,ケン,k,en,False,j,ian,1,見添四開,平,1,牙音,全清,ㄱ,牙音,全清,歯音,全清
1346,1474,漠,mò,4837,95.3923950806,MAK,バク,b,aku,True,m,o,4,明唐一開,入,4,唇音,全濁,ㅁ,唇音,次濁,唇音,次濁
1347,1475,姿,zī,4834,95.4034793717,CA,シ,s,hi,False,z,i,1,精脂三開,平,1,歯音,全清,ㅈ,歯音,全清,歯音,全清
1348,1476,穆,mù,4820,95.4200685589,MOK,ボク,b,oku,True,m,u,4,明東三開,入,4,唇音,全濁,ㅁ,唇音,次濁,唇音,次濁
1349,1477,廊,láng,4810,95.4311012739,LANG,ロウ,r,ou,False,l,ang,2,來唐一開,平,1,流音,次濁,ㄹ,流音,次濁,舌音,次濁
1350,1478,趁,chèn,4802,95.4366050239,CEN,チン,c,hin,False,ch,en,4,澄眞三開,平,1,舌音,全清,ㅈ,歯音,全清,歯音,次清
1351,1479,趁,chèn,4802,95.4366050239,CIN,チン,c,hin,False,ch,en,4,澄眞三開,平,1,舌音,全清,ㅈ,歯音,全清,歯音,次清
1352,1480,扮,bàn,4793,95.4420984586,PWUN,フン,f,un,False,b,an,4,幫文三合,平,1,唇音,全清,ㅂ,唇音,全清,唇音,全清
1353,1481,扮,bàn,4793,95.4420984586,PAN,フン,f,un,False,b,an,4,幫文三合,平,1,唇音,全清,ㅂ,唇音,全清,唇音,全清
1354,1482,腹,fù,4780,95.4475769936,POK,フク,f,uku,True,f,u,4,幫東三開,入,4,唇音,全清,ㅂ,唇音,全清,唇音,次清
1355,1483,掏,tāo,4780,95.4530555285,TO,トウ,t,ou,False,t,ao,1,定豪一開,平,1,舌音,全清,ㄷ,舌音,全清,舌音,次清
1356,1484,盒,hé,4775,95.4585283328,HAP,ゴウ,g,ou,False,h,e,2,匣覃一開,入,4,牙音,全濁,ㅎ,喉音,次清,牙音,次清
1357,1485,劫,jié,4774,95.4639999909,KEP,ゴウ,g,ou,False,j,ie,2,見嚴三開,入,4,牙音,全濁,ㄱ,牙音,全清,歯音,全清
1358,1486,悠,yōu,4770,95.4694670645,YU,ユウ,y,uu,False,y,ou,1,以尤三開,平,1,喉音,次濁,ㅇ,喉音,次濁,喉音,次濁
1359,1487,傲,ào,4766,95.4749295535,O,ゴウ,g,ou,False,,ao,4,疑豪一開,去,3,牙音,全濁,ㅇ,喉音,次濁,喉音,次濁
1360,1488,愁,chóu,4755,95.4803794351,SWU,シュウ,s,huu,False,ch,ou,2,崇尤三開,平,1,歯音,全清,ㅅ,歯音,全清,歯音,次清
1361,1489,夕,xī,4755,95.4858293166,SEK,セキ,s,eki,True,x,i,1,邪清三開,入,4,歯音,全清,ㅅ,歯音,全清,歯音,次清
1362,1490,夕,xī,4755,95.4858293166,SA,セキ,s,eki,True,x,i,1,邪清三開,入,4,歯音,全清,ㅅ,歯音,全清,歯音,次清
1363,1491,耶,yé,4754,95.491278052,YA,ヤ,y,a,False,y,e,2,以麻三開,平,1,喉音,次濁,ㅇ,喉音,次濁,喉音,次濁
1364,1492,串,chuàn,4753,95.4967256413,KWAN,カン,k,an,False,ch,uan,4,見刪二合,去,3,牙音,全清,ㄱ,牙音,全清,歯音,次清
1365,1493,串,chuàn,4753,95.4967256413,CHEN,カン,k,an,False,ch,uan,4,見刪二合,去,3,牙音,全清,ㅊ,歯音,次清,歯音,次清
1366,1494,串,chuàn,4753,95.4967256413,KOC,カン,k,an,False,ch,uan,4,見刪二合,去,3,牙音,全清,ㄱ,牙音,全清,歯音,次清
1367,1496,倍,bèi,4741,95.5076013354,PAY,バイ,b,ai,False,b,ei,4,並咍一開,上,2,唇音,全濁,ㅂ,唇音,全清,唇音,全清
1368,1497,倍,bèi,4741,95.5076013354,PHAY,バイ,b,ai,False,b,ei,4,並咍一開,上,2,唇音,全濁,ㅍ,唇音,次清,唇音,全清
1369,1498,俱,jù,4738,95.5130317326,KWU,グ,g,u,False,j,u,4,見虞三合,平,1,牙音,全濁,ㄱ,牙音,全清,歯音,全清
1370,1499,柯,kē,4736,95.5184598376,KA,カ,k,a,False,k,e,1,見歌一開,平,1,牙音,全清,ㄱ,牙音,全清,牙音,次清
1371,1500,抹,mǒ,4732,95.523883358,MAL,マツ,m,atsu,True,m,o,3,明桓一合,入,4,唇音,次濁,ㅁ,唇音,次濁,唇音,次濁
1372,1501,植,zhí,4732,95.5293068783,CHI,ショク,s,hoku,True,zh,i,2,澄之三開,去,3,歯音,全清,ㅊ,歯音,次清,歯音,全清
1373,1502,植,zhí,4732,95.5293068783,SIK,ショク,s,hoku,True,zh,i,2,澄之三開,去,3,歯音,全清,ㅅ,歯音,全清,歯音,全清
1374,1503,估,gū,4712,95.5401229734,KO,コ,k,o,False,g,u,1,見模一開,上,2,牙音,全清,ㄱ,牙音,全清,牙音,全清
1375,1504,申,shēn,4670,95.5562273447,SIN,シン,s,hin,False,sh,en,1,書眞三開,平,1,歯音,全清,ㅅ,歯音,全清,歯音,次清
1376,1505,泛,fàn,4665,95.5615740739,PEM,ハン,h,an,False,f,an,4,滂凡三合,去,3,唇音,全清,ㅂ,唇音,全清,唇音,次清
1377,1506,泛,fàn,4665,95.5615740739,PONG,ハン,h,an,False,f,an,4,滂凡三合,去,3,唇音,全清,ㅂ,唇音,全清,唇音,次清
1378,1507,允,yǔn,4661,95.5669162185,YUN,イン,,in,False,y,un,3,以諄三合,上,2,喉音,次濁,ㅇ,喉音,次濁,喉音,次濁
1379,1508,叛,pàn,4660,95.572257217,PAN,ハン,h,an,False,p,an,4,並桓一合,去,3,唇音,全清,ㅂ,唇音,全清,唇音,次清
1380,1511,肥,féi,4647,95.5882389516,PI,ヒ,h,i,False,f,ei,2,並微三合,平,1,唇音,全清,ㅂ,唇音,全清,唇音,次清
1381,1512,核,hé,4642,95.5935593197,HOL,カク,k,aku,True,h,e,2,匣耕二開,入,4,牙音,全清,ㅎ,喉音,次清,牙音,次清
1382,1513,核,hé,4642,95.5935593197,HAYK,カク,k,aku,True,h,e,2,匣耕二開,入,4,牙音,全清,ㅎ,喉音,次清,牙音,次清
1383,1514,割,gē,4616,95.6041484796,HAL,カツ,k,atsu,True,g,e,1,見寒一開,入,4,牙音,全清,ㅎ,喉音,次清,牙音,全清
1384,1515,碧,bì,4613,95.6094356097,PYEK,ヘキ,h,eki,True,b,i,4,幫清三合,入,4,唇音,全清,ㅂ,唇音,全清,唇音,全清
1385,1516,翠,cuì,4600,95.6199938239,CHWI,スイ,s,ui,False,c,ui,4,清脂三合,去,3,歯音,全清,ㅊ,歯音,次清,歯音,次清
1386,1518,卓,zhuó,4593,95.630525677,THAK,タク,t,aku,True,zh,uo,2,知江二開,入,4,舌音,全清,ㅌ,舌音,次清,歯音,全清
1387,1519,勾,gōu,4587,95.6410449226,KWI,コウ,k,ou,False,g,ou,1,見侯一開,平,1,牙音,全清,ㄱ,牙音,全清,牙音,全清
1388,1520,勾,gōu,4587,95.6410449226,KWU,コウ,k,ou,False,g,ou,1,見侯一開,平,1,牙音,全清,ㄱ,牙音,全清,牙音,全清
1389,1521,租,zū,4574,95.6567836761,CO,ソ,s,o,False,z,u,1,精模一開,平,1,歯音,全清,ㅈ,歯音,全清,歯音,全清
1390,1523,籍,jí,4557,95.6724674151,CEK,セキ,s,eki,True,j,i,2,從清三開,入,4,歯音,全清,ㅈ,歯音,全清,歯音,全清
1391,1524,苗,miáo,4550,95.6776823386,MYO,ビョウ,b,you,False,m,iao,2,明宵三開,平,1,唇音,全濁,ㅁ,唇音,次濁,唇音,次濁
1392,1525,晴,qíng,4543,95.6881030164,CHENG,セイ,s,ei,False,q,ing,2,從清三開,平,1,歯音,全清,ㅊ,歯音,次清,歯音,次清
1393,1526,遣,qiǎn,4542,95.6933087707,KYEN,ケン,k,en,False,q,ian,3,溪仙三開,上,2,牙音,全清,ㄱ,牙音,全清,歯音,次清
1394,1527,董,dǒng,4540,95.6985122328,TONG,トウ,t,ou,False,d,ong,3,端東一開,上,2,舌音,全清,ㄷ,舌音,全清,舌音,全清
1395,1528,姨,yí,4520,95.7088836267,I,イ,,i,False,y,i,2,以脂三開,平,1,喉音,次濁,ㅇ,喉音,次濁,喉音,次濁
1396,1529,酸,suān,4506,95.7192194903,SAN,サン,s,an,False,s,uan,1,心桓一合,平,1,歯音,全清,ㅅ,歯音,全清,歯音,次清
1397,1530,甫,fǔ,4501,95.724378253,PO,ホ,h,o,False,f,u,3,幫虞三合,上,2,唇音,全清,ㅂ,唇音,全清,唇音,次清
1398,1532,幼,yòu,4483,95.7398316185,YU,ヨウ,y,ou,False,y,ou,4,影幽三開,去,3,喉音,次濁,ㅇ,喉音,次濁,喉音,次濁
1399,1533,矣,yǐ,4479,95.7449651662,UY,イ,,i,False,y,i,3,云之三開,上,2,喉音,次濁,ㅇ,喉音,次濁,喉音,次濁
1400,1534,奸,jiān,4465,95.750082668,KAN,カン,k,an,False,j,ian,1,見寒一開,平,1,牙音,全清,ㄱ,牙音,全清,歯音,全清
1401,1535,卿,qīng,4465,95.7552001698,KYENG,キョウ,k,you,False,q,ing,1,溪庚三開,平,1,牙音,全清,ㄱ,牙音,全清,歯音,次清
1402,1536,愉,yú,4465,95.7603176716,YU,ユ,y,u,False,y,u,2,以虞三合,平,1,喉音,次濁,ㅇ,喉音,次濁,喉音,次濁
1403,1537,疏,shū,4446,95.7705240218,SO,ソ,s,o,False,sh,u,1,生魚三開,平,1,歯音,全清,ㅅ,歯音,全清,歯音,次清
1404,1538,勉,miǎn,4442,95.7756151624,MYEN,ベン,b,en,False,m,ian,3,明仙三開,上,2,唇音,全濁,ㅁ,唇音,次濁,唇音,次濁
1405,1539,雕,diāo,4439,95.7807028646,CO,チョウ,c,hou,False,d,iao,1,端蕭四開,平,1,舌音,全清,ㅈ,歯音,全清,舌音,全清
1406,1540,翁,wēng,4436,95.7908748307,ONG,オウ,,ou,False,w,eng,1,影東一開,平,1,喉音,次濁,ㅇ,喉音,次濁,喉音,次濁
1407,1541,寸,cùn,4433,95.7959556561,CHON,スン,s,un,False,c,un,4,清魂一合,去,3,歯音,全清,ㅊ,歯音,次清,歯音,次清
1408,1542,患,huàn,4433,95.8010364815,HWAN,カン,k,an,False,h,uan,4,匣刪二合,去,3,牙音,全清,ㅎ,喉音,次清,牙音,次清
1409,1543,辱,rǔ,4431,95.8111935478,YOK,ジョク,j,oku,True,r,u,3,日鍾三開,入,4,歯音,全濁,ㅇ,喉音,次濁,歯音,次濁
1410,1544,析,xī,4422,95.8213345681,SEK,セキ,s,eki,True,x,i,1,心青四開,入,4,歯音,全清,ㅅ,歯音,全清,歯音,次清
1411,1546,屁,pì,4388,95.8415191872,PI,ヒ,h,i,False,p,i,4,滂脂三開,去,3,唇音,全清,ㅂ,唇音,全清,唇音,次清
1412,1547,蜜,mì,4381,95.8465404135,MIL,ミツ,m,itsu,True,m,i,4,明眞三開,入,4,唇音,次濁,ㅁ,唇音,次濁,唇音,次濁
1413,1548,酷,kù,4374,95.8615937771,HOK,コク,k,oku,True,k,u,4,溪冬一開,入,4,牙音,全清,ㅎ,喉音,次清,牙音,次清
1414,1549,符,fú,4367,95.8665989575,PWU,フ,f,u,False,f,u,2,並虞三合,平,1,唇音,全清,ㅂ,唇音,全清,唇音,次清
1415,1550,捷,jié,4362,95.876599003,CHEP,ショウ,s,hou,False,j,ie,2,從鹽三開,入,4,歯音,全清,ㅊ,歯音,次清,歯音,全清
1416,1551,煞,shā,4358,95.8865933178,SAL,サツ,s,atsu,True,sh,a,1,生山二開,入,4,歯音,全清,ㅅ,歯音,全清,歯音,次清
1417,1552,咽,yàn,4354,95.8915835984,YEL,イン,,in,False,y,an,4,影先四開,平,1,喉音,次濁,ㅇ,喉音,次濁,喉音,次濁
1418,1553,咽,yàn,4354,95.8915835984,IN,イン,,in,False,y,an,4,影先四開,平,1,喉音,次濁,ㅇ,喉音,次濁,喉音,次濁
1419,1554,宅,zhái,4353,95.8965727328,THAYK,タク,t,aku,True,zh,ai,2,澄庚二開,入,4,舌音,全清,ㅌ,舌音,次清,歯音,全清
1420,1555,宅,zhái,4353,95.8965727328,TAYK,タク,t,aku,True,zh,ai,2,澄庚二開,入,4,舌音,全清,ㄷ,舌音,全清,歯音,全清
1421,1556,虹,hóng,4345,95.9065406865,HONG,コウ,k,ou,False,h,ong,2,匣東一開,平,1,牙音,全清,ㅎ,喉音,次清,牙音,次清
1422,1557,虹,hóng,4345,95.9065406865,KANG,コウ,k,ou,False,h,ong,2,匣東一開,平,1,牙音,全清,ㄱ,牙音,全清,牙音,次清
1423,1558,屏,píng,4337,95.9115114828,PYENG,ビョウ,b,you,False,p,ing,2,幫清三開,平,1,唇音,全濁,ㅂ,唇音,全清,唇音,次清
1424,1559,噢,ō,4333,95.9164776945,WU,ウ,,u,False,,o,1,影虞三合,上,2,喉音,次濁,ㅇ,喉音,次濁,喉音,次濁
1425,1560,噢,ō,4333,95.9164776945,WUK,ウ,,u,False,,o,1,影虞三合,上,2,喉音,次濁,ㅇ,喉音,次濁,喉音,次濁
1426,1561,赴,fù,4319,95.9263837567,PWU,フ,f,u,False,f,u,4,滂虞三合,去,3,唇音,全清,ㅂ,唇音,全清,唇音,次清
1427,1562,媚,mèi,4312,95.9313258996,MI,ビ,b,i,False,m,ei,4,明脂三開,去,3,唇音,全濁,ㅁ,唇音,次濁,唇音,次濁
1428,1563,矛,máo,4291,95.9411620475,MO,ム,m,u,False,m,ao,2,明尤三開,平,1,唇音,次濁,ㅁ,唇音,次濁,唇音,次濁
1429,1565,孝,xiào,4283,95.9558922004,HYO,コウ,k,ou,False,x,iao,4,曉肴二開,去,3,牙音,全清,ㅎ,喉音,次清,歯音,次清
1430,1566,筒,tǒng,4272,95.9607884978,THONG,トウ,t,ou,False,t,ong,3,定東一開,平,1,舌音,全清,ㅌ,舌音,次清,舌音,次清
1431,1567,匪,fěi,4261,95.970560462,PI,ヒ,h,i,False,f,ei,3,幫微三合,上,2,唇音,全清,ㅂ,唇音,全清,唇音,次清
1432,1568,匪,fěi,4261,95.970560462,PWUN,ヒ,h,i,False,f,ei,3,幫微三合,上,2,唇音,全清,ㅂ,唇音,全清,唇音,次清
1433,1569,盆,pén,4260,95.9754430057,PWUN,ボン,b,on,False,p,en,2,並魂一合,平,1,唇音,全濁,ㅂ,唇音,全清,唇音,次清
1434,1570,披,pī,4253,95.9803175265,PHI,ヒ,h,i,False,p,i,1,滂支三開,平,1,唇音,全清,ㅍ,唇音,次清,唇音,次清
1435,1572,瞬,shùn,4226,95.9997285031,SWUN,シュン,s,hun,False,sh,un,4,書諄三合,去,3,歯音,全清,ㅅ,歯音,全清,歯音,次清
1436,1573,巫,wū,4224,96.0045697858,MWU,フ,f,u,False,w,u,1,明虞三合,平,1,唇音,全清,ㅁ,唇音,次濁,喉音,次濁
1437,1574,尉,wèi,4216,96.0094018995,WUL,イ,,i,False,w,ei,4,影微三合,去,3,喉音,次濁,ㅇ,喉音,次濁,喉音,次濁
1438,1575,尉,wèi,4216,96.0094018995,WI,イ,,i,False,w,ei,4,影微三合,去,3,喉音,次濁,ㅇ,喉音,次濁,喉音,次濁
1439,1576,藤,téng,4209,96.0142259902,TUNG,トウ,t,ou,False,t,eng,2,定登一開,平,1,舌音,全清,ㄷ,舌音,全清,舌音,次清
1440,1577,拐,guǎi,4198,96.0190374734,KOY,カイ,k,ai,False,g,uai,3,群佳二開,上,2,牙音,全清,ㄱ,牙音,全清,牙音,全清
1441,1578,妨,fáng,4194,96.0286524169,PANG,ボウ,b,ou,False,f,ang,2,滂陽三合,平,1,唇音,全濁,ㅂ,唇音,全清,唇音,次清
1442,1579,吊,diào,4168,96.0382100535,CEK,チョウ,c,hou,False,d,iao,4,端蕭四開,去,3,舌音,全清,ㅈ,歯音,全清,舌音,全清
1443,1580,催,cuī,4161,96.0429791297,CHOY,サイ,s,ai,False,c,ui,1,清灰一合,平,1,歯音,全清,ㅊ,歯音,次清,歯音,次清
1444,1581,盾,dùn,4154,96.0477401828,SWUN,ジュン,j,un,False,d,un,4,船諄三合,上,2,歯音,全濁,ㅅ,歯音,全清,舌音,全清
1445,1582,盾,dùn,4154,96.0477401828,TON,ジュン,j,un,False,d,un,4,船諄三合,上,2,歯音,全濁,ㄷ,舌音,全清,舌音,全清
1446,1583,刹,shā,4142,96.0524874824,CHAL,セツ,s,etsu,True,sh,a,1,初刪二開,入,4,歯音,全清,ㅊ,歯音,次清,歯音,次清
1447,1584,崖,yá,4133,96.0572244667,UY,ガイ,g,ai,False,y,a,2,疑支三開,平,1,牙音,全濁,ㅇ,喉音,次濁,喉音,次濁
1448,1585,崖,yá,4133,96.0572244667,AY,ガイ,g,ai,False,y,a,2,疑支三開,平,1,牙音,全濁,ㅇ,喉音,次濁,喉音,次濁
1449,1586,呈,chéng,4126,96.0666869739,CENG,テイ,t,ei,False,ch,eng,2,澄清三開,平,1,舌音,全清,ㅈ,歯音,全清,歯音,次清
1450,1587,佐,zuǒ,4125,96.0714147891,CWA,サ,s,a,False,z,uo,3,精歌一開,去,3,歯音,全清,ㅈ,歯音,全清,歯音,全清
1451,1588,僧,sēng,4118,96.0761345814,SUNG,ソウ,s,ou,False,s,eng,1,心登一開,平,1,歯音,全清,ㅅ,歯音,全清,歯音,次清
1452,1589,莎,shā,4096,96.0808291586,SA,サ,s,a,False,sh,a,1,心戈一合,平,1,歯音,全清,ㅅ,歯音,全清,歯音,次清
1453,1590,晶,jīng,4091,96.0902068517,CENG,ショウ,s,hou,False,j,ing,1,精清三開,平,1,歯音,全清,ㅈ,歯音,全清,歯音,全清
1454,1591,霸,bà,4088,96.0948922599,PHAY,ハク,h,aku,True,b,a,4,幫麻二開,去,3,唇音,全清,ㅍ,唇音,次清,唇音,全清
1455,1592,霸,bà,4088,96.0948922599,PAYK,ハク,h,aku,True,b,a,4,幫麻二開,去,3,唇音,全清,ㅂ,唇音,全清,唇音,全清
1456,1593,歉,qiàn,4081,96.1042516148,KYEM,ケン,k,en,False,q,ian,4,溪添四開,上,2,牙音,全清,ㄱ,牙音,全清,歯音,次清
1457,1594,冠,guān,4071,96.1135926315,KWAN,カン,k,an,False,g,uan,1,見桓一合,平,1,牙音,全清,ㄱ,牙音,全清,牙音,全清
1458,1595,葬,zàng,4060,96.1229118716,CANG,ソウ,s,ou,False,z,ang,4,精唐一開,去,3,歯音,全清,ㅈ,歯音,全清,歯音,全清
1459,1596,遂,suì,4055,96.1275594572,SWU,スイ,s,ui,False,s,ui,4,邪脂三合,去,3,歯音,全清,ㅅ,歯音,全清,歯音,次清
1460,1597,滋,zī,4049,96.132200166,CA,ジ,j,i,False,z,i,1,精之三開,平,1,歯音,全濁,ㅈ,歯音,全清,歯音,全清
1461,1598,添,tiān,4048,96.1368397287,CHEM,テン,t,en,False,t,ian,1,透添四開,平,1,舌音,全清,ㅊ,歯音,次清,舌音,次清
1462,1599,湘,xiāng,4035,96.1414643915,SANG,ショウ,s,hou,False,x,iang,1,心陽三開,平,1,歯音,全清,ㅅ,歯音,全清,歯音,次清
1463,1600,渴,kě,4033,96.1507102789,KEL,カツ,k,atsu,True,k,e,3,溪寒一開,入,4,牙音,全清,ㄱ,牙音,全清,牙音,次清
1464,1601,渴,kě,4033,96.1507102789,KAL,カツ,k,atsu,True,k,e,3,溪寒一開,入,4,牙音,全清,ㄱ,牙音,全清,牙音,次清
1465,1602,玫,méi,4029,96.1553280649,MAY,バイ,b,ai,False,m,ei,2,明灰一合,平,1,唇音,全濁,ㅁ,唇音,次濁,唇音,次濁
1466,1603,抑,yì,4017,96.1599320973,EK,ヨク,y,oku,True,y,i,4,影蒸三開,入,4,喉音,次濁,ㅇ,喉音,次濁,喉音,次濁
1467,1604,凄,qī,4013,96.1645315452,CHE,セイ,s,ei,False,q,i,1,清齊四開,平,1,歯音,全清,ㅊ,歯音,次清,歯音,次清
1468,1605,欠,qiàn,4012,96.1691298469,HUM,ケツ,k,etsu,True,q,ian,4,溪嚴三開,去,3,牙音,全清,ㅎ,喉音,次清,歯音,次清
1469,1606,欠,qiàn,4012,96.1691298469,KAM,ケツ,k,etsu,True,q,ian,4,溪嚴三開,去,3,牙音,全清,ㄱ,牙音,全清,歯音,次清
1470,1608,裸,luǒ,3991,96.1828743221,LA,ラ,r,a,False,l,uo,3,來戈一合,上,2,流音,次濁,ㄹ,流音,次濁,舌音,次濁
1471,1609,裸,luǒ,3991,96.1828743221,YA,ラ,r,a,False,l,uo,3,來戈一合,上,2,流音,次濁,ㅇ,喉音,次濁,舌音,次濁
1472,1610,揭,jiē,3973,96.1919895498,KEY,ケイ,k,ei,False,j,ie,1,溪祭三開,去,3,牙音,全清,ㄱ,牙音,全清,歯音,全清
1473,1611,揭,jiē,3973,96.1919895498,KAL,ケイ,k,ei,False,j,ie,1,溪祭三開,去,3,牙音,全清,ㄱ,牙音,全清,歯音,全清
1474,1612,愚,yú,3972,96.196542006,WU,グ,g,u,False,y,u,2,疑虞三合,平,1,牙音,全濁,ㅇ,喉音,次濁,喉音,次濁
1475,1613,惹,rě,3968,96.2056377494,YA,ジャク,j,aku,True,r,e,3,日麻三開,上,2,歯音,全濁,ㅇ,喉音,次濁,歯音,次濁
1476,1614,眨,zhǎ,3960,96.2147197392,CAP,ソウ,s,ou,False,zh,a,3,莊咸二開,入,4,歯音,全清,ㅈ,歯音,全清,歯音,全清
1477,1615,鹿,lù,3959,96.2192572956,LOK,ロク,r,oku,True,l,u,4,來東一開,入,4,流音,次濁,ㄹ,流音,次濁,舌音,次濁
1478,1616,弓,gōng,3955,96.2237902676,KWUNG,キュウ,k,yuu,False,g,ong,1,見東三開,平,1,牙音,全清,ㄱ,牙音,全清,牙音,全清
1479,1618,斥,chì,3933,96.2328092198,CHEK,セキ,s,eki,True,ch,i,4,昌麻三開,去,3,歯音,全清,ㅊ,歯音,次清,歯音,次清
1480,1619,遮,zhē,3929,96.2418155645,CHA,シャ,s,ha,False,zh,e,1,章麻三開,平,1,歯音,全清,ㅊ,歯音,次清,歯音,全清
1481,1620,棍,gùn,3926,96.2463152984,KON,コン,k,on,False,g,un,4,匣魂一合,上,2,牙音,全清,ㄱ,牙音,全清,牙音,全清
1482,1621,棍,gùn,3926,96.2463152984,HON,コン,k,on,False,g,un,4,匣魂一合,上,2,牙音,全清,ㅎ,喉音,次清,牙音,全清
1483,1622,逢,féng,3917,96.2553044511,PONG,ホウ,h,ou,False,f,eng,2,並鍾三開,平,1,唇音,全清,ㅂ,唇音,全清,唇音,次清
1484,1623,俘,fú,3915,96.2597915775,PWU,フ,f,u,False,f,u,2,滂虞三合,平,1,唇音,全清,ㅂ,唇音,全清,唇音,次清
1485,1624,舅,jiù,3915,96.2642787039,KWU,キュウ,k,yuu,False,j,iu,4,群尤三開,上,2,牙音,全清,ㄱ,牙音,全清,歯音,全清
1486,1625,敦,dūn,3909,96.2687589536,THOY,トン,t,on,False,d,un,1,端灰一合,平,1,舌音,全清,ㅌ,舌音,次清,舌音,全清
1487,1626,敦,dūn,3909,96.2687589536,TON,トン,t,on,False,d,un,1,端灰一合,平,1,舌音,全清,ㄷ,舌音,全清,舌音,全清
1488,1627,誓,shì,3909,96.2732392032,SE,セイ,s,ei,False,sh,i,4,常祭三開,去,3,歯音,全清,ㅅ,歯音,全清,歯音,次清
1489,1628,柏,bǎi,3895,96.2777034069,PAYK,ハク,h,aku,True,b,ai,3,幫庚二開,入,4,唇音,全清,ㅂ,唇音,全清,唇音,全清
1490,1629,柏,bó,3895,96.2777034069,PAYK,ハク,h,aku,True,b,o,2,幫庚二開,入,4,唇音,全清,ㅂ,唇音,全清,唇音,全清
1491,1630,昂,áng,3894,96.2821664644,ANG,コウ,k,ou,False,,ang,2,疑唐一開,平,1,牙音,全清,ㅇ,喉音,次濁,喉音,次濁
1492,1632,袍,páo,3884,96.2910708029,PHO,ホウ,h,ou,False,p,ao,2,並豪一開,平,1,唇音,全清,ㅍ,唇音,次清,唇音,次清
1493,1633,夸,kuā,3877,96.2955143762,KWA,カ,k,a,False,k,ua,1,溪麻二合,平,1,牙音,全清,ㄱ,牙音,全清,牙音,次清
1494,1634,炎,yán,3877,96.2999579494,YEM,エン,,en,False,y,an,2,云鹽三開,平,1,喉音,次濁,ㅇ,喉音,次濁,喉音,次濁
1495,1635,狐,hú,3868,96.3043912074,HO,コ,k,o,False,h,u,2,匣模一開,平,1,牙音,全清,ㅎ,喉音,次清,牙音,次清
1496,1636,陌,mò,3854,96.3088084194,MAYK,ハク,h,aku,True,m,o,4,明庚二開,入,4,唇音,全清,ㅁ,唇音,次濁,唇音,次濁
1497,1637,融,róng,3853,96.3132244854,YUNG,ユウ,y,uu,False,r,ong,2,以東三開,平,1,喉音,次濁,ㅇ,喉音,次濁,歯音,次濁
1498,1638,翰,hàn,3852,96.3176394052,HAN,カン,k,an,False,h,an,4,匣寒一開,平,1,牙音,全清,ㅎ,喉音,次清,牙音,次清
1499,1640,泄,xiè,3829,96.3264302761,SEL,エイ,,ei,False,x,ie,4,以祭三開,去,3,喉音,次濁,ㅅ,歯音,全清,歯音,次清
1500,1641,泄,xiè,3829,96.3264302761,YEY,エイ,,ei,False,x,ie,4,以祭三開,去,3,喉音,次濁,ㅇ,喉音,次濁,歯音,次清
1501,1642,鞭,biān,3826,96.3308153964,PHYEN,ベン,b,en,False,b,ian,1,幫仙三開,平,1,唇音,全濁,ㅍ,唇音,次清,唇音,全清
1502,1643,宴,yàn,3814,96.335186763,YEN,エン,,en,False,y,an,4,影先四開,上,2,喉音,次濁,ㅇ,喉音,次濁,喉音,次濁
1503,1644,巾,jīn,3792,96.3613427559,KEN,キン,k,in,False,j,in,1,見眞三開,平,1,牙音,全清,ㄱ,牙音,全清,歯音,全清
1504,1645,蒲,pú,3791,96.3656877614,PHO,ブ,b,u,False,p,u,2,並模一開,平,1,唇音,全濁,ㅍ,唇音,次清,唇音,次清
1505,1646,妥,tuǒ,3785,96.37002589,THA,ダ,d,a,False,t,uo,3,透戈一合,上,2,舌音,全濁,ㅌ,舌音,次清,舌音,次清
1506,1647,翔,xiáng,3785,96.3743640186,SANG,ショウ,s,hou,False,x,iang,2,邪陽三開,平,1,歯音,全清,ㅅ,歯音,全清,歯音,次清
1507,1648,衡,héng,3782,96.3786987088,HYENG,コウ,k,ou,False,h,eng,2,匣庚二開,平,1,牙音,全清,ㅎ,喉音,次清,牙音,次清
1508,1649,衡,héng,3782,96.3786987088,HOYNG,コウ,k,ou,False,h,eng,2,匣庚二開,平,1,牙音,全清,ㅎ,喉音,次清,牙音,次清
1509,1650,嘻,xī,3776,96.3830265222,HUY,キ,k,i,True,x,i,1,曉之三開,平,1,牙音,全清,ㅎ,喉音,次清,歯音,次清
1510,1652,爵,jué,3764,96.4046243282,CAK,シャク,s,haku,True,j,ue,2,精陽三開,入,4,歯音,全清,ㅈ,歯音,全清,歯音,全清
1511,1653,愧,kuì,3762,96.4089360957,KOY,キ,k,i,True,k,ui,4,見脂三合,去,3,牙音,全清,ㄱ,牙音,全清,牙音,次清
1512,1654,盼,pàn,3762,96.4132478631,PAN,ハン,h,an,False,p,an,4,滂山二開,去,3,唇音,全清,ㅂ,唇音,全清,唇音,次清
1513,1655,邀,yāo,3752,96.4175481692,YO,ヨウ,y,ou,False,y,ao,1,見蕭四開,平,1,喉音,次濁,ㅇ,喉音,次濁,喉音,次濁
1514,1656,泡,pào,3739,96.4218335756,PHO,ホウ,h,ou,False,p,ao,4,滂肴二開,平,1,唇音,全清,ㅍ,唇音,次清,唇音,次清
1515,1657,匠,jiàng,3738,96.4261178357,CANG,ショウ,s,hou,False,j,iang,4,從陽三開,去,3,歯音,全清,ㅈ,歯音,全清,歯音,全清
1516,1658,洒,sǎ,3724,96.4346542643,SEY,サイ,s,ai,False,s,a,3,心齊四開,上,2,歯音,全清,ㅅ,歯音,全清,歯音,次清
1517,1659,漆,qī,3723,96.4389213324,CHIL,シツ,s,hitsu,True,q,i,1,清眞三開,入,4,歯音,全清,ㅊ,歯音,次清,歯音,次清
1518,1660,臭,chòu,3704,96.4474279614,CHWI,シュウ,s,huu,False,ch,ou,4,昌尤三開,去,3,歯音,全清,ㅊ,歯音,次清,歯音,次清
1519,1661,枯,kū,3696,96.4559093753,KO,コ,k,o,False,k,u,1,溪模一開,平,1,牙音,全清,ㄱ,牙音,全清,牙音,次清
1520,1662,柄,bǐng,3695,96.4601443516,PYENG,ヘイ,h,ei,False,b,ing,3,幫庚三開,去,3,唇音,全清,ㅂ,唇音,全清,唇音,全清
1521,1664,潘,pān,3690,96.4686062812,PAN,ハン,h,an,False,p,an,1,滂桓一合,平,1,唇音,全清,ㅂ,唇音,全清,唇音,次清
1522,1665,潘,pān,3690,96.4686062812,PEN,ハン,h,an,False,p,an,1,滂桓一合,平,1,唇音,全清,ㅂ,唇音,全清,唇音,次清
1523,1666,杆,gān,3669,96.4812504648,KAN,カン,k,an,False,g,an,1,見寒一開,去,3,牙音,全清,ㄱ,牙音,全清,牙音,全清
1524,1667,沃,wò,3659,96.4938545336,OK,ヨク,y,oku,True,w,o,4,影冬一開,入,4,喉音,次濁,ㅇ,喉音,次濁,喉音,次濁
1525,1668,芒,máng,3653,96.4980413722,MANG,ボウ,b,ou,False,m,ang,2,明陽三合,平,1,唇音,全濁,ㅁ,唇音,次濁,唇音,次濁
1526,1669,惶,huáng,3645,96.5064035879,HWANG,コウ,k,ou,False,h,uang,2,匣唐一合,平,1,牙音,全清,ㅎ,喉音,次清,牙音,次清
1527,1670,捧,pěng,3634,96.5105686498,PONG,ホウ,h,ou,False,p,eng,3,滂鍾三開,上,2,唇音,全清,ㅂ,唇音,全清,唇音,次清
1528,1671,陵,líng,3621,96.5188827278,LUNG,リョウ,r,you,False,l,ing,2,來蒸三開,平,1,流音,次濁,ㄹ,流音,次濁,舌音,次濁
1529,1672,障,zhàng,3610,96.5271589832,CANG,ショウ,s,hou,False,zh,ang,4,章陽三開,平,1,歯音,全清,ㅈ,歯音,全清,歯音,全清
1530,1673,陡,dǒu,3609,96.5312953917,TWU,トウ,t,ou,False,d,ou,3,端侯一開,上,2,舌音,全清,ㄷ,舌音,全清,舌音,全清
1531,1674,枚,méi,3609,96.5354318002,MAY,マイ,m,ai,False,m,ei,2,明灰一合,平,1,唇音,次濁,ㅁ,唇音,次濁,唇音,次濁
1532,1676,宰,zǎi,3591,96.5519178351,CAY,サイ,s,ai,False,z,ai,3,精咍一開,上,2,歯音,全清,ㅈ,歯音,全清,歯音,全清
1533,1677,氛,fēn,3584,96.5560255902,PWUN,フン,f,un,False,f,en,1,並文三合,平,1,唇音,全清,ㅂ,唇音,全清,唇音,次清
1534,1678,寓,yù,3584,96.5601333452,WU,グウ,g,uu,False,y,u,4,疑虞三合,去,3,牙音,全濁,ㅇ,喉音,次濁,喉音,次濁
1535,1679,脾,pí,3581,96.5683442709,PI,ヒ,h,i,False,p,i,2,並支三開,平,1,唇音,全清,ㅂ,唇音,全清,唇音,次清
1536,1680,腔,qiāng,3581,96.5724485875,KANG,コウ,k,ou,False,q,iang,1,溪江二開,平,1,牙音,全清,ㄱ,牙音,全清,歯音,次清
1537,1681,筋,jīn,3580,96.5765517581,KUN,キン,k,in,False,j,in,1,見欣三開,平,1,牙音,全清,ㄱ,牙音,全清,歯音,全清
1538,1682,斤,jīn,3550,96.5806205445,KUN,キン,k,in,False,j,in,1,見欣三開,平,1,牙音,全清,ㄱ,牙音,全清,歯音,全清
1539,1683,笨,bèn,3545,96.5846836002,PWUN,ホン,h,on,False,b,en,4,幫魂一合,上,2,唇音,全清,ㅂ,唇音,全清,唇音,全清
1540,1684,腊,là,3545,96.588746656,SEK,シャク,s,haku,True,l,a,4,心清三開,入,4,歯音,全清,ㅅ,歯音,全清,舌音,次濁
1541,1685,慨,kǎi,3543,96.5928074194,KAY,ガイ,g,ai,False,k,ai,3,溪咍一開,去,3,牙音,全濁,ㄱ,牙音,全清,牙音,次清
1542,1686,卑,bēi,3531,96.5968544292,PI,ヒ,h,i,False,b,ei,1,幫支三開,平,1,唇音,全清,ㅂ,唇音,全清,唇音,全清
1543,1687,儒,rú,3531,96.6009014391,YU,ジュ,j,u,False,r,u,2,日虞三合,平,1,歯音,全濁,ㅇ,喉音,次濁,歯音,次濁
1544,1688,瞎,xiā,3529,96.6049461566,HAL,カツ,k,atsu,True,x,ia,1,曉刪二開,入,4,牙音,全清,ㅎ,喉音,次清,歯音,次清
1545,1689,怖,bù,3527,96.6089885819,PHO,フ,f,u,False,b,u,4,滂模一開,去,3,唇音,全清,ㅍ,唇音,次清,唇音,全清
1546,1690,畏,wèi,3521,96.6130241303,OY,イ,,i,False,w,ei,4,影微三合,去,3,喉音,次濁,ㅇ,喉音,次濁,喉音,次濁
1547,1691,撕,sī,3519,96.6170573865,SE,セイ,s,ei,False,s,i,1,心齊四開,平,1,歯音,全清,ㅅ,歯音,全清,歯音,次清
1548,1692,浦,pǔ,3505,96.6210745968,PHO,ホ,h,o,False,p,u,3,滂模一開,上,2,唇音,全清,ㅍ,唇音,次清,唇音,次清
1549,1693,腐,fǔ,3504,96.6250906609,PWU,フ,f,u,False,f,u,3,並虞三合,上,2,唇音,全清,ㅂ,唇音,全清,唇音,次清
1550,1694,竭,jié,3498,96.6290998482,KEL,ケツ,k,etsu,True,j,ie,2,群元三開,入,4,牙音,全清,ㄱ,牙音,全清,歯音,全清
1551,1695,竭,jié,3498,96.6290998482,KAL,ケツ,k,etsu,True,j,ie,2,群元三開,入,4,牙音,全清,ㄱ,牙音,全清,歯音,全清
1552,1696,兹,zī,3498,96.6331090355,CA,ジ,j,i,False,z,i,1,從之三開,平,1,歯音,全濁,ㅈ,歯音,全清,歯音,全清
1553,1697,膊,bó,3493,96.6371124921,PAK,ハク,h,aku,True,b,o,2,滂唐一合,入,4,唇音,全清,ㅂ,唇音,全清,唇音,全清
1554,1698,覆,fù,3489,96.6411113641,POK,フク,f,uku,True,f,u,4,滂尤三開,去,3,唇音,全清,ㅂ,唇音,全清,唇音,次清
1555,1699,覆,fù,3489,96.6411113641,PWU,フク,f,uku,True,f,u,4,滂尤三開,去,3,唇音,全清,ㅂ,唇音,全清,唇音,次清
1556,1700,蠢,chǔn,3485,96.6451056517,CWUN,シュン,s,hun,False,ch,un,3,昌諄三合,上,2,歯音,全清,ㅈ,歯音,全清,歯音,次清
1557,1701,弦,xián,3480,96.6490942085,HYEN,ゲン,g,en,False,x,ian,2,匣先四開,平,1,牙音,全濁,ㅎ,喉音,次清,歯音,次清
1558,1702,耗,hào,3472,96.6570541301,MO,モウ,m,ou,False,h,ao,4,曉豪一開,去,3,唇音,次濁,ㅁ,唇音,次濁,牙音,次清
1559,1703,蜂,fēng,3468,96.665008321,PONG,ホウ,h,ou,False,f,eng,1,並東一開,平,1,唇音,全清,ㅂ,唇音,全清,唇音,次清
1560,1704,昆,kūn,3467,96.6729567812,KON,コン,k,on,False,k,un,1,見魂一合,平,1,牙音,全清,ㄱ,牙音,全清,牙音,次清
1561,1705,昆,kūn,3467,96.6729567812,HON,コン,k,on,False,k,un,1,見魂一合,平,1,牙音,全清,ㅎ,喉音,次清,牙音,次清
1562,1706,辰,chén,3463,96.6769258537,CIN,シン,s,hin,False,ch,en,2,常眞三開,平,1,歯音,全清,ㅈ,歯音,全清,歯音,次清
1563,1707,辰,chén,3463,96.6769258537,SIN,シン,s,hin,False,ch,en,2,常眞三開,平,1,歯音,全清,ㅅ,歯音,全清,歯音,次清
1564,1708,痴,chī,3458,96.6848536835,CHI,チ,c,hi,True,ch,i,1,徹之三開,平,1,舌音,全清,ㅊ,歯音,次清,歯音,次清
1565,1709,翅,chì,3457,96.6888158792,SI,シ,s,hi,False,ch,i,4,書支三開,去,3,歯音,全清,ㅅ,歯音,全清,歯音,次清
1566,1710,亨,hēng,3450,96.6927700519,PHAYNG,キョウ,k,you,False,h,eng,1,曉庚二開,平,1,牙音,全清,ㅍ,唇音,次清,牙音,次清
1567,1711,亨,hēng,3450,96.6927700519,HYENG,キョウ,k,you,False,h,eng,1,曉庚二開,平,1,牙音,全清,ㅎ,喉音,次清,牙音,次清
1568,1712,姻,yīn,3444,96.7006715205,IN,イン,,in,False,y,in,1,影眞三開,平,1,喉音,次濁,ㅇ,喉音,次濁,喉音,次濁
1569,1713,摘,zhāi,3444,96.7046188164,CEK,テキ,t,eki,True,zh,ai,1,知耕二開,入,4,舌音,全清,ㅈ,歯音,全清,歯音,全清
1570,1714,溪,xī,3443,96.7085649662,KYEY,ケイ,k,ei,False,x,i,1,溪齊四開,平,1,牙音,全清,ㄱ,牙音,全清,歯音,次清
1571,1715,跨,kuà,3441,96.7125088237,KWA,コ,k,o,False,k,ua,4,溪麻二合,平,1,牙音,全清,ㄱ,牙音,全清,牙音,次清
1572,1716,坑,kēng,3436,96.7164469505,KAYNG,コウ,k,ou,False,k,eng,1,溪庚二開,平,1,牙音,全清,ㄱ,牙音,全清,牙音,次清
1573,1717,煤,méi,3428,96.7203759082,MAY,バイ,b,ai,False,m,ei,2,明灰一合,平,1,唇音,全濁,ㅁ,唇音,次濁,唇音,次濁
1574,1718,伐,fá,3418,96.7242934045,PEL,バツ,b,atsu,True,f,a,2,並元三合,入,4,唇音,全濁,ㅂ,唇音,全清,唇音,次清
1575,1719,祭,jì,3415,96.7321238126,CHAY,サイ,s,ai,False,j,i,4,精祭三開,去,3,歯音,全清,ㅊ,歯音,次清,歯音,全清
1576,1720,祭,jì,3415,96.7321238126,CEY,サイ,s,ai,False,j,i,4,精祭三開,去,3,歯音,全清,ㅈ,歯音,全清,歯音,全清
1577,1721,戚,qī,3413,96.7399484901,CHEK,セキ,s,eki,True,q,i,1,清青四開,入,4,歯音,全清,ㅊ,歯音,次清,歯音,次清
1578,1722,丘,qiū,3413,96.7438602557,KWU,キュウ,k,yuu,False,q,iu,1,溪尤三開,平,1,牙音,全清,ㄱ,牙音,全清,歯音,次清
1579,1724,芝,zhī,3407,96.7594821033,CI,シ,s,hi,False,zh,i,1,章之三開,平,1,歯音,全清,ㅈ,歯音,全清,歯音,全清
1580,1725,爽,shuǎng,3392,96.7750420595,SANG,ソウ,s,ou,False,sh,uang,3,生陽三開,上,2,歯音,全清,ㅅ,歯音,全清,歯音,次清
1581,1726,押,yā,3384,96.7828059917,KAP,オウ,,ou,False,y,a,1,影銜二開,入,4,喉音,次濁,ㄱ,牙音,全清,喉音,次濁
1582,1727,押,yā,3384,96.7828059917,AP,オウ,,ou,False,y,a,1,影銜二開,入,4,喉音,次濁,ㅇ,喉音,次濁,喉音,次濁
1583,1729,哇,wa,3382,96.7905596086,WA,アイ,,ai,False,w,a,5,影佳二開,平,1,喉音,次濁,ㅇ,喉音,次濁,喉音,次濁
1584,1730,眠,mián,3378,96.7944312595,MYEN,ミン,m,in,False,m,ian,2,明先四開,平,1,唇音,次濁,ㅁ,唇音,次濁,唇音,次濁
1585,1731,辨,biàn,3370,96.8021619537,PYEN,ベン,b,en,False,b,ian,4,並仙三開,上,2,唇音,全濁,ㅂ,唇音,全清,唇音,全清
1586,1732,帘,lián,3370,96.8060244354,LYEM,レン,r,en,False,l,ian,2,崇臻三開,平,1,流音,次濁,ㄹ,流音,次濁,舌音,次濁
1587,1734,械,xiè,3363,96.8175969809,KYEY,カイ,k,ai,False,x,ie,4,匣皆二開,去,3,牙音,全清,ㄱ,牙音,全清,歯音,次清
1588,1735,焰,yàn,3359,96.8214468552,YEN,エン,,en,False,y,an,4,以鹽三開,去,3,喉音,次濁,ㅇ,喉音,次濁,喉音,次濁
1589,1737,喉,hóu,3350,96.8329724091,HWU,コウ,k,ou,False,h,ou,2,匣侯一開,平,1,牙音,全清,ㅎ,喉音,次清,牙音,次清
1590,1738,剪,jiǎn,3348,96.8368096758,CEN,セン,s,en,False,j,ian,3,精仙三開,上,2,歯音,全清,ㅈ,歯音,全清,歯音,全清
1591,1739,嘲,cháo,3345,96.8406435041,CO,チョウ,c,hou,False,ch,ao,2,知肴二開,平,1,舌音,全清,ㅈ,歯音,全清,歯音,次清
1592,1740,啡,fēi,3342,96.8483054301,PI,ハイ,h,ai,False,f,ei,1,滂咍一開,上,2,唇音,全清,ㅂ,唇音,全清,唇音,次清
1593,1741,啡,fēi,3342,96.8483054301,PAY,ハイ,h,ai,False,f,ei,1,滂咍一開,上,2,唇音,全清,ㅂ,唇音,全清,唇音,次清
1594,1743,俯,fǔ,3324,96.8559306797,PWU,フ,f,u,False,f,u,3,幫虞三合,上,2,唇音,全清,ㅂ,唇音,全清,唇音,次清
1595,1746,倦,juàn,3322,96.8635467602,KWEN,ケン,k,en,False,j,uan,4,群仙三合,去,3,牙音,全清,ㄱ,牙音,全清,歯音,全清
1596,1747,裙,qún,3310,96.8787319296,KWUN,クン,k,un,False,q,un,2,群文三合,平,1,牙音,全清,ㄱ,牙音,全清,歯音,次清
1597,1748,粒,lì,3303,96.8863044569,LIP,リュウ,r,yuu,False,l,i,4,來侵三開,入,4,流音,次濁,ㄹ,流音,次濁,舌音,次濁
1598,1749,刷,shuā,3300,96.8976546518,SWAY,サツ,s,atsu,True,sh,ua,1,生刪二合,入,4,歯音,全清,ㅅ,歯音,全清,歯音,次清
1599,1750,庸,yōng,3298,96.9014346117,YONG,ヨウ,y,ou,False,y,ong,1,以鍾三開,平,1,喉音,次濁,ㅇ,喉音,次濁,喉音,次濁
1600,1751,劈,pī,3296,96.9089910931,PYEK,ヘキ,h,eki,True,p,i,1,滂青四開,入,4,唇音,全清,ㅂ,唇音,全清,唇音,次清
1601,1752,杖,zhàng,3283,96.9127538609,CANG,ジョウ,j,ou,False,zh,ang,4,澄陽三開,上,2,歯音,全濁,ㅈ,歯音,全清,歯音,全清
1602,1753,巷,xiàng,3281,96.9165143365,HANG,コウ,k,ou,False,x,iang,4,匣江二開,去,3,牙音,全清,ㅎ,喉音,次清,歯音,次清
1603,1754,昭,zhāo,3279,96.9202725198,SO,ショウ,s,hou,False,zh,ao,1,章宵三開,平,1,歯音,全清,ㅅ,歯音,全清,歯音,全清
1604,1755,昭,zhāo,3279,96.9202725198,CO,ショウ,s,hou,False,zh,ao,1,章宵三開,平,1,歯音,全清,ㅈ,歯音,全清,歯音,全清
1605,1756,岭,lǐng,3257,96.939019883,LYENG,レイ,r,ei,False,l,ing,3,來青四開,平,1,流音,次濁,ㄹ,流音,次濁,舌音,次濁
1606,1757,挽,wǎn,3245,96.9464583123,MAN,バン,b,an,False,w,an,3,明元三合,上,2,唇音,全濁,ㅁ,唇音,次濁,喉音,次濁
1607,1758,乖,guāi,3239,96.9501706501,KOY,カイ,k,ai,False,g,uai,1,見皆二合,平,1,牙音,全清,ㄱ,牙音,全清,牙音,全清
1608,1759,殷,yīn,3236,96.9538795495,UN,アン,,an,False,y,in,1,影欣三開,平,1,喉音,次濁,ㅇ,喉音,次濁,喉音,次濁
1609,1760,殷,yīn,3236,96.9538795495,AN,アン,,an,False,y,in,1,影欣三開,平,1,喉音,次濁,ㅇ,喉音,次濁,喉音,次濁
1610,1761,爪,zhǎo,3231,96.9649947863,CO,ソウ,s,ou,False,zh,ao,3,莊肴二開,上,2,歯音,全清,ㅈ,歯音,全清,歯音,全清
1611,1762,吏,lì,3222,96.9686876398,LI,リ,r,i,False,l,i,4,來之三開,去,3,流音,次濁,ㄹ,流音,次濁,舌音,次濁
1612,1763,囊,náng,3220,96.9834521769,NANG,ノウ,n,ou,False,n,ang,2,泥唐一開,平,1,舌音,次濁,ㄴ,舌音,次濁,舌音,次濁
1613,1764,浴,yù,3216,96.9871381535,YOK,ヨク,y,oku,True,y,u,4,以鍾三開,入,4,喉音,次濁,ㅇ,喉音,次濁,喉音,次濁
1614,1765,怡,yí,3216,96.9908241302,I,イ,,i,False,y,i,2,以之三開,平,1,喉音,次濁,ㅇ,喉音,次濁,喉音,次濁
1615,1766,棠,táng,3209,96.9945020839,TANG,トウ,t,ou,False,t,ang,2,定唐一開,平,1,舌音,全清,ㄷ,舌音,全清,舌音,次清
1616,1768,泣,qì,3207,97.0018545529,UP,キュウ,k,yuu,False,q,i,4,溪侵三開,入,4,牙音,全清,ㅇ,喉音,次濁,歯音,次清
1617,1769,裹,guǒ,3205,97.005527922,KWA,カ,k,a,False,g,uo,3,見戈一合,上,2,牙音,全清,ㄱ,牙音,全清,牙音,全清
1618,1770,逝,shì,3203,97.0091989989,SE,セイ,s,ei,False,sh,i,4,常祭三開,去,3,歯音,全清,ㅅ,歯音,全清,歯音,次清
1619,1771,矩,jǔ,3201,97.0165365681,KWU,ク,k,u,True,j,u,3,見虞三合,上,2,牙音,全清,ㄱ,牙音,全清,歯音,全清
1620,1772,狄,dí,3188,97.0201904529,CEK,テキ,t,eki,True,d,i,2,定青四開,入,4,舌音,全清,ㅈ,歯音,全清,舌音,全清
1621,1773,宏,hóng,3182,97.0274879073,KOYNG,コウ,k,ou,False,h,ong,2,匣耕二合,平,1,牙音,全清,ㄱ,牙音,全清,牙音,次清
1622,1774,灌,guàn,3179,97.0311314769,KWAN,カン,k,an,False,g,uan,4,見桓一合,去,3,牙音,全清,ㄱ,牙音,全清,牙音,全清
1623,1775,淋,lín,3175,97.0347704619,LIM,リン,r,in,False,l,in,2,來侵三開,平,1,流音,次濁,ㄹ,流音,次濁,舌音,次濁
1624,1776,恕,shù,3173,97.0384071547,SE,ジョ,j,o,False,sh,u,4,書魚三開,去,3,歯音,全濁,ㅅ,歯音,全清,歯音,次清
1625,1777,液,yè,3165,97.0420346784,AYK,エキ,,eki,True,y,e,4,以清三開,入,4,喉音,次濁,ㅇ,喉音,次濁,喉音,次濁
1626,1778,削,xuē,3162,97.0456587636,SAK,サク,s,aku,True,x,ue,1,心陽三開,入,4,歯音,全清,ㅅ,歯音,全清,歯音,次清
1627,1779,抄,chāo,3161,97.0492817027,CHO,ショウ,s,hou,False,ch,ao,1,初肴二開,平,1,歯音,全清,ㅊ,歯音,次清,歯音,次清
1628,1780,膝,xī,3159,97.0529023496,SUL,シツ,s,hitsu,True,x,i,1,心眞三開,入,4,歯音,全清,ㅅ,歯音,全清,歯音,次清
1629,1781,蹲,dūn,3156,97.056519558,CWUN,ソン,s,on,False,d,un,1,從魂一合,平,1,歯音,全清,ㅈ,歯音,全清,舌音,全清
1630,1782,蔡,cài,3155,97.0601356203,SAL,サイ,s,ai,False,c,ai,4,清泰一開,去,3,歯音,全清,ㅅ,歯音,全清,歯音,次清
1631,1783,蔡,cài,3155,97.0601356203,CHAY,サイ,s,ai,False,c,ai,4,清泰一開,去,3,歯音,全清,ㅊ,歯音,次清,歯音,次清
1632,1784,蝶,dié,3151,97.0637470981,CEP,チョウ,c,hou,False,d,ie,2,透添四開,入,4,舌音,全清,ㅈ,歯音,全清,舌音,全清
1633,1785,沾,zhān,3144,97.0673505529,CHEM,テン,t,en,False,zh,an,1,知鹽三開,平,1,舌音,全清,ㅊ,歯音,次清,歯音,全清
1634,1786,漏,lòu,3137,97.0709459847,LWU,ロウ,r,ou,False,l,ou,4,來侯一開,去,3,流音,次濁,ㄹ,流音,次濁,舌音,次濁
1635,1787,朴,pǔ,3132,97.0781265331,PAK,ボク,b,oku,True,p,u,3,滂江二開,入,4,唇音,全濁,ㅂ,唇音,全清,唇音,次清
1636,1788,遵,zūn,3132,97.0817162343,CWUN,ジュン,j,un,False,z,un,1,精諄三合,平,1,歯音,全濁,ㅈ,歯音,全清,歯音,全清
1637,1789,倩,qiàn,3130,97.0853036432,CHEN,セン,s,en,False,q,ian,4,清先四開,去,3,歯音,全清,ㅊ,歯音,次清,歯音,次清
1638,1790,棋,qí,3122,97.0924669995,KI,キ,k,i,True,q,i,2,群之三開,平,1,牙音,全清,ㄱ,牙音,全清,歯音,次清
1639,1791,棒,bàng,3119,97.0960418009,PONG,ボウ,b,ou,False,b,ang,4,並江二開,上,2,唇音,全濁,ㅂ,唇音,全清,唇音,全清
1640,1792,衰,shuāi,3092,97.1102894302,SOY,スイ,s,ui,False,sh,uai,1,初支三合,平,1,歯音,全清,ㅅ,歯音,全清,歯音,次清
1641,1793,衰,shuāi,3092,97.1102894302,CHOY,スイ,s,ui,False,sh,uai,1,初支三合,平,1,歯音,全清,ㅊ,歯音,次清,歯音,次清
1642,1794,哨,shào,3083,97.1209015129,SO,ショウ,s,hou,False,sh,ao,4,心宵三開,平,1,歯音,全清,ㅅ,歯音,全清,歯音,次清
1643,1795,哨,shào,3083,97.1209015129,CHO,ショウ,s,hou,False,sh,ao,4,心宵三開,平,1,歯音,全清,ㅊ,歯音,次清,歯音,次清
1644,1796,衷,zhōng,3082,97.1244339072,CHWUNG,チュウ,c,huu,False,zh,ong,1,知東三開,平,1,舌音,全清,ㅊ,歯音,次清,歯音,全清
1645,1798,糖,táng,3075,97.1350127519,THANG,トウ,t,ou,False,t,ang,2,定唐一開,平,1,舌音,全清,ㅌ,舌音,次清,舌音,次清
1646,1799,糖,táng,3075,97.1350127519,TANG,トウ,t,ou,False,t,ang,2,定唐一開,平,1,舌音,全清,ㄷ,舌音,全清,舌音,次清
1647,1800,僵,jiāng,3074,97.1385359771,KANG,キョウ,k,you,False,j,iang,1,見陽三開,平,1,牙音,全清,ㄱ,牙音,全清,歯音,全清
1648,1801,琳,lín,3074,97.1420592023,LIM,リン,r,in,False,l,in,2,來侵三開,平,1,流音,次濁,ㄹ,流音,次濁,舌音,次濁
1649,1802,咒,zhòu,3073,97.1455812813,CWU,ジュ,j,u,False,zh,ou,4,章尤三開,去,3,歯音,全濁,ㅈ,歯音,全清,歯音,全清
1650,1803,刮,guā,3062,97.1561245958,KWAL,カツ,k,atsu,True,g,ua,1,見刪二合,入,4,牙音,全清,ㄱ,牙音,全清,牙音,全清
1651,1804,斌,bīn,3058,97.1596294828,PIN,ヒン,h,in,False,b,in,1,幫眞三開,平,1,唇音,全清,ㅂ,唇音,全清,唇音,全清
1652,1806,霆,tíng,3042,97.1735974546,CENG,テイ,t,ei,False,t,ing,2,定青四開,平,1,舌音,全清,ㅈ,歯音,全清,舌音,次清
1653,1808,恍,huǎng,3039,97.1805659677,HWANG,コウ,k,ou,False,h,uang,3,見唐一合,平,1,牙音,全清,ㅎ,喉音,次清,牙音,次清
1654,1809,雀,què,3038,97.184047932,CAK,ジャク,j,aku,True,q,ue,4,精陽三開,入,4,歯音,全濁,ㅈ,歯音,全清,歯音,次清
1655,1810,姚,yáo,3032,97.1910003992,YO,ヨウ,y,ou,False,y,ao,2,以宵三開,平,1,喉音,次濁,ㅇ,喉音,次濁,喉音,次濁
1656,1811,寡,guǎ,3027,97.1944697559,KWA,カ,k,a,False,g,ua,3,見麻二合,上,2,牙音,全清,ㄱ,牙音,全清,牙音,全清
1657,1812,裕,yù,3025,97.1979368204,YU,ユウ,y,uu,False,y,u,4,以虞三合,去,3,喉音,次濁,ㅇ,喉音,次濁,喉音,次濁
1658,1813,兔,tù,3024,97.2014027388,THO,ト,t,o,False,t,u,4,透模一開,去,3,舌音,全清,ㅌ,舌音,次清,舌音,次清
1659,1815,娶,qǔ,3019,97.2083276986,CHWI,シュ,s,hu,False,q,u,3,心虞三合,平,1,歯音,全清,ㅊ,歯音,次清,歯音,次清
1660,1816,旺,wàng,3002,97.2152217128,WANG,オウ,,ou,False,w,ang,4,云陽三合,去,3,喉音,次濁,ㅇ,喉音,次濁,喉音,次濁
1661,1817,堵,dǔ,2999,97.2220973888,TO,ト,t,o,False,d,u,3,端模一開,上,2,舌音,全清,ㄷ,舌音,全清,舌音,全清
1662,1818,舟,zhōu,2991,97.2255254846,CWU,シュウ,s,huu,False,zh,ou,1,章尤三開,平,1,歯音,全清,ㅈ,歯音,全清,歯音,全清
1663,1819,妄,wàng,2988,97.228950142,MANG,モウ,m,ou,False,w,ang,4,明陽三合,去,3,唇音,次濁,ㅁ,唇音,次濁,喉音,次濁
1664,1820,茂,mào,2981,97.2323667765,MWU,モ,m,o,False,m,ao,4,明侯一開,去,3,唇音,次濁,ㅁ,唇音,次濁,唇音,次濁
1665,1821,冤,yuān,2979,97.2357811187,WEN,エン,,en,False,y,uan,1,影元三合,平,1,喉音,次濁,ㅇ,喉音,次濁,喉音,次濁
1666,1822,猴,hóu,2974,97.2391897302,HWU,コウ,k,ou,False,h,ou,2,匣侯一開,平,1,牙音,全清,ㅎ,喉音,次清,牙音,次清
1667,1823,匙,shi,2971,97.2460035148,SI,シ,s,hi,False,sh,i,5,常支三開,平,1,歯音,全清,ㅅ,歯音,全清,歯音,次清
1668,1824,捏,niē,2959,97.2561995497,NAL,デツ,d,etsu,True,n,ie,1,泥先四開,入,4,舌音,全濁,ㄴ,舌音,次濁,舌音,次濁
1669,1825,蔽,bì,2957,97.2595886769,PHYEY,ヘイ,h,ei,False,b,i,4,幫祭三開,去,3,唇音,全清,ㅍ,唇音,次清,唇音,全清
1670,1826,鼎,dǐng,2955,97.2629755118,CENG,テイ,t,ei,False,d,ing,3,端青四開,上,2,舌音,全清,ㅈ,歯音,全清,舌音,全清
1671,1827,瑰,guī,2945,97.2697308434,KOY,カイ,k,ai,False,g,ui,1,匣灰一合,平,1,牙音,全清,ㄱ,牙音,全清,牙音,全清
1672,1828,劣,liè,2939,97.2832162915,LYEL,レツ,r,etsu,True,l,ie,4,來仙三合,入,4,流音,次濁,ㄹ,流音,次濁,舌音,次濁
1673,1829,娟,juān,2922,97.2899166086,YEN,エン,,en,False,j,uan,1,影仙三合,平,1,喉音,次濁,ㅇ,喉音,次濁,歯音,全清
1674,1830,乞,qǐ,2920,97.2932633287,KEL,キツ,k,itsu,True,q,i,3,溪欣三開,入,4,牙音,全清,ㄱ,牙音,全清,歯音,次清
1675,1831,乞,qǐ,2920,97.2932633287,KI,キツ,k,itsu,True,q,i,3,溪欣三開,入,4,牙音,全清,ㄱ,牙音,全清,歯音,次清
1676,1832,宛,wǎn,2920,97.2999567689,WEN,エン,,en,False,w,an,3,影元三合,平,1,喉音,次濁,ㅇ,喉音,次濁,喉音,次濁
1677,1833,宛,wǎn,2920,97.2999567689,WAN,エン,,en,False,w,an,3,影元三合,平,1,喉音,次濁,ㅇ,喉音,次濁,喉音,次濁
1678,1834,秒,miǎo,2891,97.3165734634,MYO,ビョウ,b,you,False,m,iao,3,明宵三開,上,2,唇音,全濁,ㅁ,唇音,次濁,唇音,次濁
1679,1835,秒,miǎo,2891,97.3165734634,CHO,ビョウ,b,you,False,m,iao,3,明宵三開,上,2,唇音,全濁,ㅊ,歯音,次清,唇音,次濁
1680,1836,兜,dōu,2890,97.3198857994,TWU,トウ,t,ou,False,d,ou,1,端侯一開,平,1,舌音,全清,ㄷ,舌音,全清,舌音,全清
1681,1838,棉,mián,2886,97.3265047407,MYEN,メン,m,en,False,m,ian,2,明仙三開,平,1,唇音,次濁,ㅁ,唇音,次濁,唇音,次濁
1682,1839,憾,hàn,2863,97.3396887548,KAM,カン,k,an,False,h,an,4,匣覃一開,去,3,牙音,全清,ㄱ,牙音,全清,牙音,次清
1683,1840,斑,bān,2851,97.3429563914,PAN,ハン,h,an,False,b,an,1,幫刪二開,平,1,唇音,全清,ㅂ,唇音,全清,唇音,全清
1684,1841,煌,huáng,2846,97.3462182974,HWANG,コウ,k,ou,False,h,uang,2,匣唐一合,平,1,牙音,全清,ㅎ,喉音,次清,牙音,次清
1685,1842,黛,dài,2843,97.349476765,TAY,タイ,t,ai,False,d,ai,4,定咍一開,去,3,舌音,全清,ㄷ,舌音,全清,舌音,全清
1686,1843,桶,tǒng,2837,97.3527283557,YONG,トウ,t,ou,False,t,ong,3,透東一開,上,2,舌音,全清,ㅇ,喉音,次濁,舌音,次清
1687,1844,桶,tǒng,2837,97.3527283557,THONG,トウ,t,ou,False,t,ong,3,透東一開,上,2,舌音,全清,ㅌ,舌音,次清,舌音,次清
1688,1846,逸,yì,2830,97.3624613513,IL,イツ,,itsu,True,y,i,4,以眞三開,入,4,喉音,次濁,ㅇ,喉音,次濁,喉音,次濁
1689,1847,殖,zhí,2828,97.3657026268,SIK,ショク,s,hoku,True,zh,i,2,常蒸三開,入,4,歯音,全清,ㅅ,歯音,全清,歯音,全清
1690,1848,夷,yí,2826,97.36894161,I,イ,,i,False,y,i,2,以脂三開,平,1,喉音,次濁,ㅇ,喉音,次濁,喉音,次濁
1691,1849,桓,huán,2816,97.3721691318,HWAN,カン,k,an,False,h,uan,2,匣桓一合,平,1,牙音,全清,ㅎ,喉音,次清,牙音,次清
1692,1851,逆,nì,2807,97.3786104219,YEK,ギャク,g,yaku,True,n,i,4,疑庚三開,入,4,牙音,全濁,ㅇ,喉音,次濁,舌音,次濁
1693,1852,雁,yàn,2800,97.3882437035,AN,ガン,g,an,False,y,an,4,疑刪二開,去,3,牙音,全濁,ㅇ,喉音,次濁,喉音,次濁
1694,1854,妃,fēi,2791,97.3946471711,PI,ヒ,h,i,False,f,ei,1,滂微三合,平,1,唇音,全清,ㅂ,唇音,全清,唇音,次清
1695,1855,妃,fēi,2791,97.3946471711,PAY,ヒ,h,i,False,f,ei,1,滂微三合,平,1,唇音,全清,ㅂ,唇音,全清,唇音,次清
1696,1856,碑,bēi,2790,97.3978448933,PI,ヒ,h,i,False,b,ei,1,幫支三開,平,1,唇音,全清,ㅂ,唇音,全清,唇音,全清
1697,1857,哄,hōng,2787,97.4010391772,HONG,コウ,k,ou,False,h,ong,1,匣東一開,去,3,牙音,全清,ㅎ,喉音,次清,牙音,次清
1698,1858,丐,gài,2785,97.4074231604,KAY,カイ,k,ai,False,g,ai,4,見泰一開,去,3,牙音,全清,ㄱ,牙音,全清,牙音,全清
1699,1859,丐,gài,2785,97.4074231604,KAL,カイ,k,ai,False,g,ai,4,見泰一開,去,3,牙音,全清,ㄱ,牙音,全清,牙音,全清
1700,1861,屠,tú,2782,97.4138002668,CE,ト,t,o,False,t,u,2,澄魚三開,平,1,舌音,全清,ㅈ,歯音,全清,舌音,次清
1701,1862,屠,tú,2782,97.4138002668,TO,ト,t,o,False,t,u,2,澄魚三開,平,1,舌音,全清,ㄷ,舌音,全清,舌音,次清
1702,1863,隶,lì,2777,97.4201704964,I,タイ,t,ai,False,l,i,4,以脂三開,去,3,舌音,全清,ㅇ,喉音,次濁,舌音,次濁
1703,1864,窄,zhǎi,2770,97.4265223877,CHAK,サク,s,aku,True,zh,ai,3,莊庚二開,入,4,歯音,全清,ㅊ,歯音,次清,歯音,全清
1704,1865,咳,hāi,2761,97.4328525025,HAY,ガイ,g,ai,False,h,ai,1,匣咍一開,平,1,牙音,全濁,ㅎ,喉音,次清,牙音,次清
1705,1867,叉,chā,2757,97.4391768866,CHA,サ,s,a,False,ch,a,1,初佳二開,平,1,歯音,全清,ㅊ,歯音,次清,歯音,次清
1706,1868,寞,mò,2757,97.4454966861,MAK,バク,b,aku,True,m,o,4,明唐一開,入,4,唇音,全濁,ㅁ,唇音,次濁,唇音,次濁
1707,1869,焉,yān,2755,97.4486542936,EN,エン,,en,False,y,an,1,影元三開,平,1,喉音,次濁,ㅇ,喉音,次濁,喉音,次濁
1708,1870,怯,qiè,2746,97.4549534627,KEP,キョウ,k,you,False,q,ie,4,溪嚴三開,入,4,牙音,全清,ㄱ,牙音,全清,歯音,次清
1709,1872,吁,xū,2740,97.464374709,YU,ク,k,u,True,x,u,1,曉虞三合,平,1,牙音,全清,ㅇ,喉音,次濁,歯音,次清
1710,1873,姜,jiāng,2737,97.467511686,KANG,キョウ,k,you,False,j,iang,1,見陽三開,平,1,牙音,全清,ㄱ,牙音,全清,歯音,全清
1711,1874,廉,lián,2733,97.4706440785,LYEM,レン,r,en,False,l,ian,2,來鹽三開,平,1,流音,次濁,ㄹ,流音,次濁,舌音,次濁
1712,1875,丫,yā,2732,97.4737753248,A,ア,,a,False,y,a,1,影麻二開,平,1,喉音,次濁,ㅇ,喉音,次濁,喉音,次濁
1713,1876,泊,pō,2707,97.4799977027,PAK,ハク,h,aku,True,p,o,1,並唐一合,入,4,唇音,全清,ㅂ,唇音,全清,唇音,次清
1714,1877,乳,rǔ,2704,97.4830968572,YU,ニュウ,n,yuu,False,r,u,3,日虞三合,上,2,舌音,次濁,ㅇ,喉音,次濁,歯音,次濁
1715,1879,寨,zhài,2687,97.5016379158,CHAY,サイ,s,ai,False,zh,ai,4,崇夬二開,去,3,歯音,全清,ㅊ,歯音,次清,歯音,全清
1716,1880,胞,bāo,2679,97.5047084168,PHO,ホウ,h,ou,False,b,ao,1,幫肴二開,平,1,唇音,全清,ㅍ,唇音,次清,唇音,全清
1717,1881,叮,dīng,2678,97.5077777718,CENG,テイ,t,ei,False,d,ing,1,端青四開,平,1,舌音,全清,ㅈ,歯音,全清,舌音,全清
1718,1882,兆,zhào,2676,97.5139118971,CO,チョウ,c,hou,False,zh,ao,4,澄宵三開,上,2,舌音,全清,ㅈ,歯音,全清,歯音,全清
1719,1883,魄,pò,2660,97.5322523817,PAYK,ハク,h,aku,True,p,o,4,透唐一開,入,4,唇音,全清,ㅂ,唇音,全清,唇音,次清
1720,1884,躁,zào,2660,97.5353011062,CO,ソウ,s,ou,False,z,ao,4,精豪一開,去,3,歯音,全清,ㅈ,歯音,全清,歯音,全清
1721,1885,淑,shū,2659,97.5383486845,SWUK,シュク,s,huku,True,sh,u,1,常東三開,入,4,歯音,全清,ㅅ,歯音,全清,歯音,次清
1722,1886,棚,péng,2650,97.5413859476,PWUNG,ホウ,h,ou,False,p,eng,2,並庚二開,平,1,唇音,全清,ㅂ,唇音,全清,唇音,次清
1723,1887,蓬,péng,2644,97.5474524509,PONG,ホウ,h,ou,False,p,eng,2,並東一開,平,1,唇音,全清,ㅂ,唇音,全清,唇音,次清
1724,1888,粹,cuì,2636,97.5504736681,SWU,スイ,s,ui,False,c,ui,4,心脂三合,去,3,歯音,全清,ㅅ,歯音,全清,歯音,次清
1725,1889,拂,fú,2635,97.5534937391,PWUL,フチ,f,uchi,True,f,u,2,滂文三合,入,4,唇音,全清,ㅂ,唇音,全清,唇音,次清
1726,1890,拂,fú,2635,97.5534937391,PHIL,フチ,f,uchi,True,f,u,2,滂文三合,入,4,唇音,全清,ㅍ,唇音,次清,唇音,次清
1727,1891,崔,cuī,2620,97.5595040816,CHOY,サイ,s,ai,False,c,ui,1,清灰一合,平,1,歯音,全清,ㅊ,歯音,次清,歯音,次清
1728,1892,浸,jìn,2613,97.5684966727,CHIM,シン,s,hin,False,j,in,4,清侵三開,平,1,歯音,全清,ㅊ,歯音,次清,歯音,全清
1729,1893,邱,qiū,2611,97.5714892365,KWU,キュウ,k,yuu,False,q,iu,1,溪尤三開,平,1,牙音,全清,ㄱ,牙音,全清,歯音,次清
1730,1894,昔,xī,2603,97.5744726311,CHAK,セキ,s,eki,True,x,i,1,心清三開,入,4,歯音,全清,ㅊ,歯音,次清,歯音,次清
1731,1895,昔,xī,2603,97.5744726311,SEK,セキ,s,eki,True,x,i,1,心清三開,入,4,歯音,全清,ㅅ,歯音,全清,歯音,次清
1732,1896,帆,fān,2585,97.5863443184,PEM,ハン,h,an,False,f,an,1,並凡三合,平,1,唇音,全清,ㅂ,唇音,全清,唇音,次清
1733,1897,帆,fán,2585,97.5863443184,PEM,ハン,h,an,False,f,an,2,並凡三合,平,1,唇音,全清,ㅂ,唇音,全清,唇音,次清
1734,1898,菊,jú,2575,97.5981816215,KWUK,キク,k,iku,True,j,u,2,見東三開,入,4,牙音,全清,ㄱ,牙音,全清,歯音,全清
1735,1899,躬,gōng,2570,97.6040762042,KWUNG,キュウ,k,yuu,False,g,ong,1,見東三開,平,1,牙音,全清,ㄱ,牙音,全清,牙音,全清
1736,1900,拘,jū,2560,97.6099490103,KWU,コウ,k,ou,False,j,u,1,見虞三合,平,1,牙音,全清,ㄱ,牙音,全清,歯音,全清
1737,1901,挪,nuó,2560,97.6128831211,,ダ,d,a,False,n,uo,2,泥歌一開,平,1,舌音,全濁,なし,なし,なし,舌音,次濁
1738,1902,傍,bàng,2552,97.6216682613,PHAYNG,ボウ,b,ou,False,b,ang,4,並唐一開,平,1,唇音,全濁,ㅍ,唇音,次清,唇音,全清
1739,1903,傍,bàng,2552,97.6216682613,PANG,ボウ,b,ou,False,b,ang,4,並唐一開,平,1,唇音,全濁,ㅂ,唇音,全清,唇音,全清
1740,1904,塘,táng,2545,97.6391926964,TANG,トウ,t,ou,False,t,ang,2,定唐一開,平,1,舌音,全清,ㄷ,舌音,全清,舌音,次清
1741,1905,逗,dòu,2540,97.6421038844,TWU,ズ,z,u,False,d,ou,4,澄虞三合,去,3,歯音,全濁,ㄷ,舌音,全清,舌音,全清
1742,1906,茅,máo,2538,97.6479239682,MO,ボウ,b,ou,False,m,ao,2,明肴二開,平,1,唇音,全濁,ㅁ,唇音,次濁,唇音,次濁
1743,1907,篷,péng,2537,97.6508317178,PONG,ホウ,h,ou,False,p,eng,2,並東一開,平,1,唇音,全清,ㅂ,唇音,全清,唇音,次清
1744,1908,栗,lì,2530,97.6537314445,LYUL,リツ,r,itsu,True,l,i,4,來眞三開,入,4,流音,次濁,ㄹ,流音,次濁,舌音,次濁
1745,1909,馨,xīn,2530,97.6566311711,HYENG,ケイ,k,ei,False,x,in,1,曉青四開,平,1,牙音,全清,ㅎ,喉音,次清,歯音,次清
1746,1911,淮,huái,2525,97.6624203092,HOY,ワイ,w,ai,False,h,uai,2,匣皆二合,平,1,喉音,次濁,ㅎ,喉音,次清,牙音,次清
1747,1912,浙,zhè,2523,97.6653120129,CEL,セツ,s,etsu,True,zh,e,4,章仙三開,入,4,歯音,全清,ㅈ,歯音,全清,歯音,全清
1748,1913,腕,wàn,2517,97.6681968398,WAN,ワン,w,an,False,w,an,4,影桓一合,去,3,喉音,次濁,ㅇ,喉音,次濁,喉音,次濁
1749,1914,稽,jī,2515,97.6710793744,KYEY,ケイ,k,ei,False,j,i,1,見齊四開,平,1,牙音,全清,ㄱ,牙音,全清,歯音,全清
1750,1915,幢,chuáng,2512,97.6739584706,TANG,トウ,t,ou,False,ch,uang,2,澄江二開,平,1,舌音,全清,ㄷ,舌音,全清,歯音,次清
1751,1917,售,shòu,2509,97.6797120785,SWU,シュウ,s,huu,False,sh,ou,4,常尤三開,去,3,歯音,全清,ㅅ,歯音,全清,歯音,次清
1752,1918,塑,sù,2500,97.682577421,SO,ソ,s,o,False,s,u,4,心模一開,去,3,歯音,全清,ㅅ,歯音,全清,歯音,次清
1753,1919,碌,lù,2498,97.6854404713,LOK,ロク,r,oku,True,l,u,4,來東一開,入,4,流音,次濁,ㄹ,流音,次濁,舌音,次濁
1754,1920,郡,jùn,2489,97.6911482336,KWUN,グン,g,un,False,j,un,4,群文三合,去,3,牙音,全濁,ㄱ,牙音,全清,歯音,全清
1755,1921,沼,zhǎo,2482,97.6939929457,SO,ショウ,s,hou,False,zh,ao,3,章宵三開,上,2,歯音,全清,ㅅ,歯音,全清,歯音,全清
1756,1922,芙,fú,2479,97.705362625,PWU,フ,f,u,False,f,u,2,並虞三合,平,1,唇音,全清,ㅂ,唇音,全清,唇音,次清
1757,1923,熙,xī,2477,97.7082016064,HUY,キ,k,i,True,x,i,1,曉之三開,平,1,牙音,全清,ㅎ,喉音,次清,歯音,次清
1758,1924,侄,zhí,2477,97.7110405878,CIL,シツ,s,hitsu,True,zh,i,2,章眞三開,入,4,歯音,全清,ㅈ,歯音,全清,歯音,全清
1759,1925,掀,xiān,2467,97.7138681078,HUN,キン,k,in,False,x,ian,1,曉元三開,平,1,牙音,全清,ㅎ,喉音,次清,歯音,次清
1760,1926,凳,dèng,2463,97.7166910433,TUNG,トウ,t,ou,False,d,eng,4,端登一開,去,3,舌音,全清,ㄷ,舌音,全清,舌音,全清
1761,1927,崩,bēng,2457,97.722326599,PWUNG,ホウ,h,ou,False,b,eng,1,幫登一開,平,1,唇音,全清,ㅂ,唇音,全清,唇音,全清
1762,1928,逮,dǎi,2452,97.725136927,CHEY,タイ,t,ai,False,d,ai,3,定齊四開,去,3,舌音,全清,ㅊ,歯音,次清,舌音,全清
1763,1929,逮,dǎi,2452,97.725136927,THAY,タイ,t,ai,False,d,ai,3,定齊四開,去,3,舌音,全清,ㅌ,舌音,次清,舌音,全清
1764,1930,搏,bó,2449,97.7279438165,PAK,ハク,h,aku,True,b,o,2,幫虞三合,去,3,唇音,全清,ㅂ,唇音,全清,唇音,全清
1765,1931,俺,ǎn,2446,97.7307472677,EM,エン,,en,False,,an,3,影鹽三開,去,3,喉音,次濁,ㅇ,喉音,次濁,喉音,次濁
1766,1932,俺,ǎn,2446,97.7307472677,EP,エン,,en,False,,an,3,影鹽三開,去,3,喉音,次濁,ㅇ,喉音,次濁,喉音,次濁
1767,1933,枕,zhěn,2445,97.7335495727,CHIM,チン,c,hin,False,zh,en,3,澄侵三開,平,1,舌音,全清,ㅊ,歯音,次清,歯音,全清
1768,1934,郊,jiāo,2442,97.7363484393,KYO,コウ,k,ou,False,j,iao,1,見肴二開,平,1,牙音,全清,ㄱ,牙音,全清,歯音,全清
1769,1935,循,xún,2432,97.747520983,SWUN,ジュン,j,un,False,x,un,2,邪諄三合,平,1,歯音,全濁,ㅅ,歯音,全清,歯音,次清
1770,1936,雇,gù,2429,97.7503049498,HO,コ,k,o,False,g,u,4,匣模一開,上,2,牙音,全清,ㅎ,喉音,次清,牙音,全清
1771,1937,雇,gù,2429,97.7503049498,KO,コ,k,o,False,g,u,4,匣模一開,上,2,牙音,全清,ㄱ,牙音,全清,牙音,全清
1772,1938,盈,yíng,2428,97.7530877705,YENG,エイ,,ei,False,y,ing,2,以清三開,平,1,喉音,次濁,ㅇ,喉音,次濁,喉音,次濁
1773,1940,茨,cí,2414,97.7614041407,CA,シ,s,hi,False,c,i,2,從脂三開,平,1,歯音,全清,ㅈ,歯音,全清,歯音,次清
1774,1942,栽,zāi,2413,97.766935398,CAY,サイ,s,ai,False,z,ai,1,精咍一開,平,1,歯音,全清,ㅈ,歯音,全清,歯音,全清
1775,1943,堤,tí,2411,97.7696987343,CEY,テイ,t,ei,False,t,i,2,常支三開,平,1,舌音,全清,ㅈ,歯音,全清,舌音,次清
1776,1944,堤,dī,2411,97.7696987343,CEY,テイ,t,ei,False,d,i,1,常支三開,平,1,舌音,全清,ㅈ,歯音,全清,舌音,全清
1777,1945,藩,fān,2410,97.7724609246,PEN,ハン,h,an,False,f,an,1,並元三合,平,1,唇音,全清,ㅂ,唇音,全清,唇音,次清
1778,1947,耕,gēng,2401,97.7834856165,KYENG,コウ,k,ou,False,g,eng,1,見耕二開,平,1,牙音,全清,ㄱ,牙音,全清,牙音,全清
1779,1948,鄙,bǐ,2399,97.7862351993,PI,ヒ,h,i,False,b,i,3,幫脂三開,上,2,唇音,全清,ㅂ,唇音,全清,唇音,全清
1780,1952,肌,jī,2379,97.7944449787,KI,キ,k,i,True,j,i,1,見脂三開,平,1,牙音,全清,ㄱ,牙音,全清,歯音,全清
1781,1955,坊,fāng,2375,97.8026146434,PANG,ボウ,b,ou,False,f,ang,1,並陽三合,平,1,唇音,全濁,ㅂ,唇音,全清,唇音,次清
1782,1957,填,tián,2365,97.8080450406,CEN,テン,t,en,False,t,ian,2,知眞三開,平,1,舌音,全清,ㅈ,歯音,全清,舌音,次清
1783,1958,填,tián,2365,97.8080450406,CIN,テン,t,en,False,t,ian,2,知眞三開,平,1,舌音,全清,ㅈ,歯音,全清,舌音,次清
1784,1959,瞥,piē,2360,97.810749924,PYEL,ベツ,b,etsu,True,p,ie,1,滂先四開,入,4,唇音,全濁,ㅂ,唇音,全清,唇音,次清
1785,1960,衙,yá,2353,97.8134467844,A,ガ,g,a,False,y,a,2,疑魚三開,平,1,牙音,全濁,ㅇ,喉音,次濁,喉音,次濁
1786,1961,隙,xì,2341,97.8188152902,KUK,ゲキ,g,eki,True,x,i,4,溪庚三開,入,4,牙音,全濁,ㄱ,牙音,全清,歯音,次清
1787,1962,攀,pān,2338,97.8214949586,PAN,ハン,h,an,False,p,an,1,滂刪二開,平,1,唇音,全清,ㅂ,唇音,全清,唇音,次清
1788,1963,桐,tóng,2338,97.8241746269,TONG,トウ,t,ou,False,t,ong,2,定東一開,平,1,舌音,全清,ㄷ,舌音,全清,舌音,次清
1789,1965,拱,gǒng,2330,97.8295247945,KONG,キョウ,k,you,False,g,ong,3,見鍾三開,上,2,牙音,全清,ㄱ,牙音,全清,牙音,全清
1790,1967,蓄,xù,2323,97.8348531855,CHWUK,チク,c,hiku,True,x,u,4,曉東三開,入,4,舌音,全清,ㅊ,歯音,次清,歯音,次清
1791,1968,愕,è,2323,97.8375156618,AK,ガク,g,aku,True,,e,4,疑唐一開,入,4,牙音,全濁,ㅇ,喉音,次濁,喉音,次濁
1792,1969,狸,lí,2310,97.8428153994,LI,リ,r,i,False,l,i,2,來之三開,平,1,流音,次濁,ㄹ,流音,次濁,舌音,次濁
1793,1971,魁,kuí,2309,97.8507569828,KOY,カイ,k,ai,False,k,ui,2,溪灰一合,平,1,牙音,全清,ㄱ,牙音,全清,牙音,次清
1794,1972,梳,shū,2300,97.853393098,SO,ソ,s,o,False,sh,u,1,生魚三開,平,1,歯音,全清,ㅅ,歯音,全清,歯音,次清
1795,1973,屑,xiè,2296,97.8560246286,SEL,セツ,s,etsu,True,x,ie,4,心先四開,入,4,歯音,全清,ㅅ,歯音,全清,歯音,次清
1796,1974,蓉,róng,2289,97.8586481362,YONG,ヨウ,y,ou,False,r,ong,2,以鍾三開,平,1,喉音,次濁,ㅇ,喉音,次濁,歯音,次濁
1797,1975,倚,yǐ,2289,97.8612716438,UY,イ,,i,False,y,i,3,影支三開,上,2,喉音,次濁,ㅇ,喉音,次濁,喉音,次濁
1798,1976,倚,yǐ,2289,97.8612716438,KI,イ,,i,False,y,i,3,影支三開,上,2,喉音,次濁,ㄱ,牙音,全清,喉音,次濁
1799,1977,溢,yì,2288,97.8638940053,IL,イツ,,itsu,True,y,i,4,以眞三開,入,4,喉音,次濁,ㅇ,喉音,次濁,喉音,次濁
1800,1978,契,qì,2285,97.8665129284,KUL,ケイ,k,ei,False,q,i,4,溪齊四開,去,3,牙音,全清,ㄱ,牙音,全清,歯音,次清
1801,1979,契,qì,2285,97.8665129284,KYEY,ケイ,k,ei,False,q,i,4,溪齊四開,去,3,牙音,全清,ㄱ,牙音,全清,歯音,次清
1802,1980,娥,é,2279,97.8691249747,A,ガ,g,a,False,,e,2,疑歌一開,平,1,牙音,全濁,ㅇ,喉音,次濁,喉音,次濁
1803,1981,携,xié,2273,97.8743364597,HYU,ケイ,k,ei,False,x,ie,2,匣齊四合,平,1,牙音,全清,ㅎ,喉音,次清,歯音,次清
1804,1983,吱,zhī,2266,97.8847376532,CI,シ,s,hi,False,zh,i,1,溪支三開,去,3,歯音,全清,ㅈ,歯音,全清,歯音,全清
1805,1984,疆,jiāng,2258,97.8899181925,KANG,キョウ,k,you,False,j,iang,1,見陽三開,平,1,牙音,全清,ㄱ,牙音,全清,歯音,全清
1806,1985,淫,yín,2254,97.8925015854,UM,イン,,in,False,y,in,2,以侵三開,平,1,喉音,次濁,ㅇ,喉音,次濁,喉音,次濁
1807,1986,陛,bì,2248,97.8950781014,PHYEY,ヘイ,h,ei,False,b,i,4,並齊四開,上,2,唇音,全清,ㅍ,唇音,次清,唇音,全清
1808,1988,嘶,sī,2232,97.9078907671,SI,セイ,s,ei,False,s,i,1,心齊四開,平,1,歯音,全清,ㅅ,歯音,全清,歯音,次清
1809,1989,靖,jìng,2223,97.9129956614,CENG,セイ,s,ei,False,j,ing,4,從清三開,上,2,歯音,全清,ㅈ,歯音,全清,歯音,全清
1810,1991,杭,háng,2211,97.9206128881,HANG,コウ,k,ou,False,h,ang,2,匣唐一開,平,1,牙音,全清,ㅎ,喉音,次清,牙音,次清
1811,1992,咋,zǎ,2211,97.923146997,SA,サク,s,aku,True,z,a,3,莊麻二開,去,3,歯音,全清,ㅅ,歯音,全清,歯音,全清
1812,1993,址,zhǐ,2192,97.9256593294,CI,シ,s,hi,False,zh,i,3,章之三開,上,2,歯音,全清,ㅈ,歯音,全清,歯音,全清
1813,1994,咸,xián,2186,97.9281647849,HAM,カン,k,an,False,x,ian,2,匣咸二開,平,1,牙音,全清,ㅎ,喉音,次清,歯音,次清
1814,1995,澡,zǎo,2183,97.930666802,CO,ソウ,s,ou,False,z,ao,3,精豪一開,上,2,歯音,全清,ㅈ,歯音,全清,歯音,全清
1815,1996,棺,guān,2182,97.933167673,KWAN,カン,k,an,False,g,uan,1,見桓一合,平,1,牙音,全清,ㄱ,牙音,全清,牙音,全清
1816,1997,熬,áo,2180,97.9356662517,O,ゴウ,g,ou,False,,ao,2,疑豪一開,平,1,牙音,全濁,ㅇ,喉音,次濁,喉音,次濁
1817,1998,喔,ō,2177,97.9406565323,AK,アク,,aku,True,,o,1,影江二開,入,4,喉音,次濁,ㅇ,喉音,次濁,喉音,次濁
1818,1999,狡,jiǎo,2176,97.9431505264,KYO,コウ,k,ou,False,j,iao,3,見肴二開,上,2,牙音,全清,ㄱ,牙音,全清,歯音,全清
1819,2002,沫,mò,2164,97.9555723595,MAL,マツ,m,atsu,True,m,o,4,明桓一合,入,4,唇音,次濁,ㅁ,唇音,次濁,唇音,次濁
1820,2003,淹,yān,2164,97.9580526,EM,エン,,en,False,y,an,1,影鹽三開,平,1,喉音,次濁,ㅇ,喉音,次濁,喉音,次濁
1821,2005,耽,dān,2157,97.9630027658,THAM,タン,t,an,False,d,an,1,端覃一開,平,1,舌音,全清,ㅌ,舌音,次清,舌音,全清
1822,2006,酬,chóu,2146,97.9654623758,SWU,シュウ,s,huu,False,ch,ou,2,常尤三開,平,1,歯音,全清,ㅅ,歯音,全清,歯音,次清
1823,2007,嫩,nèn,2137,97.9703689884,NWUN,ドン,d,on,False,n,en,4,泥魂一合,去,3,舌音,全濁,ㄴ,舌音,次濁,舌音,次濁
1824,2008,昧,mèi,2129,97.975250386,MAY,マイ,m,ai,False,m,ei,4,明灰一合,去,3,唇音,次濁,ㅁ,唇音,次濁,唇音,次濁
1825,2009,蜡,là,2126,97.9776870733,SA,ショ,s,ho,False,l,a,4,清魚三開,去,3,歯音,全清,ㅅ,歯音,全清,舌音,次濁
1826,2010,砰,pēng,2123,97.9801203222,PHAYNG,ホウ,h,ou,False,p,eng,1,滂耕二開,平,1,唇音,全清,ㅍ,唇音,次清,唇音,次清
1827,2011,兮,xī,2120,97.9825501326,HYEY,ケイ,k,ei,False,x,i,1,匣齊四開,平,1,牙音,全清,ㅎ,喉音,次清,歯音,次清
1828,2012,肆,sì,2106,97.9849638972,SA,シ,s,hi,False,s,i,4,心脂三開,去,3,歯音,全清,ㅅ,歯音,全清,歯音,次清
1829,2013,脊,jǐ,2099,97.9897811111,CHEK,セキ,s,eki,True,j,i,3,精清三開,入,4,歯音,全清,ㅊ,歯音,次清,歯音,全清
1830,2014,辟,pì,2098,97.9945914482,PYEK,ヒ,h,i,False,p,i,4,並清三開,入,4,唇音,全清,ㅂ,唇音,全清,唇音,次清
1831,2015,辟,pì,2098,97.9945914482,PHI,ヒ,h,i,False,p,i,4,並清三開,入,4,唇音,全清,ㅍ,唇音,次清,唇音,次清
1832,2016,莽,mǎng,2096,97.9969937514,MANG,ボウ,b,ou,False,m,ang,3,明模一開,上,2,唇音,全濁,ㅁ,唇音,次濁,唇音,次濁
1833,2017,刃,rèn,2093,98.0017937732,IN,ジン,j,in,False,r,en,4,日眞三開,去,3,歯音,全濁,ㅇ,喉音,次濁,歯音,次濁
1834,2018,胃,wèi,2093,98.004192638,WI,イ,,i,False,w,ei,4,云微三合,去,3,喉音,次濁,ㅇ,喉音,次濁,喉音,次濁
1835,2019,盲,máng,2086,98.0137686128,MAYNG,モウ,m,ou,False,m,ang,2,明庚二開,平,1,唇音,次濁,ㅁ,唇音,次濁,唇音,次濁
1836,2020,乙,yǐ,2081,98.0161537239,UL,オツ,,otsu,True,y,i,3,影眞三開,入,4,喉音,次濁,ㅇ,喉音,次濁,喉音,次濁
1837,2021,冢,zhǒng,2081,98.0185388351,CHONG,チョウ,c,hou,False,zh,ong,3,知鍾三開,上,2,舌音,全清,ㅊ,歯音,次清,歯音,全清
1838,2022,徽,huī,2078,98.0209205078,HWI,キ,k,i,True,h,ui,1,曉微三合,平,1,牙音,全清,ㅎ,喉音,次清,牙音,次清
1839,2023,暮,mù,2078,98.0233021805,MO,ボ,b,o,False,m,u,4,明模一開,去,3,唇音,全濁,ㅁ,唇音,次濁,唇音,次濁
1840,2024,嗣,sì,2078,98.0256838533,SA,シ,s,hi,False,s,i,4,邪之三開,去,3,歯音,全清,ㅅ,歯音,全清,歯音,次清
1841,2025,冀,jì,2077,98.0280643798,KI,キ,k,i,True,j,i,4,見脂三開,去,3,牙音,全清,ㄱ,牙音,全清,歯音,全清
1842,2026,裘,qiú,2077,98.0304449064,KWU,キュウ,k,yuu,False,q,iu,2,群尤三開,平,1,牙音,全清,ㄱ,牙音,全清,歯音,次清
1843,2027,祈,qí,2072,98.0399532592,KI,キ,k,i,True,q,i,2,群微三開,平,1,牙音,全清,ㄱ,牙音,全清,歯音,次清
1844,2028,譬,pì,2068,98.0423234705,PI,ヒ,h,i,False,p,i,4,滂支三開,去,3,唇音,全清,ㅂ,唇音,全清,唇音,次清
1845,2029,豹,bào,2067,98.0446925357,PHYO,ヒョウ,h,you,False,b,ao,4,幫肴二開,去,3,唇音,全清,ㅍ,唇音,次清,唇音,全清
1846,2030,胎,tāi,2065,98.051796293,THAY,タイ,t,ai,False,t,ai,1,透咍一開,平,1,舌音,全清,ㅌ,舌音,次清,舌音,次清
1847,2031,撰,zhuàn,2063,98.0541607737,CHAN,セン,s,en,False,zh,uan,4,崇刪二合,上,2,歯音,全清,ㅊ,歯音,次清,歯音,全清
1848,2032,撰,zhuàn,2063,98.0541607737,CHEN,セン,s,en,False,zh,uan,4,崇刪二合,上,2,歯音,全清,ㅊ,歯音,次清,歯音,全清
1849,2033,株,zhū,2052,98.0612278545,CWU,チュ,c,hu,False,zh,u,1,知虞三合,平,1,舌音,全清,ㅈ,歯音,全清,歯音,全清
1850,2034,妒,dù,2051,98.0635785816,THWU,ト,t,o,False,d,u,4,端模一開,去,3,舌音,全清,ㅌ,舌音,次清,舌音,全清
1851,2035,骸,hái,2051,98.0659293086,HAY,ガイ,g,ai,False,h,ai,2,匣皆二開,平,1,牙音,全濁,ㅎ,喉音,次清,牙音,次清
1852,2038,敞,chǎng,2045,98.0776646055,CHANG,ショウ,s,hou,False,ch,ang,3,昌陽三開,上,2,歯音,全清,ㅊ,歯音,次清,歯音,次清
1853,2040,毯,tǎn,2042,98.0823465753,TAM,タン,t,an,False,t,an,3,透談一開,上,2,舌音,全清,ㄷ,舌音,全清,舌音,次清
1854,2041,霜,shuāng,2040,98.0870239604,SANG,ソウ,s,ou,False,sh,uang,1,生陽三開,平,1,歯音,全清,ㅅ,歯音,全清,歯音,次清
1855,2042,醇,chún,2039,98.0893609338,SWUN,ジュン,j,un,False,ch,un,2,常諄三合,平,1,歯音,全濁,ㅅ,歯音,全清,歯音,次清
1856,2043,耿,gěng,2036,98.0916944688,KYENG,コウ,k,ou,False,g,eng,3,見耕二開,上,2,牙音,全清,ㄱ,牙音,全清,牙音,全清
1857,2044,姬,jī,2031,98.0940222731,HUY,シン,s,hin,False,j,i,1,以之三開,平,1,歯音,全清,ㅎ,喉音,次清,歯音,全清
1858,2045,汝,rǔ,2012,98.1009506714,YE,ジョ,j,o,False,r,u,3,日魚三開,上,2,歯音,全濁,ㅇ,喉音,次濁,歯音,次濁
1859,2046,奎,kuí,2011,98.1055615806,KYU,ケイ,k,ei,False,k,ui,2,溪齊四合,平,1,牙音,全清,ㄱ,牙音,全清,牙音,次清
1860,2047,捐,juān,2000,98.1101575901,YEN,エン,,en,False,j,uan,1,以仙三合,平,1,喉音,次濁,ㅇ,喉音,次濁,歯音,全清
1861,2048,崎,qí,2000,98.1124498641,KI,イ,,i,False,q,i,2,溪支三開,平,1,喉音,次濁,ㄱ,牙音,全清,歯音,次清
1862,2049,辜,gū,1995,98.1170275354,KO,コ,k,o,False,g,u,1,見模一開,平,1,牙音,全清,ㄱ,牙音,全清,牙音,全清
1863,2050,掘,jué,1993,98.1193117864,KWEL,クツ,k,utsu,True,j,ue,2,群文三合,入,4,牙音,全清,ㄱ,牙音,全清,歯音,全清
1864,2051,掘,jué,1993,98.1193117864,KWUL,クツ,k,utsu,True,j,ue,2,群文三合,入,4,牙音,全清,ㄱ,牙音,全清,歯音,全清
1865,2052,姥,lǎo,1986,98.1215880146,MO,ボ,b,o,False,l,ao,3,明模一開,上,2,唇音,全濁,ㅁ,唇音,次濁,舌音,次濁
1866,2053,彬,bīn,1983,98.1238608043,PIN,ヒン,h,in,False,b,in,1,幫眞三開,平,1,唇音,全清,ㅂ,唇音,全清,唇音,全清
1867,2054,婉,wǎn,1977,98.1283983607,WAN,エン,,en,False,w,an,3,影元三合,上,2,喉音,次濁,ㅇ,喉音,次濁,喉音,次濁
1868,2055,朦,méng,1965,98.1329026792,MONG,モウ,m,ou,False,m,eng,2,明東一開,平,1,唇音,次濁,ㅁ,唇音,次濁,唇音,次濁
1869,2056,卒,zú,1963,98.1351525462,COL,ソツ,s,otsu,True,z,u,2,精諄三合,入,4,歯音,全清,ㅈ,歯音,全清,歯音,全清
1870,2057,蜀,shǔ,1962,98.137401267,CHOK,ショク,s,hoku,True,sh,u,3,常鍾三開,入,4,歯音,全清,ㅊ,歯音,次清,歯音,次清
1871,2058,苹,píng,1956,98.1418872473,PHYENG,ヘイ,h,ei,False,p,ing,2,並庚三開,平,1,唇音,全清,ㅍ,唇音,次清,唇音,次清
1872,2059,稻,dào,1955,98.1463697892,TO,トウ,t,ou,False,d,ao,4,定豪一開,上,2,舌音,全清,ㄷ,舌音,全清,舌音,全清
1873,2060,裳,shang,1952,98.1508466004,SANG,ショウ,s,hou,False,sh,ang,5,常陽三開,平,1,歯音,全清,ㅅ,歯音,全清,歯音,次清
1874,2061,扁,biǎn,1951,98.1530827137,PHYEN,ヘン,h,en,False,b,ian,3,滂仙三開,平,1,唇音,全清,ㅍ,唇音,次清,唇音,全清
1875,2062,扁,biǎn,1951,98.1530827137,PYEN,ヘン,h,en,False,b,ian,3,滂仙三開,平,1,唇音,全清,ㅂ,唇音,全清,唇音,全清
1876,2063,榴,liú,1947,98.1553142425,LYU,リュウ,r,yuu,False,l,iu,2,來尤三開,平,1,流音,次濁,ㄹ,流音,次濁,舌音,次濁
1877,2064,嘎,gā,1946,98.1597750078,AL,カツ,k,atsu,True,g,a,1,見山二開,入,4,牙音,全清,ㅇ,喉音,次濁,牙音,全清
1878,2065,妓,jì,1945,98.1620042443,KI,ギ,g,i,False,j,i,4,見支三開,平,1,牙音,全濁,ㄱ,牙音,全清,歯音,全清
1879,2066,揉,róu,1934,98.1664478175,YU,ジュウ,j,uu,False,r,ou,2,日尤三開,平,1,歯音,全濁,ㅇ,喉音,次濁,歯音,次濁
1880,2068,侮,wǔ,1922,98.1730644666,MO,ブ,b,u,False,w,u,3,明虞三合,上,2,唇音,全濁,ㅁ,唇音,次濁,喉音,次濁
1881,2069,喀,kā,1921,98.1752661958,KAYK,カク,k,aku,True,k,a,1,溪庚二開,入,4,牙音,全清,ㄱ,牙音,全清,牙音,次清
1882,2070,麟,lín,1917,98.1774633404,LIN,リン,r,in,False,l,in,2,來眞三開,平,1,流音,次濁,ㄹ,流音,次濁,舌音,次濁
1883,2071,摧,cuī,1915,98.1840501899,CHOY,サ,s,a,False,c,ui,1,從灰一合,平,1,歯音,全清,ㅊ,歯音,次清,歯音,次清
1884,2074,旬,xún,1912,98.190625578,SWUN,ジュン,j,un,False,x,un,2,邪諄三合,平,1,歯音,全濁,ㅅ,歯音,全清,歯音,次清
1885,2075,嗅,xiù,1911,98.1928158458,HWU,キュウ,k,yuu,False,x,iu,4,曉尤三開,去,3,牙音,全清,ㅎ,喉音,次清,歯音,次清
1886,2076,勿,wù,1908,98.1971906508,MWUL,モチ,m,ochi,True,w,u,4,明文三合,入,4,唇音,次濁,ㅁ,唇音,次濁,喉音,次濁
1887,2077,勿,wù,1908,98.1971906508,MOL,モチ,m,ochi,True,w,u,4,明文三合,入,4,唇音,次濁,ㅁ,唇音,次濁,喉音,次濁
1888,2078,朽,xiǔ,1908,98.1993774803,HWU,キュウ,k,yuu,False,x,iu,3,曉尤三開,上,2,牙音,全清,ㅎ,喉音,次清,歯音,次清
1889,2079,荐,jiàn,1905,98.2037465546,CHEN,セン,s,en,False,j,ian,4,從先四開,去,3,歯音,全清,ㅊ,歯音,次清,歯音,全清
1890,2080,荐,jiàn,1905,98.2037465546,KEN,セン,s,en,False,j,ian,4,從先四開,去,3,歯音,全清,ㄱ,牙音,全清,歯音,全清
1891,2081,喧,xuān,1902,98.2059265072,HWEN,ケン,k,en,False,x,uan,1,曉元三合,平,1,牙音,全清,ㅎ,喉音,次清,歯音,次清
1892,2082,拙,zhuō,1900,98.2081041675,COL,セツ,s,etsu,True,zh,uo,1,章仙三合,入,4,歯音,全清,ㅈ,歯音,全清,歯音,全清
1893,2083,卸,xiè,1891,98.2124422962,SA,シャ,s,ha,False,x,ie,4,心麻三開,去,3,歯音,全清,ㅅ,歯音,全清,歯音,次清
1894,2084,羡,xiàn,1890,98.2146084951,SEN,イ,,i,False,x,ian,4,邪仙三開,去,3,喉音,次濁,ㅅ,歯音,全清,歯音,次清
1895,2085,羡,xiàn,1890,98.2146084951,YEN,イ,,i,False,x,ian,4,邪仙三開,去,3,喉音,次濁,ㅇ,喉音,次濁,歯音,次清
1896,2086,嚼,jué,1888,98.2167724018,CAK,シャク,s,haku,True,j,ue,2,從陽三開,入,4,歯音,全清,ㅈ,歯音,全清,歯音,全清
1897,2087,叨,dāo,1881,98.2210887538,TO,トウ,t,ou,False,d,ao,1,透豪一開,平,1,舌音,全清,ㄷ,舌音,全清,舌音,全清
1898,2088,粘,zhān,1879,98.2232423453,CEM,ネン,n,en,False,zh,an,1,娘鹽三開,平,1,舌音,次濁,ㅈ,歯音,全清,歯音,全清
1899,2090,陋,lòu,1875,98.2275415053,LWU,ロウ,r,ou,False,l,ou,4,來侯一開,去,3,流音,次濁,ㄹ,流音,次濁,舌音,次濁
1900,2091,哉,zāi,1873,98.2318372268,CAY,サイ,s,ai,False,z,ai,1,精咍一開,平,1,歯音,全清,ㅈ,歯音,全清,歯音,全清
1901,2092,履,lǚ,1869,98.2382636171,LI,リ,r,i,False,l,ü,3,來脂三開,上,2,流音,次濁,ㄹ,流音,次濁,舌音,次濁
1902,2093,涅,niè,1867,98.2404034549,NAL,ネツ,n,etsu,True,n,ie,4,泥先四開,入,4,舌音,次濁,ㄴ,舌音,次濁,舌音,次濁
1903,2094,涅,niè,1867,98.2404034549,NYEL,ネツ,n,etsu,True,n,ie,4,泥先四開,入,4,舌音,次濁,ㄴ,舌音,次濁,舌音,次濁
1904,2095,佑,yòu,1864,98.2425398543,WU,ユウ,y,uu,False,y,ou,4,云尤三開,去,3,喉音,次濁,ㅇ,喉音,次濁,喉音,次濁
1905,2096,肢,zhī,1864,98.2446762537,CI,シ,s,hi,False,zh,i,1,章支三開,平,1,歯音,全清,ㅈ,歯音,全清,歯音,全清
1906,2097,峻,jùn,1860,98.2468080686,CWUN,シュン,s,hun,False,j,un,4,心諄三合,去,3,歯音,全清,ㅈ,歯音,全清,歯音,全清
1907,2098,詹,zhān,1853,98.2489318605,CHEM,セン,s,en,False,zh,an,1,章鹽三開,平,1,歯音,全清,ㅊ,歯音,次清,歯音,全清
1908,2099,厄,è,1850,98.251052214,AYK,ヤク,y,aku,True,,e,4,影耕二開,入,4,喉音,次濁,ㅇ,喉音,次濁,喉音,次濁
1909,2100,黯,àn,1850,98.2531725674,AM,アン,,an,False,,an,4,影咸二開,平,1,喉音,次濁,ㅇ,喉音,次濁,喉音,次濁
1910,2102,俏,qiào,1847,98.2595267511,SO,ショウ,s,hou,False,q,iao,4,清宵三開,去,3,歯音,全清,ㅅ,歯音,全清,歯音,次清
1911,2103,兀,wù,1846,98.26164252,OL,コツ,k,otsu,True,w,u,4,疑魂一合,入,4,牙音,全清,ㅇ,喉音,次濁,喉音,次濁
1912,2104,喻,yù,1845,98.2658717656,YU,ユ,y,u,False,y,u,4,以虞三合,去,3,喉音,次濁,ㅇ,喉音,次濁,喉音,次濁
1913,2105,巢,cháo,1834,98.2679737809,SO,ソウ,s,ou,False,ch,ao,2,崇肴二開,平,1,歯音,全清,ㅅ,歯音,全清,歯音,次清
1914,2106,畜,chù,1833,98.2700746501,HYUK,チク,c,hiku,True,ch,u,4,徹尤三開,去,3,舌音,全清,ㅎ,喉音,次清,歯音,次清
1915,2107,畜,chù,1833,98.2700746501,CHWUK,チク,c,hiku,True,ch,u,4,徹尤三開,去,3,舌音,全清,ㅊ,歯音,次清,歯音,次清
1916,2108,伶,líng,1832,98.2721743731,LYENG,レイ,r,ei,False,l,ing,2,來青四開,平,1,流音,次濁,ㄹ,流音,次濁,舌音,次濁
1917,2109,潭,tán,1832,98.2763738191,TAM,タン,t,an,False,t,an,2,定覃一開,平,1,舌音,全清,ㄷ,舌音,全清,舌音,次清
1918,2111,滔,tāo,1825,98.28265465,TO,トウ,t,ou,False,t,ao,1,透豪一開,平,1,舌音,全清,ㄷ,舌音,全清,舌音,次清
1919,2112,擒,qín,1822,98.2847429117,KUM,キン,k,in,False,q,in,2,群侵三開,平,1,牙音,全清,ㄱ,牙音,全清,歯音,次清
1920,2113,睹,dǔ,1819,98.2889148504,TO,ト,t,o,False,d,u,3,端模一開,上,2,舌音,全清,ㄷ,舌音,全清,舌音,全清
1921,2114,菱,líng,1817,98.2909973814,LUNG,リョウ,r,you,False,l,ing,2,來蒸三開,平,1,流音,次濁,ㄹ,流音,次濁,舌音,次濁
1922,2115,呻,shēn,1812,98.2930741817,SIN,シン,s,hin,False,sh,en,1,書眞三開,平,1,歯音,全清,ㅅ,歯音,全清,歯音,次清
1923,2116,雯,wén,1804,98.297209444,MWUN,ブン,b,un,False,w,en,2,明文三合,平,1,唇音,全濁,ㅁ,唇音,次濁,喉音,次濁
1924,2117,缸,gāng,1801,98.2992736368,HANG,コウ,k,ou,False,g,ang,1,匣江二開,平,1,牙音,全清,ㅎ,喉音,次清,牙音,全清
1925,2118,嫉,jí,1798,98.3033974378,CIL,シツ,s,hitsu,True,j,i,2,從脂三開,去,3,歯音,全清,ㅈ,歯音,全清,歯音,全清
1926,2119,瑛,yīng,1797,98.305457046,YENG,エイ,,ei,False,y,ing,1,影庚三開,平,1,喉音,次濁,ㅇ,喉音,次濁,喉音,次濁
1927,2120,涯,yá,1796,98.3116324323,AY,ガイ,g,ai,False,y,a,2,疑支三開,平,1,牙音,全濁,ㅇ,喉音,次濁,喉音,次濁
1928,2121,涯,yá,1796,98.3116324323,UY,ガイ,g,ai,False,y,a,2,疑支三開,平,1,牙音,全濁,ㅇ,喉音,次濁,喉音,次濁
1929,2122,肺,fèi,1785,98.3157298721,PHYEY,ハイ,h,ai,False,f,ei,4,滂廢三合,去,3,唇音,全清,ㅍ,唇音,次清,唇音,次清
1930,2123,肺,fèi,1785,98.3157298721,PHAY,ハイ,h,ai,False,f,ei,4,滂廢三合,去,3,唇音,全清,ㅍ,唇音,次清,唇音,次清
1931,2124,忖,cǔn,1784,98.3177745806,CHON,ソン,s,on,False,c,un,3,清魂一合,上,2,歯音,全清,ㅊ,歯音,次清,歯音,次清
1932,2125,腥,xīng,1779,98.3238960984,SENG,セイ,s,ei,False,x,ing,1,心青四開,平,1,歯音,全清,ㅅ,歯音,全清,歯音,次清
1933,2126,冥,míng,1776,98.3259316378,MYENG,メイ,m,ei,False,m,ing,2,明青四開,平,1,唇音,次濁,ㅁ,唇音,次濁,唇音,次濁
1934,2127,笛,dí,1775,98.327966031,CEK,テキ,t,eki,True,d,i,2,定青四開,入,4,舌音,全清,ㅈ,歯音,全清,舌音,全清
1935,2128,焚,fén,1771,98.3320279406,PWUN,フン,f,un,False,f,en,2,並文三合,平,1,唇音,全清,ㅂ,唇音,全清,唇音,次清
1936,2129,懿,yì,1771,98.3340577492,UY,イ,,i,False,y,i,4,影脂三開,去,3,喉音,次濁,ㅇ,喉音,次濁,喉音,次濁
1937,2130,炯,jiǒng,1764,98.3360795349,HYENG,ケイ,k,ei,False,j,iong,3,匣青四合,上,2,牙音,全清,ㅎ,喉音,次清,歯音,全清
1938,2131,丸,wán,1763,98.3381001745,HWAN,ガン,g,an,False,w,an,2,匣桓一合,平,1,牙音,全濁,ㅎ,喉音,次清,喉音,次濁
1939,2132,澳,ào,1761,98.3401185218,O,オウ,,ou,False,,ao,4,影豪一開,去,3,喉音,次濁,ㅇ,喉音,次濁,喉音,次濁
1940,2133,澳,ào,1761,98.3401185218,OK,オウ,,ou,False,,ao,4,影豪一開,去,3,喉音,次濁,ㅇ,喉音,次濁,喉音,次濁
1941,2134,炕,kàng,1761,98.3421368691,HANG,コウ,k,ou,False,k,ang,4,曉唐一開,平,1,牙音,全清,ㅎ,喉音,次清,牙音,次清
1942,2135,稚,zhì,1757,98.3441506318,CHI,チ,c,hi,True,zh,i,4,澄脂三開,去,3,舌音,全清,ㅊ,歯音,次清,歯音,全清
1943,2136,旭,xù,1754,98.3461609562,WUK,キョク,k,yoku,True,x,u,4,曉鍾三開,入,4,牙音,全清,ㅇ,喉音,次濁,歯音,次清
1944,2137,孕,yùn,1754,98.3481712805,ING,ヨウ,y,ou,False,y,un,4,以蒸三開,去,3,喉音,次濁,ㅇ,喉音,次濁,喉音,次濁
1945,2138,叩,kòu,1749,98.3541919383,KO,コウ,k,ou,False,k,ou,4,溪侯一開,上,2,牙音,全清,ㄱ,牙音,全清,牙音,次清
1946,2139,坎,kǎn,1748,98.3561953858,KAM,カン,k,an,False,k,an,3,溪覃一開,上,2,牙音,全清,ㄱ,牙音,全清,牙音,次清
1947,2140,脯,pú,1745,98.3581953949,PHO,ホ,h,o,False,p,u,2,幫虞三合,上,2,唇音,全清,ㅍ,唇音,次清,唇音,次清
1948,2141,磕,kē,1739,98.3601885272,KAY,コウ,k,ou,False,k,e,1,溪泰一開,去,3,牙音,全清,ㄱ,牙音,全清,牙音,次清
1949,2142,葡,pú,1739,98.3621816594,PHO,ブ,b,u,False,p,u,2,並模一開,平,1,唇音,全濁,ㅍ,唇音,次清,唇音,次清
1950,2143,啼,tí,1734,98.3681553256,CEY,テイ,t,ei,False,t,i,2,定齊四開,平,1,舌音,全清,ㅈ,歯音,全清,舌音,次清
1951,2144,囚,qiú,1730,98.3701381426,SWU,シュウ,s,huu,False,q,iu,2,邪尤三開,平,1,歯音,全清,ㅅ,歯音,全清,歯音,次清
1952,2145,挫,cuò,1727,98.3721175213,CWA,ザ,z,a,False,c,uo,4,精戈一合,去,3,歯音,全濁,ㅈ,歯音,全清,歯音,次清
1953,2148,珊,shān,1722,98.3780476342,SAN,サン,s,an,False,sh,an,1,心寒一開,平,1,歯音,全清,ㅅ,歯音,全清,歯音,次清
1954,2149,彪,biāo,1721,98.380020136,PHYO,ヒョウ,h,you,False,b,iao,1,幫幽三開,平,1,唇音,全清,ㅍ,唇音,次清,唇音,全清
1955,2150,坪,píng,1719,98.3839628474,PHYENG,ヘイ,h,ei,False,p,ing,2,並庚三開,平,1,唇音,全清,ㅍ,唇音,次清,唇音,次清
1956,2151,衍,yǎn,1719,98.3859330569,YEN,エン,,en,False,y,an,3,以仙三開,上,2,喉音,次濁,ㅇ,喉音,次濁,喉音,次濁
1957,2152,暑,shǔ,1715,98.3878986819,SE,ショ,s,ho,False,sh,u,3,書魚三開,上,2,歯音,全清,ㅅ,歯音,全清,歯音,次清
1958,2153,蔑,miè,1714,98.3918276396,MYEL,ベツ,b,etsu,True,m,ie,4,明先四開,入,4,唇音,全濁,ㅁ,唇音,次濁,唇音,次濁
1959,2154,踱,duó,1713,98.3937909723,THAK,タク,t,aku,True,d,uo,2,定唐一開,入,4,舌音,全清,ㅌ,舌音,次清,舌音,全清
1960,2155,僻,pì,1706,98.3996614861,PHI,ヘキ,h,eki,True,p,i,4,滂清三開,入,4,唇音,全清,ㅍ,唇音,次清,唇音,次清
1961,2156,僻,pì,1706,98.3996614861,PYEK,ヘキ,h,eki,True,p,i,4,滂清三開,入,4,唇音,全清,ㅂ,唇音,全清,唇音,次清
1962,2157,梢,shāo,1706,98.4016167959,CHO,ショウ,s,hou,False,sh,ao,1,生肴二開,平,1,歯音,全清,ㅊ,歯音,次清,歯音,次清
1963,2158,汁,zhī,1705,98.4035709595,CUP,ジュウ,j,uu,False,zh,i,1,章侵三開,入,4,歯音,全濁,ㅈ,歯音,全清,歯音,全清
1964,2159,汁,zhī,1705,98.4035709595,CIP,ジュウ,j,uu,False,zh,i,1,章侵三開,入,4,歯音,全濁,ㅈ,歯音,全清,歯音,全清
1965,2161,媒,méi,1700,98.4074701177,MAY,バイ,b,ai,False,m,ei,2,明灰一合,平,1,唇音,全濁,ㅁ,唇音,次濁,唇音,次濁
1966,2162,伺,cì,1697,98.4094151122,SA,シ,s,hi,False,c,i,4,心之三開,平,1,歯音,全清,ㅅ,歯音,全清,歯音,次清
1967,2163,藉,jí,1695,98.4113578144,CEK,シャ,s,ha,False,j,i,2,從麻三開,去,3,歯音,全清,ㅈ,歯音,全清,歯音,全清
1968,2164,藉,jí,1695,98.4113578144,CA,シャ,s,ha,False,j,i,2,從麻三開,去,3,歯音,全清,ㅈ,歯音,全清,歯音,全清
1969,2165,蹄,tí,1694,98.4132993705,CEY,テイ,t,ei,False,t,i,2,定齊四開,平,1,舌音,全清,ㅈ,歯音,全清,舌音,次清
1970,2166,斧,fǔ,1693,98.4152397805,PWU,フ,f,u,False,f,u,3,幫虞三合,上,2,唇音,全清,ㅂ,唇音,全清,唇音,次清
1971,2167,蒸,zhēng,1689,98.4191137236,CUNG,ジョウ,j,ou,False,zh,eng,1,章蒸三開,平,1,歯音,全濁,ㅈ,歯音,全清,歯音,全清
1972,2168,稼,jià,1688,98.4210484029,KA,カ,k,a,False,j,ia,4,見麻二開,去,3,牙音,全清,ㄱ,牙音,全清,歯音,全清
1973,2169,厥,jué,1682,98.4229762054,KWUL,クツ,k,utsu,True,j,ue,2,見文三合,入,4,牙音,全清,ㄱ,牙音,全清,歯音,全清
1974,2170,厥,jué,1682,98.4229762054,KWEL,クツ,k,utsu,True,j,ue,2,見文三合,入,4,牙音,全清,ㄱ,牙音,全清,歯音,全清
1975,2171,熄,xī,1679,98.4249005695,SIK,ソク,s,oku,True,x,i,1,心蒸三開,入,4,歯音,全清,ㅅ,歯音,全清,歯音,次清
1976,2172,魅,mèi,1679,98.4268249335,MAY,ミ,m,i,False,m,ei,4,明脂三開,去,3,唇音,次濁,ㅁ,唇音,次濁,唇音,次濁
1977,2173,襟,jīn,1677,98.4287470053,KUM,キン,k,in,False,j,in,1,見侵三開,平,1,牙音,全清,ㄱ,牙音,全清,歯音,全清
1978,2174,犬,quǎn,1677,98.4306690771,KYEN,ケン,k,en,False,q,uan,3,溪先四合,上,2,牙音,全清,ㄱ,牙音,全清,歯音,次清
1979,2175,蹈,dǎo,1676,98.4325900027,TO,トウ,t,ou,False,d,ao,3,定豪一開,去,3,舌音,全清,ㄷ,舌音,全清,舌音,全清
1980,2176,擅,shàn,1671,98.4345051977,CHEN,セン,s,en,False,sh,an,4,常仙三開,去,3,歯音,全清,ㅊ,歯音,次清,歯音,次清
1981,2177,炭,tàn,1669,98.4364181004,THAN,タン,t,an,False,t,an,4,透寒一開,去,3,舌音,全清,ㅌ,舌音,次清,舌音,次清
1982,2178,弊,bì,1667,98.4383287108,PHYEY,ヘイ,h,ei,False,b,i,4,並祭三開,去,3,唇音,全清,ㅍ,唇音,次清,唇音,全清
1983,2179,沸,fèi,1667,98.4402393212,PWUL,フツ,f,utsu,True,f,ei,4,幫微三合,去,3,唇音,全清,ㅂ,唇音,全清,唇音,次清
1984,2180,沸,fèi,1667,98.4402393212,PI,フツ,f,utsu,True,f,ei,4,幫微三合,去,3,唇音,全清,ㅂ,唇音,全清,唇音,次清
1985,2181,僚,liáo,1664,98.4421464932,LYO,リョウ,r,you,False,l,iao,2,來蕭四開,平,1,流音,次濁,ㄹ,流音,次濁,舌音,次濁
1986,2182,暇,xiá,1663,98.4440525191,KA,カ,k,a,False,x,ia,2,匣麻二開,去,3,牙音,全清,ㄱ,牙音,全清,歯音,次清
1987,2183,泳,yǒng,1662,98.4459573988,YENG,エイ,,ei,False,y,ong,3,云庚三合,去,3,喉音,次濁,ㅇ,喉音,次濁,喉音,次濁
1988,2184,毓,yù,1661,98.4478611324,YUK,イク,,iku,True,y,u,4,以東三開,入,4,喉音,次濁,ㅇ,喉音,次濁,喉音,次濁
1989,2185,茵,yīn,1658,98.4497614276,IN,イン,,in,False,y,in,1,影眞三開,平,1,喉音,次濁,ㅇ,喉音,次濁,喉音,次濁
1990,2186,咦,yí,1657,98.4535597257,I,イ,,i,False,y,i,2,曉脂三開,平,1,喉音,次濁,ㅇ,喉音,次濁,喉音,次濁
1991,2187,咦,yí,1657,98.4535597257,CAY,イ,,i,False,y,i,2,曉脂三開,平,1,喉音,次濁,ㅈ,歯音,全清,喉音,次濁
1992,2188,畔,pàn,1651,98.4554519979,PAN,ハン,h,an,False,p,an,4,並桓一合,去,3,唇音,全清,ㅂ,唇音,全清,唇音,次清
1993,2189,弘,hóng,1647,98.4592319578,HONG,コウ,k,ou,False,h,ong,2,匣登一合,平,1,牙音,全清,ㅎ,喉音,次清,牙音,次清
1994,2190,陀,tuó,1646,98.4611184993,THA,ダ,d,a,False,t,uo,2,定歌一開,平,1,舌音,全濁,ㅌ,舌音,次清,舌音,次清
1995,2191,猿,yuán,1645,98.4630038947,WEN,エン,,en,False,y,uan,2,云元三合,平,1,喉音,次濁,ㅇ,喉音,次濁,喉音,次濁
1996,2192,蛛,zhū,1644,98.464888144,CWU,チュ,c,hu,False,zh,u,1,知虞三合,平,1,舌音,全清,ㅈ,歯音,全清,歯音,全清
1997,2193,萄,táo,1631,98.4686371582,TO,ドウ,d,ou,False,t,ao,2,定豪一開,平,1,舌音,全濁,ㄷ,舌音,全清,舌音,次清
1998,2194,痒,yǎng,1630,98.4705053615,YANG,ヨウ,y,ou,False,y,ang,3,邪陽三開,平,1,喉音,次濁,ㅇ,喉音,次濁,喉音,次濁
1999,2195,薪,xīn,1622,98.4742245761,SIN,シン,s,hin,False,x,in,1,心眞三開,平,1,歯音,全清,ㅅ,歯音,全清,歯音,次清
2000,2196,肝,gān,1615,98.4779323294,KAN,カン,k,an,False,g,an,1,見寒一開,平,1,牙音,全清,ㄱ,牙音,全清,牙音,全清
2001,2197,秉,bǐng,1613,98.4797810484,PYENG,ヘイ,h,ei,False,b,ing,3,幫庚三開,上,2,唇音,全清,ㅂ,唇音,全清,唇音,全清
2002,2198,凰,huáng,1611,98.4834761942,HWANG,オウ,,ou,False,h,uang,2,匣唐一合,平,1,喉音,次濁,ㅎ,喉音,次清,牙音,次清
2003,2199,歹,dǎi,1609,98.4853203286,TAY,ガツ,g,atsu,True,d,ai,3,疑寒一開,入,4,牙音,全濁,ㄷ,舌音,全清,舌音,全清
2004,2200,歹,dǎi,1609,98.4853203286,AL,ガツ,g,atsu,True,d,ai,3,疑寒一開,入,4,牙音,全濁,ㅇ,喉音,次濁,舌音,全清
2005,2201,琢,zuó,1607,98.489004013,THAK,タク,t,aku,True,z,uo,2,知江二開,入,4,舌音,全清,ㅌ,舌音,次清,歯音,全清
2006,2204,苟,gǒu,1586,98.4999633752,KWU,コウ,k,ou,False,g,ou,3,見侯一開,上,2,牙音,全清,ㄱ,牙音,全清,牙音,全清
2007,2205,枉,wǎng,1576,98.5053972108,WANG,オウ,,ou,False,w,ang,3,影陽三合,上,2,喉音,次濁,ㅇ,喉音,次濁,喉音,次濁
2008,2206,憎,zēng,1569,98.5089949349,CUNG,ゾウ,z,ou,False,z,eng,1,精登一開,平,1,歯音,全濁,ㅈ,歯音,全清,歯音,全清
2009,2209,旱,hàn,1558,98.5215336739,HAN,カン,k,an,False,h,an,4,匣寒一開,上,2,牙音,全清,ㅎ,喉音,次清,牙音,次清
2010,2210,螺,luó,1554,98.5233147708,LEY,ラ,r,a,False,l,uo,2,來戈一合,平,1,流音,次濁,ㄹ,流音,次濁,舌音,次濁
2011,2211,螺,luó,1554,98.5233147708,LA,ラ,r,a,False,l,uo,2,來戈一合,平,1,流音,次濁,ㄹ,流音,次濁,舌音,次濁
2012,2212,扛,káng,1549,98.5250901371,KANG,コウ,k,ou,False,k,ang,2,見江二開,平,1,牙音,全清,ㄱ,牙音,全清,牙音,次清
2013,2213,涵,hán,1543,98.5286317005,HAM,カン,k,an,False,h,an,2,匣覃一開,平,1,牙音,全清,ㅎ,喉音,次清,牙音,次清
2014,2214,吭,kēng,1542,98.5303990438,HANG,コウ,k,ou,False,k,eng,1,匣唐一開,平,1,牙音,全清,ㅎ,喉音,次清,牙音,次清
2015,2215,鞠,jū,1537,98.5339268535,KWUK,キク,k,iku,True,j,u,1,見東三開,入,4,牙音,全清,ㄱ,牙音,全清,歯音,全清
2016,2216,尿,niào,1525,98.5374294482,NYO,ニョウ,n,you,False,n,iao,4,泥蕭四開,去,3,舌音,次濁,ㄴ,舌音,次濁,舌音,次濁
2017,2217,杉,shān,1522,98.5426684406,SAM,サン,s,an,False,sh,an,1,生咸二開,平,1,歯音,全清,ㅅ,歯音,全清,歯音,次清
2018,2218,捂,wǔ,1521,98.544411715,O,ゴ,g,o,False,w,u,3,疑模一開,去,3,牙音,全濁,ㅇ,喉音,次濁,喉音,次濁
2019,2219,灼,zhuó,1521,98.5461549894,SA,シャク,s,haku,True,zh,uo,2,章陽三開,入,4,歯音,全清,ㅅ,歯音,全清,歯音,全清
2020,2220,灼,zhuó,1521,98.5461549894,CAK,シャク,s,haku,True,zh,uo,2,章陽三開,入,4,歯音,全清,ㅈ,歯音,全清,歯音,全清
2021,2221,乍,zhà,1518,98.5496358075,SA,サ,s,a,False,zh,a,4,崇麻二開,去,3,歯音,全清,ㅅ,歯音,全清,歯音,全清
2022,2222,帖,tiē,1515,98.5531086027,CHEY,チョウ,c,hou,False,t,ie,1,透添四開,入,4,舌音,全清,ㅊ,歯音,次清,舌音,次清
2023,2223,帖,tiē,1515,98.5531086027,CHEP,チョウ,c,hou,False,t,ie,1,透添四開,入,4,舌音,全清,ㅊ,歯音,次清,舌音,次清
2024,2224,倡,chàng,1513,98.554842708,CHANG,ショウ,s,hou,False,ch,ang,4,昌陽三開,平,1,歯音,全清,ㅊ,歯音,次清,歯音,次清
2025,2226,禺,yú,1507,98.5583017495,ONG,グ,g,u,False,y,u,2,疑虞三合,平,1,牙音,全濁,ㅇ,喉音,次濁,喉音,次濁
2026,2227,虐,nüè,1504,98.5600255396,HAK,ギャク,g,yaku,True,n,üe,4,疑陽三開,入,4,牙音,全濁,ㅎ,喉音,次清,舌音,次濁
2027,2228,垣,yuán,1496,98.5651797178,WEN,オン,,on,False,y,uan,2,云元三合,平,1,喉音,次濁,ㅇ,喉音,次濁,喉音,次濁
2028,2229,藻,zǎo,1492,98.5668897542,CO,ソウ,s,ou,False,z,ao,3,精豪一開,上,2,歯音,全清,ㅈ,歯音,全清,歯音,全清
2029,2230,菌,jūn,1480,98.5702857582,KYUN,キン,k,in,False,j,un,1,群眞三合,上,2,牙音,全清,ㄱ,牙音,全清,歯音,全清
2030,2231,屯,tún,1479,98.5719808949,TWUN,トン,t,on,False,t,un,2,知諄三合,平,1,舌音,全清,ㄷ,舌音,全清,舌音,次清
2031,2232,屯,tún,1479,98.5719808949,CWUN,トン,t,on,False,t,un,2,知諄三合,平,1,舌音,全清,ㅈ,歯音,全清,舌音,次清
2032,2233,矢,shǐ,1478,98.5736748854,SI,シ,s,hi,False,sh,i,3,書脂三開,上,2,歯音,全清,ㅅ,歯音,全清,歯音,次清
2033,2234,榜,bǎng,1473,98.5770571357,PANG,ボウ,b,ou,False,b,ang,3,並庚二開,平,1,唇音,全濁,ㅂ,唇音,全清,唇音,全清
2034,2235,榜,bǎng,1473,98.5770571357,PYENG,ボウ,b,ou,False,b,ang,3,並庚二開,平,1,唇音,全濁,ㅂ,唇音,全清,唇音,全清
2035,2236,邵,shào,1472,98.5787442494,SO,ショウ,s,hou,False,sh,ao,4,常宵三開,去,3,歯音,全清,ㅅ,歯音,全清,歯音,次清
2036,2238,瓷,cí,1468,98.5821104538,CA,シ,s,hi,False,c,i,2,從脂三開,平,1,歯音,全清,ㅈ,歯音,全清,歯音,次清
2037,2239,禽,qín,1462,98.5837861062,KUM,キン,k,in,False,q,in,2,群侵三開,平,1,牙音,全清,ㄱ,牙音,全清,歯音,次清
2038,2240,呃,è,1462,98.5854617585,AY,アク,,aku,True,,e,4,影皆二開,去,3,喉音,次濁,ㅇ,喉音,次濁,喉音,次濁
2039,2241,朕,zhèn,1462,98.5871374108,CIM,チン,c,hin,False,zh,en,4,澄侵三開,上,2,舌音,全清,ㅈ,歯音,全清,歯音,全清
2040,2242,剖,pōu,1461,98.588811917,PWU,ボウ,b,ou,False,p,ou,1,滂虞三合,上,2,唇音,全濁,ㅂ,唇音,全清,唇音,次清
2041,2243,剖,pǒ,1461,98.588811917,PWU,ボウ,b,ou,False,p,o,3,滂虞三合,上,2,唇音,全濁,ㅂ,唇音,全清,唇音,次清
2042,2244,榻,tà,1453,98.5954858729,THAP,トウ,t,ou,False,t,a,4,透談一開,入,4,舌音,全清,ㅌ,舌音,次清,舌音,次清
2043,2245,坤,kūn,1451,98.5988131086,KON,コン,k,on,False,k,un,1,溪魂一合,平,1,牙音,全清,ㄱ,牙音,全清,牙音,次清
2044,2246,尹,yǐn,1447,98.6021323215,YUN,イン,,in,False,y,in,3,以諄三合,上,2,喉音,次濁,ㅇ,喉音,次濁,喉音,次濁
2045,2247,茜,qiàn,1445,98.6054458036,CHEN,セン,s,en,False,q,ian,4,清先四開,去,3,歯音,全清,ㅊ,歯音,次清,歯音,次清
2046,2248,秩,zhì,1442,98.6070985332,CIL,チツ,c,hitsu,True,zh,i,4,澄眞三開,入,4,舌音,全清,ㅈ,歯音,全清,歯音,全清
2047,2249,禹,yǔ,1440,98.6087489705,WU,ウ,,u,False,y,u,3,云虞三合,上,2,喉音,次濁,ㅇ,喉音,次濁,喉音,次濁
2048,2250,峨,é,1438,98.6103971155,A,ガ,g,a,False,,e,2,疑歌一開,平,1,牙音,全濁,ㅇ,喉音,次濁,喉音,次濁
2049,2251,孽,niè,1438,98.6120452605,EL,ゲツ,g,etsu,True,n,ie,4,疑仙三開,入,4,牙音,全濁,ㅇ,喉音,次濁,舌音,次濁
2050,2254,框,kuàng,1426,98.6218871391,KWANG,コウ,k,ou,False,k,uang,4,溪陽三合,平,1,牙音,全清,ㄱ,牙音,全清,牙音,次清
2051,2255,框,kuāng,1426,98.6218871391,KWANG,コウ,k,ou,False,k,uang,1,溪陽三合,平,1,牙音,全清,ㄱ,牙音,全清,牙音,次清
2052,2257,奕,yì,1420,98.6284075126,HYEK,エキ,,eki,True,y,i,4,以清三開,入,4,喉音,次濁,ㅎ,喉音,次清,喉音,次濁
2053,2258,虞,yú,1416,98.6316568111,WU,グ,g,u,False,y,u,2,疑虞三合,平,1,牙音,全濁,ㅇ,喉音,次濁,喉音,次濁
2054,2259,窘,jiǒng,1410,98.6348946482,KWUN,キン,k,in,False,j,iong,3,群眞三合,上,2,牙音,全清,ㄱ,牙音,全清,歯音,全清
2055,2260,眩,xuàn,1410,98.6365107014,HWAN,ケン,k,en,False,x,uan,4,匣先四合,平,1,牙音,全清,ㅎ,喉音,次清,歯音,次清
2056,2261,眩,xuàn,1410,98.6365107014,HYEN,ケン,k,en,False,x,uan,4,匣先四合,平,1,牙音,全清,ㅎ,喉音,次清,歯音,次清
2057,2263,嗽,sòu,1408,98.6413565687,SWU,ソウ,s,ou,False,s,ou,4,心侯一開,去,3,歯音,全清,ㅅ,歯音,全清,歯音,次清
2058,2266,忒,tè,1406,98.6461955592,THUK,トク,t,oku,True,t,e,4,透登一開,入,4,舌音,全清,ㅌ,舌音,次清,舌音,次清
2059,2267,杏,xìng,1405,98.6478058817,HAYNG,キョウ,k,you,False,x,ing,4,匣庚二開,上,2,牙音,全清,ㅎ,喉音,次清,歯音,次清
2060,2268,沮,jǔ,1399,98.6526208033,CE,ソ,s,o,False,j,u,3,清魚三開,平,1,歯音,全清,ㅈ,歯音,全清,歯音,全清
2061,2269,仕,shì,1396,98.6542208106,SA,シ,s,hi,False,sh,i,4,崇之三開,上,2,歯音,全清,ㅅ,歯音,全清,歯音,次清
2062,2270,跋,bá,1393,98.6558173795,PAL,ハツ,h,atsu,True,b,a,2,並桓一合,入,4,唇音,全清,ㅂ,唇音,全清,唇音,全清
2063,2271,棕,zōng,1388,98.660597917,CONG,シュ,s,hu,False,z,ong,1,精東一開,平,1,歯音,全清,ㅈ,歯音,全清,歯音,全清
2064,2272,矗,chù,1386,98.6621864629,CHOK,チク,c,hiku,True,ch,u,4,初東三開,入,4,舌音,全清,ㅊ,歯音,次清,歯音,次清
2065,2273,嫦,cháng,1386,98.6653635547,HANG,ジョウ,j,ou,False,ch,ang,2,常陽三開,平,1,歯音,全濁,ㅎ,喉音,次清,歯音,次清
2066,2274,甸,diàn,1384,98.6669498084,SUNG,デン,d,en,False,d,ian,4,定先四開,去,3,舌音,全濁,ㅅ,歯音,全清,舌音,全清
2067,2275,甸,diàn,1384,98.6669498084,CEN,デン,d,en,False,d,ian,4,定先四開,去,3,舌音,全濁,ㅈ,歯音,全清,舌音,全清
2068,2276,炒,chǎo,1374,98.6764421152,CHO,ソウ,s,ou,False,ch,ao,3,初肴二開,上,2,歯音,全清,ㅊ,歯音,次清,歯音,次清
2069,2277,搓,cuō,1372,98.6795882613,CHA,サ,s,a,False,c,uo,1,清歌一開,平,1,歯音,全清,ㅊ,歯音,次清,歯音,次清
2070,2278,岔,chà,1370,98.681158469,CHA,タ,t,a,False,ch,a,4,初麻二開,去,3,舌音,全清,ㅊ,歯音,次清,歯音,次清
2071,2279,蛙,wā,1368,98.6842965922,WAY,ア,,a,False,w,a,1,影佳二合,平,1,喉音,次濁,ㅇ,喉音,次濁,喉音,次濁
2072,2280,蛙,wā,1368,98.6842965922,WA,ア,,a,False,w,a,1,影佳二合,平,1,喉音,次濁,ㅇ,喉音,次濁,喉音,次濁
2073,2281,佟,tóng,1366,98.6858622153,TONG,トウ,t,ou,False,t,ong,2,定冬一開,平,1,舌音,全清,ㄷ,舌音,全清,舌音,次清
2074,2282,後,hòu,1366,98.6874278385,HWU,ゴ,g,o,False,h,ou,4,匣侯一開,上,2,牙音,全濁,ㅎ,喉音,次清,牙音,次清
2075,2283,揣,chuāi,1365,98.6889923155,THA,シ,s,hi,False,ch,uai,1,初支三合,上,2,歯音,全清,ㅌ,舌音,次清,歯音,次清
2076,2284,揣,chuāi,1365,98.6889923155,CHWI,シ,s,hi,False,ch,uai,1,初支三合,上,2,歯音,全清,ㅊ,歯音,次清,歯音,次清
2077,2285,叱,chì,1361,98.6936811621,CIL,カ,k,a,False,ch,i,4,昌眞三開,入,4,牙音,全清,ㅈ,歯音,全清,歯音,次清
2078,2286,扒,bā,1360,98.6952399084,PAY,ハイ,h,ai,False,b,a,1,幫皆二開,去,3,唇音,全清,ㅂ,唇音,全清,唇音,全清
2079,2287,墅,shù,1358,98.6983551088,SE,ショ,s,ho,False,sh,u,4,常魚三開,上,2,歯音,全清,ㅅ,歯音,全清,歯音,次清
2080,2288,匈,xiōng,1358,98.6999115629,HUNG,キョウ,k,you,False,x,iong,1,曉鍾三開,平,1,牙音,全清,ㅎ,喉音,次清,歯音,次清
2081,2289,婢,bì,1355,98.7030198865,PI,ヒ,h,i,False,b,i,4,並支三開,上,2,唇音,全清,ㅂ,唇音,全清,唇音,全清
2082,2290,婿,xù,1354,98.704571756,SE,セイ,s,ei,False,x,u,4,心齊四開,去,3,歯音,全清,ㅅ,歯音,全清,歯音,次清
2083,2291,敷,fū,1353,98.7061224794,PWU,フ,f,u,False,f,u,1,滂虞三合,平,1,唇音,全清,ㅂ,唇音,全清,唇音,次清
2084,2292,窟,kū,1349,98.7092159033,KWUL,クツ,k,utsu,True,k,u,1,溪魂一合,入,4,牙音,全清,ㄱ,牙音,全清,牙音,次清
2085,2293,簿,bù,1348,98.710760896,PWU,ボ,b,o,False,b,u,4,並模一開,上,2,唇音,全濁,ㅂ,唇音,全清,唇音,全清
2086,2294,簿,bù,1348,98.710760896,PAK,ボ,b,o,False,b,u,4,並模一開,上,2,唇音,全濁,ㅂ,唇音,全清,唇音,全清
2087,2295,菩,pú,1348,98.7123058887,PO,ボ,b,o,False,p,u,2,並模一開,平,1,唇音,全濁,ㅂ,唇音,全清,唇音,次清
2088,2296,瑜,yú,1348,98.7138508814,YU,ユ,y,u,False,y,u,2,以虞三合,平,1,喉音,次濁,ㅇ,喉音,次濁,喉音,次濁
2089,2297,燥,zào,1342,98.7169271131,CO,ソウ,s,ou,False,z,ao,4,心豪一開,上,2,歯音,全清,ㅈ,歯音,全清,歯音,全清
2090,2298,澄,chéng,1341,98.7184640829,CING,チョウ,c,hou,False,ch,eng,2,澄庚二開,平,1,舌音,全清,ㅈ,歯音,全清,歯音,次清
2091,2299,隋,suí,1339,98.7199987603,SWU,ズイ,z,ui,False,s,ui,2,邪支三合,平,1,歯音,全濁,ㅅ,歯音,全清,歯音,次清
2092,2300,渺,miǎo,1338,98.7215322917,MYO,ビョウ,b,you,False,m,iao,3,明宵三開,上,2,唇音,全濁,ㅁ,唇音,次濁,唇音,次濁
2093,2301,峭,qiào,1336,98.7230635307,CHO,ショウ,s,hou,False,q,iao,4,清宵三開,去,3,歯音,全清,ㅊ,歯音,次清,歯音,次清
2094,2304,歧,qí,1335,98.7276549556,KI,キ,k,i,True,q,i,2,群支三開,平,1,牙音,全清,ㄱ,牙音,全清,歯音,次清
2095,2305,券,quàn,1334,98.7291839024,KWEN,ケン,k,en,False,q,uan,4,溪元三合,去,3,牙音,全清,ㄱ,牙音,全清,歯音,次清
2096,2306,沁,qìn,1333,98.7307117031,SIM,シン,s,hin,False,q,in,4,清侵三開,去,3,歯音,全清,ㅅ,歯音,全清,歯音,次清
2097,2307,吨,dūn,1323,98.7337501123,TWUN,トン,t,on,False,d,un,1,透魂一合,上,2,舌音,全清,ㄷ,舌音,全清,舌音,全清
2098,2308,槐,huái,1323,98.7352664516,KOY,カイ,k,ai,False,h,uai,2,匣皆二合,平,1,牙音,全清,ㄱ,牙音,全清,牙音,次清
2099,2309,匣,xiá,1322,98.7398131771,KAP,コウ,k,ou,False,x,ia,2,匣銜二開,入,4,牙音,全清,ㄱ,牙音,全清,歯音,次清
2100,2310,聘,pìn,1321,98.7413272241,PING,ヘイ,h,ei,False,p,in,4,滂清三開,去,3,唇音,全清,ㅂ,唇音,全清,唇音,次清
2101,2311,嵌,qiàn,1315,98.7458521731,KAM,カン,k,an,False,q,ian,4,溪銜二開,平,1,牙音,全清,ㄱ,牙音,全清,歯音,次清
2102,2312,廖,liào,1313,98.7488630751,LYO,リョウ,r,you,False,l,iao,4,來蕭四開,平,1,流音,次濁,ㄹ,流音,次濁,舌音,次濁
2103,2313,襄,xiāng,1306,98.75035993,YANG,ジョウ,j,ou,False,x,iang,1,心陽三開,平,1,歯音,全濁,ㅇ,喉音,次濁,歯音,次清
2104,2314,憋,biē,1305,98.7518556388,PYEL,ヘツ,h,etsu,True,b,ie,1,幫仙三開,入,4,唇音,全清,ㅂ,唇音,全清,唇音,全清
2105,2315,梭,suō,1305,98.7533513476,SA,サ,s,a,False,s,uo,1,心戈一合,平,1,歯音,全清,ㅅ,歯音,全清,歯音,次清
2106,2316,庵,ān,1303,98.7548447642,AM,アン,,an,False,,an,1,影覃一開,平,1,喉音,次濁,ㅇ,喉音,次濁,喉音,次濁
2107,2317,靴,xuē,1302,98.757829305,HWA,カ,k,a,False,x,ue,1,曉戈三合,平,1,牙音,全清,ㅎ,喉音,次清,歯音,次清
2108,2318,瞻,zhān,1301,98.7593204292,CHEM,セン,s,en,False,zh,an,1,章鹽三開,平,1,歯音,全清,ㅊ,歯音,次清,歯音,全清
2109,2319,脂,zhī,1301,98.7608115535,CI,シ,s,hi,False,zh,i,1,章脂三開,平,1,歯音,全清,ㅈ,歯音,全清,歯音,全清
2110,2320,豁,huō,1294,98.765265442,HWAL,カツ,k,atsu,True,h,uo,1,曉桓一合,入,4,牙音,全清,ㅎ,喉音,次清,牙音,次清
2111,2323,琪,qí,1288,98.7711806551,KI,キ,k,i,True,q,i,2,群之三開,平,1,牙音,全清,ㄱ,牙音,全清,歯音,次清
2112,2324,哆,duō,1285,98.7726534412,CHI,シ,s,hi,False,d,uo,1,徹麻二開,平,1,歯音,全清,ㅊ,歯音,次清,舌音,全清
2113,2325,悍,hàn,1280,98.7741204966,HAN,カン,k,an,False,h,an,4,匣寒一開,去,3,牙音,全清,ㅎ,喉音,次清,牙音,次清
2114,2326,徊,huái,1277,98.7799806952,HOY,カイ,k,ai,False,h,uai,2,匣灰一合,平,1,牙音,全清,ㅎ,喉音,次清,牙音,次清
2115,2327,梨,lí,1277,98.7814443121,LI,リ,r,i,False,l,i,2,來脂三開,平,1,流音,次濁,ㄹ,流音,次濁,舌音,次濁
2116,2329,慷,kāng,1274,98.7843669615,KANG,コウ,k,ou,False,k,ang,1,溪唐一開,上,2,牙音,全清,ㄱ,牙音,全清,牙音,次清
2117,2330,膏,gāo,1268,98.7901962144,KO,コウ,k,ou,False,g,ao,1,見豪一開,平,1,牙音,全清,ㄱ,牙音,全清,牙音,全清
2118,2331,渠,qú,1265,98.7916460777,KE,キョ,k,yo,False,q,u,2,群魚三開,平,1,牙音,全清,ㄱ,牙音,全清,歯音,次清
2119,2333,簇,cù,1258,98.8017584447,COK,ソウ,s,ou,False,c,u,4,清東一開,入,4,歯音,全清,ㅈ,歯音,全清,歯音,次清
2120,2334,踉,liàng,1256,98.8060793812,LYANG,ロウ,r,ou,False,l,iang,4,來陽三開,平,1,流音,次濁,ㄹ,流音,次濁,舌音,次濁
2121,2335,拇,mǔ,1254,98.808955039,MWU,ボ,b,o,False,m,u,3,明侯一開,上,2,唇音,全濁,ㅁ,唇音,次濁,唇音,次濁
2122,2336,奢,shē,1248,98.8132530529,SA,シャ,s,ha,False,sh,e,1,書麻三開,平,1,歯音,全清,ㅅ,歯音,全清,歯音,次清
2123,2338,絮,xù,1247,98.8161115186,SE,ジョ,j,o,False,x,u,4,心魚三開,去,3,歯音,全濁,ㅅ,歯音,全清,歯音,次清
2124,2339,絮,xù,1247,98.8161115186,YE,ジョ,j,o,False,x,u,4,心魚三開,去,3,歯音,全濁,ㅇ,喉音,次濁,歯音,次清
2125,2340,唬,hǔ,1242,98.8189608152,HO,ケ,k,e,False,h,u,3,曉麻二開,去,3,牙音,全清,ㅎ,喉音,次清,牙音,次清
2126,2342,珀,pò,1237,98.8232152758,PAK,ハク,h,aku,True,p,o,4,滂庚二開,入,4,唇音,全清,ㅂ,唇音,全清,唇音,次清
2127,2343,猾,huá,1236,98.8246319012,HWAL,カツ,k,atsu,True,h,ua,2,匣山二合,入,4,牙音,全清,ㅎ,喉音,次清,牙音,次清
2128,2344,蟹,xiè,1235,98.8274640058,HAY,カイ,k,ai,False,x,ie,4,匣佳二開,上,2,牙音,全清,ㅎ,喉音,次清,歯音,次清
2129,2345,楞,léng,1231,98.8302880874,LUNG,リョウ,r,you,False,l,eng,2,來登一開,平,1,流音,次濁,ㄹ,流音,次濁,舌音,次濁
2130,2346,函,hán,1228,98.8316955436,HAM,カン,k,an,False,h,an,2,匣覃一開,平,1,牙音,全清,ㅎ,喉音,次清,牙音,次清
2131,2347,惕,tì,1227,98.8359167663,CHEK,テキ,t,eki,True,t,i,4,透青四開,入,4,舌音,全清,ㅊ,歯音,次清,舌音,次清
2132,2348,琉,liú,1224,98.837319638,LYU,リュウ,r,yuu,False,l,iu,2,來尤三開,平,1,流音,次濁,ㄹ,流音,次濁,舌音,次濁
2133,2350,庶,shù,1220,98.8443213891,SE,ショ,s,ho,False,sh,u,4,書魚三開,去,3,歯音,全清,ㅅ,歯音,全清,歯音,次清
2134,2351,蝴,hú,1216,98.8471110866,HWU,コ,k,o,False,h,u,2,匣模一開,平,1,牙音,全清,ㅎ,喉音,次清,牙音,次清
2135,2352,眷,juàn,1213,98.8485013508,KWEN,ケン,k,en,False,j,uan,4,見仙三合,去,3,牙音,全清,ㄱ,牙音,全清,歯音,全清
2136,2353,煎,jiān,1208,98.8498858843,CEN,セン,s,en,False,j,ian,1,精仙三開,平,1,歯音,全清,ㅈ,歯音,全清,歯音,全清
2137,2354,苑,yuàn,1206,98.8512681255,WEN,エン,,en,False,y,uan,4,影元三合,上,2,喉音,次濁,ㅇ,喉音,次濁,喉音,次濁
2138,2357,涕,tì,1204,98.8540291696,CHEY,テイ,t,ei,False,t,i,4,透齊四開,上,2,舌音,全清,ㅊ,歯音,次清,舌音,次清
2139,2358,粟,sù,1202,98.8554068263,SOK,ゾク,z,oku,True,s,u,4,心鍾三開,入,4,歯音,全濁,ㅅ,歯音,全清,歯音,次清
2140,2359,郝,hǎo,1200,98.8567821907,HAK,カク,k,aku,True,h,ao,3,曉唐一開,入,4,牙音,全清,ㅎ,喉音,次清,牙音,次清
2141,2360,薇,wēi,1196,98.8581529706,MI,ビ,b,i,False,w,ei,1,明脂三開,平,1,唇音,全濁,ㅁ,唇音,次濁,喉音,次濁
2142,2361,嗤,chī,1196,98.8595237505,CHI,シ,s,hi,False,ch,i,1,昌之三開,平,1,歯音,全清,ㅊ,歯音,次清,歯音,次清
2143,2362,蚕,cán,1195,98.8608933842,CAM,サン,s,an,False,c,an,2,透先四開,上,2,歯音,全清,ㅈ,歯音,全清,歯音,次清
2144,2363,蚕,cán,1195,98.8608933842,CHEN,サン,s,an,False,c,an,2,透先四開,上,2,歯音,全清,ㅊ,歯音,次清,歯音,次清
2145,2364,檐,yán,1192,98.8636280672,CHEM,エン,,en,False,y,an,2,以鹽三開,平,1,喉音,次濁,ㅊ,歯音,次清,喉音,次濁
2146,2365,匕,bǐ,1191,98.8649931164,PI,ヒ,h,i,False,b,i,3,幫脂三開,上,2,唇音,全清,ㅂ,唇音,全清,唇音,全清
2147,2366,宦,huàn,1189,98.8677197763,HWAN,カン,k,an,False,h,uan,4,匣刪二合,去,3,牙音,全清,ㅎ,喉音,次清,牙音,次清
2148,2367,宵,xiāo,1187,98.869080241,SO,ショウ,s,hou,False,x,iao,1,心宵三開,平,1,歯音,全清,ㅅ,歯音,全清,歯音,次清
2149,2368,斟,zhēn,1187,98.8704407056,CIM,シン,s,hin,False,zh,en,1,章侵三開,平,1,歯音,全清,ㅈ,歯音,全清,歯音,全清
2150,2369,裴,péi,1185,98.8731581965,PAY,ハイ,h,ai,False,p,ei,2,並微三合,平,1,唇音,全清,ㅂ,唇音,全清,唇音,次清
2151,2370,冉,rǎn,1185,98.8745163689,YEM,ゼン,z,en,False,r,an,3,日鹽三開,平,1,歯音,全濁,ㅇ,喉音,次濁,歯音,次濁
2152,2371,懊,ào,1180,98.8772235445,O,オウ,,ou,False,,ao,4,影豪一開,上,2,喉音,次濁,ㅇ,喉音,次濁,喉音,次濁
2153,2372,竿,gān,1180,98.8785759862,KAN,カン,k,an,False,g,an,1,見寒一開,平,1,牙音,全清,ㄱ,牙音,全清,牙音,全清
2154,2373,熏,xūn,1180,98.8799284279,HWUN,クン,k,un,False,x,un,1,曉文三合,平,1,牙音,全清,ㅎ,喉音,次清,歯音,次清
2155,2374,凹,āo,1179,98.8826321651,YO,オウ,,ou,False,,ao,1,影咸二開,入,4,喉音,次濁,ㅇ,喉音,次濁,喉音,次濁
2156,2375,迭,dié,1178,98.8839823145,CIL,テツ,t,etsu,True,d,ie,2,定先四開,入,4,舌音,全清,ㅈ,歯音,全清,舌音,全清
2157,2376,猩,xīng,1176,98.8853301716,SENG,ショウ,s,hou,False,x,ing,1,生庚二開,平,1,歯音,全清,ㅅ,歯音,全清,歯音,次清
2158,2377,卵,luǎn,1175,98.8866768826,LAN,ラン,r,an,False,l,uan,3,來桓一合,上,2,流音,次濁,ㄹ,流音,次濁,舌音,次濁
2159,2379,芸,yún,1175,98.8893703046,YEY,ゲイ,g,ei,False,y,un,2,云文三合,平,1,牙音,全濁,ㅇ,喉音,次濁,喉音,次濁
2160,2380,芸,yún,1175,98.8893703046,WUN,ゲイ,g,ei,False,y,un,2,云文三合,平,1,牙音,全濁,ㅇ,喉音,次濁,喉音,次濁
2161,2381,牟,móu,1173,98.8920602882,MO,ム,m,u,False,m,ou,2,明尤三開,平,1,唇音,次濁,ㅁ,唇音,次濁,唇音,次濁
2162,2382,蚊,wén,1168,98.8960786446,MWUN,モン,m,on,False,w,en,2,明文三合,平,1,唇音,次濁,ㅁ,唇音,次濁,喉音,次濁
2163,2383,忿,fèn,1167,98.8974161865,PWUN,フン,f,un,False,f,en,4,滂文三合,上,2,唇音,全清,ㅂ,唇音,全清,唇音,次清
2164,2384,壤,rǎng,1167,98.8987537284,YANG,ジョウ,j,ou,False,r,ang,3,日陽三開,上,2,歯音,全濁,ㅇ,喉音,次濁,歯音,次濁
2165,2385,栓,shuān,1163,98.9014207893,CEN,セン,s,en,False,sh,uan,1,生仙三合,平,1,歯音,全清,ㅈ,歯音,全清,歯音,次清
2166,2386,疚,jiù,1162,98.9027526005,KWU,キュウ,k,yuu,False,j,iu,4,見尤三開,去,3,牙音,全清,ㄱ,牙音,全清,歯音,全清
2167,2387,廓,kuò,1162,98.9040844117,HWAK,カク,k,aku,True,k,uo,4,溪唐一合,入,4,牙音,全清,ㅎ,喉音,次清,牙音,次清
2168,2388,廓,kuò,1162,98.9040844117,KWAK,カク,k,aku,True,k,uo,4,溪唐一合,入,4,牙音,全清,ㄱ,牙音,全清,牙音,次清
2169,2390,霎,shà,1157,98.910728568,SAP,ショウ,s,hou,False,sh,a,4,生鹽三開,入,4,歯音,全清,ㅅ,歯音,全清,歯音,次清
2170,2391,徘,pái,1156,98.9120535024,PAY,ハイ,h,ai,False,p,ai,2,並灰一合,平,1,唇音,全清,ㅂ,唇音,全清,唇音,次清
2171,2392,菁,jīng,1155,98.9147022251,CHENG,セイ,s,ei,False,j,ing,1,精清三開,平,1,歯音,全清,ㅊ,歯音,次清,歯音,全清
2172,2393,匿,nì,1153,98.916023721,NIK,トク,t,oku,True,n,i,4,娘蒸三開,入,4,舌音,全清,ㄴ,舌音,次濁,舌音,次濁
2173,2394,醋,cù,1149,98.9186621285,CAK,サク,s,aku,True,c,u,4,清模一開,去,3,歯音,全清,ㅈ,歯音,全清,歯音,次清
2174,2395,醋,cù,1149,98.9186621285,CHO,サク,s,aku,True,c,u,4,清模一開,去,3,歯音,全清,ㅊ,歯音,次清,歯音,次清
2175,2396,敝,bì,1144,98.9199733092,PHYEY,ヘイ,h,ei,False,b,i,4,並祭三開,去,3,唇音,全清,ㅍ,唇音,次清,唇音,全清
2176,2397,鞘,qiào,1143,98.9212833438,CHO,ショウ,s,hou,False,q,iao,4,生肴二開,平,1,歯音,全清,ㅊ,歯音,次清,歯音,次清
2177,2398,淳,chún,1142,98.9225922323,SWUN,ジュン,j,un,False,ch,un,2,常諄三合,平,1,歯音,全濁,ㅅ,歯音,全清,歯音,次清
2178,2399,栖,qī,1142,98.9239011208,SE,セイ,s,ei,False,q,i,1,心齊四開,平,1,歯音,全清,ㅅ,歯音,全清,歯音,次清
2179,2400,妾,qiè,1138,98.9265097286,CHEP,ショウ,s,hou,False,q,ie,4,清鹽三開,入,4,歯音,全清,ㅊ,歯音,次清,歯音,次清
2180,2401,唾,tuò,1136,98.9278117403,THA,ダ,d,a,False,t,uo,4,透戈一合,去,3,舌音,全濁,ㅌ,舌音,次清,舌音,次清
2181,2402,橡,xiàng,1135,98.9291126058,SANG,ショウ,s,hou,False,x,iang,4,邪陽三開,上,2,歯音,全清,ㅅ,歯音,全清,歯音,次清
2182,2403,雌,cí,1132,98.9304100329,CA,シ,s,hi,False,c,i,2,清支三開,平,1,歯音,全清,ㅈ,歯音,全清,歯音,次清
2183,2404,霖,lín,1132,98.93170746,LIM,リン,r,in,False,l,in,2,來侵三開,平,1,流音,次濁,ㄹ,流音,次濁,舌音,次濁
2184,2405,撼,hàn,1129,98.9368902916,KAM,カン,k,an,False,h,an,4,匣覃一開,上,2,牙音,全清,ㄱ,牙音,全清,牙音,次清
2185,2406,鄂,è,1125,98.9381796958,AK,ガク,g,aku,True,,e,4,疑唐一開,入,4,牙音,全濁,ㅇ,喉音,次濁,喉音,次濁
2186,2407,褐,hè,1122,98.9394656615,KAL,カツ,k,atsu,True,h,e,4,匣寒一開,入,4,牙音,全清,ㄱ,牙音,全清,牙音,次清
2187,2408,萌,méng,1118,98.9433143896,MAYNG,ホウ,h,ou,False,m,eng,2,明耕二開,平,1,唇音,全清,ㅁ,唇音,次濁,唇音,次濁
2188,2409,盔,kuī,1114,98.9471470718,HOY,カイ,k,ai,False,k,ui,1,溪灰一合,平,1,牙音,全清,ㅎ,喉音,次清,牙音,次清
2189,2410,夭,yāo,1113,98.9484227223,YO,ヨウ,y,ou,False,y,ao,1,影宵三開,平,1,喉音,次濁,ㅇ,喉音,次濁,喉音,次濁
2190,2411,夭,yāo,1113,98.9484227223,O,ヨウ,y,ou,False,y,ao,1,影宵三開,平,1,喉音,次濁,ㅇ,喉音,次濁,喉音,次濁
2191,2412,壕,háo,1112,98.9509717311,HO,ゴウ,g,ou,False,h,ao,2,匣豪一開,平,1,牙音,全濁,ㅎ,喉音,次清,牙音,次清
2192,2413,砂,shā,1112,98.9522462354,SA,サ,s,a,False,sh,a,1,生麻二開,平,1,歯音,全清,ㅅ,歯音,全清,歯音,次清
2193,2414,氓,máng,1111,98.9535195937,MAYNG,ボウ,b,ou,False,m,ang,2,明耕二開,平,1,唇音,全濁,ㅁ,唇音,次濁,唇音,次濁
2194,2415,膜,mó,1109,98.9573339377,MAK,マク,m,aku,True,m,o,2,明模一開,平,1,唇音,次濁,ㅁ,唇音,次濁,唇音,次濁
2195,2416,膜,mó,1109,98.9573339377,MO,マク,m,aku,True,m,o,2,明模一開,平,1,唇音,次濁,ㅁ,唇音,次濁,唇音,次濁
2196,2417,冶,yě,1109,98.9598760696,YA,ヤ,y,a,False,y,e,3,以麻三開,上,2,喉音,次濁,ㅇ,喉音,次濁,喉音,次濁
2197,2418,牡,mǔ,1105,98.961142551,MO,ボ,b,o,False,m,u,3,明侯一開,上,2,唇音,全濁,ㅁ,唇音,次濁,唇音,次濁
2198,2419,眸,móu,1104,98.9624078863,MO,ボウ,b,ou,False,m,ou,2,明尤三開,平,1,唇音,全濁,ㅁ,唇音,次濁,唇音,次濁
2199,2421,芽,yá,1103,98.9662004537,A,ガ,g,a,False,y,a,2,疑麻二開,平,1,牙音,全濁,ㅇ,喉音,次濁,喉音,次濁
2200,2422,舜,shùn,1101,98.9674623505,SWUN,シュン,s,hun,False,sh,un,4,書諄三合,去,3,歯音,全清,ㅅ,歯音,全清,歯音,次清
2201,2423,峙,zhì,1100,98.9687231012,CHI,ジ,j,i,False,zh,i,4,澄之三開,上,2,歯音,全濁,ㅊ,歯音,次清,歯音,全清
2202,2425,扳,bān,1096,98.9712377259,PAN,ハン,h,an,False,b,an,1,幫刪二開,平,1,唇音,全清,ㅂ,唇音,全清,唇音,全清
2203,2426,惚,hū,1096,98.972493892,HOL,コツ,k,otsu,True,h,u,1,曉魂一合,入,4,牙音,全清,ㅎ,喉音,次清,牙音,次清
2204,2427,悼,dào,1093,98.9737466198,TO,トウ,t,ou,False,d,ao,4,定豪一開,去,3,舌音,全清,ㄷ,舌音,全清,舌音,全清
2205,2428,遁,dùn,1091,98.9749970553,TWUN,トン,t,on,False,d,un,4,定魂一合,上,2,舌音,全清,ㄷ,舌音,全清,舌音,全清
2206,2429,遁,dùn,1091,98.9749970553,TON,トン,t,on,False,d,un,4,定魂一合,上,2,舌音,全清,ㄷ,舌音,全清,舌音,全清
2207,2430,凸,tū,1091,98.9762474908,TOL,トツ,t,otsu,True,t,u,1,定魂一合,入,4,舌音,全清,ㄷ,舌音,全清,舌音,次清
2208,2431,凸,tū,1091,98.9762474908,CHEL,トツ,t,otsu,True,t,u,1,定魂一合,入,4,舌音,全清,ㅊ,歯音,次清,舌音,次清
2209,2432,怠,dài,1089,98.9787449233,THAY,タイ,t,ai,False,d,ai,4,定咍一開,上,2,舌音,全清,ㅌ,舌音,次清,舌音,全清
2210,2433,茄,jiā,1078,98.9812194332,KA,カ,k,a,False,j,ia,1,群戈三開,平,1,牙音,全清,ㄱ,牙音,全清,歯音,全清
2211,2434,庚,gēng,1077,98.9824538227,KYENG,コウ,k,ou,False,g,eng,1,見庚二開,平,1,牙音,全清,ㄱ,牙音,全清,牙音,全清
2212,2435,棘,jí,1072,98.9836824816,KUK,キョク,k,yoku,True,j,i,2,見蒸三開,入,4,牙音,全清,ㄱ,牙音,全清,歯音,全清
2213,2436,匡,kuāng,1071,98.9849099944,KWANG,キョウ,k,you,False,k,uang,1,溪陽三合,平,1,牙音,全清,ㄱ,牙音,全清,牙音,次清
2214,2438,幌,huǎng,1065,98.9885753406,HWANG,コウ,k,ou,False,h,uang,3,匣唐一合,上,2,牙音,全清,ㅎ,喉音,次清,牙音,次清
2215,2439,拯,zhěng,1064,98.9910143201,CUNG,ジョウ,j,ou,False,zh,eng,3,章蒸三開,上,2,歯音,全濁,ㅈ,歯音,全清,歯音,全清
2216,2440,庇,bì,1063,98.9922326638,PI,ヒ,h,i,False,b,i,4,幫脂三開,去,3,唇音,全清,ㅂ,唇音,全清,唇音,全清
2217,2441,寥,liáo,1062,98.9946670588,LYO,リョウ,r,you,False,l,iao,2,來蕭四開,平,1,流音,次濁,ㄹ,流音,次濁,舌音,次濁
2218,2442,髦,máo,1059,98.9995289721,MO,ボウ,b,ou,False,m,ao,2,明豪一開,平,1,唇音,全濁,ㅁ,唇音,次濁,唇音,次濁
2219,2443,葫,hú,1056,99.0031645187,HO,コ,k,o,False,h,u,2,匣模一開,平,1,牙音,全清,ㅎ,喉音,次清,牙音,次清
2220,2444,霄,xiāo,1056,99.0043748394,SO,ショウ,s,hou,False,x,iao,1,心宵三開,平,1,歯音,全清,ㅅ,歯音,全清,歯音,次清
2221,2446,璋,zhāng,1049,99.0091909071,CANG,ショウ,s,hou,False,zh,ang,1,章陽三開,平,1,歯音,全清,ㅈ,歯音,全清,歯音,全清
2222,2447,迸,bèng,1048,99.0103920587,PYENG,ホウ,h,ou,False,b,eng,4,幫耕二開,去,3,唇音,全清,ㅂ,唇音,全清,唇音,全清
2223,2448,翩,piān,1048,99.0115932103,PHYEN,ヘン,h,en,False,p,ian,1,滂仙三開,平,1,唇音,全清,ㅍ,唇音,次清,唇音,次清
2224,2449,勺,sháo,1044,99.015187496,CAK,シャク,s,haku,True,sh,ao,2,章陽三開,入,4,歯音,全清,ㅈ,歯音,全清,歯音,次清
2225,2450,瓣,bàn,1043,99.016382917,PHAN,ベン,b,en,False,b,an,4,並山二開,去,3,唇音,全濁,ㅍ,唇音,次清,唇音,全清
2226,2451,懈,xiè,1043,99.0187737588,HAY,カイ,k,ai,False,x,ie,4,見佳二開,去,3,牙音,全清,ㅎ,喉音,次清,歯音,次清
2227,2452,邸,dǐ,1043,99.0199691797,CE,テイ,t,ei,False,d,i,3,端齊四開,上,2,舌音,全清,ㅈ,歯音,全清,舌音,全清
2228,2453,哮,xiào,1035,99.0271004442,HYO,コウ,k,ou,False,x,iao,4,曉肴二開,平,1,牙音,全清,ㅎ,喉音,次清,歯音,次清
2229,2454,舵,duò,1032,99.0282832576,THA,タ,t,a,False,d,uo,4,定歌一開,上,2,舌音,全清,ㅌ,舌音,次清,舌音,全清
2230,2455,躇,chú,1031,99.0294649249,CE,チャク,c,haku,True,ch,u,2,澄魚三開,平,1,舌音,全清,ㅈ,歯音,全清,歯音,次清
2231,2456,躇,chú,1031,99.0294649249,CHAK,チャク,c,haku,True,ch,u,2,澄魚三開,平,1,舌音,全清,ㅊ,歯音,次清,歯音,次清
2232,2457,蔓,màn,1030,99.030645446,MAN,マン,m,an,False,m,an,4,明桓一合,平,1,唇音,次濁,ㅁ,唇音,次濁,唇音,次濁
2233,2458,梗,gěng,1028,99.0330030499,KYENG,コウ,k,ou,False,g,eng,3,見庚二開,上,2,牙音,全清,ㄱ,牙音,全清,牙音,全清
2234,2459,猝,cù,1028,99.0341812787,COL,ソツ,s,otsu,True,c,u,4,清魂一合,入,4,歯音,全清,ㅈ,歯音,全清,歯音,次清
2235,2460,虔,qián,1027,99.0353583615,KEN,ケン,k,en,False,q,ian,2,群仙三開,平,1,牙音,全清,ㄱ,牙音,全清,歯音,次清
2236,2461,勘,kān,1026,99.036534298,KAM,カン,k,an,False,k,an,1,溪覃一開,去,3,牙音,全清,ㄱ,牙音,全清,牙音,次清
2237,2462,迂,yū,1025,99.0377090885,O,ウ,,u,False,y,u,1,云虞三合,平,1,喉音,次濁,ㅇ,喉音,次濁,喉音,次濁
2238,2463,迂,yū,1025,99.0377090885,WU,ウ,,u,False,y,u,1,云虞三合,平,1,喉音,次濁,ㅇ,喉音,次濁,喉音,次濁
2239,2464,逾,yú,1021,99.0388792944,YU,ユ,y,u,False,y,u,2,以虞三合,平,1,喉音,次濁,ㅇ,喉音,次濁,喉音,次濁
2240,2465,蜘,zhī,1021,99.0400495003,CI,チ,c,hi,True,zh,i,1,知支三開,平,1,舌音,全清,ㅈ,歯音,全清,歯音,全清
2241,2466,阮,ruǎn,1020,99.04121856,WAN,ゲン,g,en,False,r,uan,3,疑元三合,平,1,牙音,全濁,ㅇ,喉音,次濁,歯音,次濁
2242,2467,阮,ruǎn,1020,99.04121856,WEN,ゲン,g,en,False,r,uan,3,疑元三合,平,1,牙音,全濁,ㅇ,喉音,次濁,歯音,次濁
2243,2468,兢,jīng,1019,99.0435543873,KUNG,キョウ,k,you,False,j,ing,1,見蒸三開,平,1,牙音,全清,ㄱ,牙音,全清,歯音,全清
2244,2469,芭,bā,1018,99.0447211548,PHA,バ,b,a,False,b,a,1,幫麻二開,平,1,唇音,全濁,ㅍ,唇音,次清,唇音,全清
2245,2470,肘,zhǒu,1017,99.0458867761,CWU,チュウ,c,huu,False,zh,ou,3,知尤三開,上,2,舌音,全清,ㅈ,歯音,全清,歯音,全清
2246,2471,梧,wú,1015,99.0482145804,O,ゴ,g,o,False,w,u,2,疑模一開,平,1,牙音,全濁,ㅇ,喉音,次濁,喉音,次濁
2247,2472,恃,shì,1014,99.0493767634,SI,ジ,j,i,False,sh,i,4,常之三開,上,2,歯音,全濁,ㅅ,歯音,全清,歯音,次清
2248,2473,咆,páo,1011,99.0505355079,PHO,ホウ,h,ou,False,p,ao,2,並肴二開,平,1,唇音,全清,ㅍ,唇音,次清,唇音,次清
2249,2474,擎,qíng,1011,99.0516942524,KYENG,ギョウ,g,you,False,q,ing,2,群庚三開,平,1,牙音,全濁,ㄱ,牙音,全清,歯音,次清
2250,2475,巍,wēi,1010,99.0528518508,OY,ギ,g,i,False,w,ei,1,疑微三合,平,1,牙音,全濁,ㅇ,喉音,次濁,喉音,次濁
2251,2476,晤,wù,1009,99.0540083031,O,ゴ,g,o,False,w,u,4,疑模一開,去,3,牙音,全濁,ㅇ,喉音,次濁,喉音,次濁
2252,2477,炳,bǐng,1008,99.0551636092,PYENG,ヘイ,h,ei,False,b,ing,3,幫庚三開,上,2,唇音,全清,ㅂ,唇音,全清,唇音,全清
2253,2478,茸,róng,1005,99.0597791029,YONG,ジョウ,j,ou,False,r,ong,2,日鍾三開,平,1,歯音,全濁,ㅇ,喉音,次濁,歯音,次濁
2254,2480,逞,chěng,1001,99.0620748154,LYENG,テイ,t,ei,False,ch,eng,3,徹清三開,上,2,舌音,全清,ㄹ,流音,次濁,歯音,次清
2255,2481,侃,kǎn,1001,99.0632220986,KAN,カン,k,an,False,k,an,3,溪寒一開,上,2,牙音,全清,ㄱ,牙音,全清,牙音,次清
2256,2482,晦,huì,1000,99.0643682356,HOY,カイ,k,ai,False,h,ui,4,曉灰一合,去,3,牙音,全清,ㅎ,喉音,次清,牙音,次清
2257,2483,惺,xīng,995,99.0666513405,HWANG,セイ,s,ei,False,x,ing,1,心青四開,平,1,歯音,全清,ㅎ,喉音,次清,歯音,次清
2258,2484,惺,xīng,995,99.0666513405,SENG,セイ,s,ei,False,x,ing,1,心青四開,平,1,歯音,全清,ㅅ,歯音,全清,歯音,次清
2259,2485,靡,mí,994,99.0677906007,MI,ビ,b,i,False,m,i,2,明支三開,上,2,唇音,全濁,ㅁ,唇音,次濁,唇音,次濁
2260,2487,烘,hōng,992,99.0712037968,HONG,コウ,k,ou,False,h,ong,1,匣東一開,平,1,牙音,全清,ㅎ,喉音,次清,牙音,次清
2261,2488,墟,xū,991,99.0734765865,HE,キョ,k,yo,False,x,u,1,溪魚三開,平,1,牙音,全清,ㅎ,喉音,次清,歯音,次清
2262,2489,戎,róng,989,99.074610116,YUNG,ジュウ,j,uu,False,r,ong,2,日東三開,平,1,歯音,全濁,ㅇ,喉音,次濁,歯音,次濁
2263,2490,嗜,shì,989,99.0757436455,KI,シ,s,hi,False,sh,i,4,常脂三開,去,3,歯音,全清,ㄱ,牙音,全清,歯音,次清
2264,2491,卦,guà,985,99.0791350649,KWAY,ケ,k,e,False,g,ua,4,見佳二合,去,3,牙音,全清,ㄱ,牙音,全清,牙音,全清
2265,2492,蝠,fú,985,99.0802640099,POK,フク,f,uku,True,f,u,2,幫東三開,入,4,唇音,全清,ㅂ,唇音,全清,唇音,次清
2266,2493,札,zhá,982,99.0813895165,CHAL,サツ,s,atsu,True,zh,a,2,莊山二開,入,4,歯音,全清,ㅊ,歯音,次清,歯音,全清
2267,2494,屎,shǐ,981,99.0825138769,SI,シ,s,hi,False,sh,i,3,曉脂三開,平,1,歯音,全清,ㅅ,歯音,全清,歯音,次清
2268,2495,粥,zhōu,981,99.0836382373,YUK,イク,,iku,True,zh,ou,1,以東三開,入,4,喉音,次濁,ㅇ,喉音,次濁,歯音,全清
2269,2496,粥,zhōu,981,99.0836382373,CWUK,イク,,iku,True,zh,ou,1,以東三開,入,4,喉音,次濁,ㅈ,歯音,全清,歯音,全清
2270,2497,遏,è,976,99.084756867,AL,アツ,,atsu,True,,e,4,影寒一開,入,4,喉音,次濁,ㅇ,喉音,次濁,喉音,次濁
2271,2498,朔,shuò,976,99.0858754968,SAK,サク,s,aku,True,sh,uo,4,生江二開,入,4,歯音,全清,ㅅ,歯音,全清,歯音,次清
2272,2499,蔚,wèi,975,99.0869929804,WUL,ウツ,,utsu,True,w,ei,4,影微三合,去,3,喉音,次濁,ㅇ,喉音,次濁,喉音,次濁
2273,2500,蔚,wèi,975,99.0869929804,WI,ウツ,,utsu,True,w,ei,4,影微三合,去,3,喉音,次濁,ㅇ,喉音,次濁,喉音,次濁
2274,2501,募,mù,974,99.0881093178,MO,ボ,b,o,False,m,u,4,明模一開,去,3,唇音,全濁,ㅁ,唇音,次濁,唇音,次濁
2275,2503,樵,qiáo,967,99.0936715208,CHO,ショウ,s,hou,False,q,iao,2,從宵三開,平,1,歯音,全清,ㅊ,歯音,次清,歯音,次清
2276,2504,舷,xián,962,99.0947741046,HYEN,ゲン,g,en,False,x,ian,2,匣先四開,平,1,牙音,全濁,ㅎ,喉音,次清,歯音,次清
2277,2505,拭,shì,959,99.09587325,SIK,ショク,s,hoku,True,sh,i,4,書蒸三開,入,4,歯音,全清,ㅅ,歯音,全清,歯音,次清
2278,2506,沛,pèi,954,99.0969666647,PHAY,ハイ,h,ai,False,p,ei,4,幫泰一開,去,3,唇音,全清,ㅍ,唇音,次清,唇音,次清
2279,2507,丞,chéng,954,99.0980600794,SUNG,ジョウ,j,ou,False,ch,eng,2,常蒸三開,平,1,歯音,全濁,ㅅ,歯音,全清,歯音,次清
2280,2508,酌,zhuó,951,99.0991500557,CAK,シャク,s,haku,True,zh,uo,2,章陽三開,入,4,歯音,全清,ㅈ,歯音,全清,歯音,全清
2281,2509,皖,wǎn,949,99.1002377398,HWAN,カン,k,an,False,w,an,3,匣刪二合,上,2,牙音,全清,ㅎ,喉音,次清,喉音,次濁
2282,2510,剔,tī,947,99.1024096694,CHEK,テキ,t,eki,True,t,i,1,透青四開,入,4,舌音,全清,ㅊ,歯音,次清,舌音,次清
2283,2511,惘,wǎng,947,99.1034950612,MANG,ボウ,b,ou,False,w,ang,3,明陽三合,上,2,唇音,全濁,ㅁ,唇音,次濁,喉音,次濁
2284,2512,笠,lì,946,99.1045793068,LIP,リュウ,r,yuu,False,l,i,4,來侵三開,入,4,流音,次濁,ㄹ,流音,次濁,舌音,次濁
2285,2513,萎,wěi,945,99.1056624063,WI,イ,,i,False,w,ei,3,影支三合,平,1,喉音,次濁,ㅇ,喉音,次濁,喉音,次濁
2286,2514,萎,wēi,945,99.1056624063,WI,イ,,i,False,w,ei,1,影支三合,平,1,喉音,次濁,ㅇ,喉音,次濁,喉音,次濁
2287,2515,睦,mù,944,99.1067443596,MOK,ボク,b,oku,True,m,u,4,明東三開,入,4,唇音,全濁,ㅁ,唇音,次濁,唇音,次濁
2288,2516,溶,róng,943,99.1078251668,YONG,ヨウ,y,ou,False,r,ong,2,以鍾三開,平,1,喉音,次濁,ㅇ,喉音,次濁,歯音,次濁
2289,2517,杠,gàng,942,99.109984489,KANG,コウ,k,ou,False,g,ang,4,見江二開,平,1,牙音,全清,ㄱ,牙音,全清,牙音,全清
2290,2518,嫣,yān,942,99.1110641501,EN,エン,,en,False,y,an,1,曉仙三開,平,1,喉音,次濁,ㅇ,喉音,次濁,喉音,次濁
2291,2519,苔,tái,939,99.1132177415,THAY,タイ,t,ai,False,t,ai,2,定咍一開,平,1,舌音,全清,ㅌ,舌音,次清,舌音,次清
2292,2520,眺,tiào,936,99.1153644562,CO,チョウ,c,hou,False,t,iao,4,透蕭四開,去,3,舌音,全清,ㅈ,歯音,全清,舌音,次清
2293,2521,槽,cáo,935,99.1164360943,CO,ソウ,s,ou,False,c,ao,2,精豪一開,平,1,歯音,全清,ㅈ,歯音,全清,歯音,次清
2294,2522,苛,kē,933,99.118574786,KA,カ,k,a,False,k,e,1,匣歌一開,平,1,牙音,全清,ㄱ,牙音,全清,牙音,次清
2295,2523,窖,jiào,932,99.1196429857,KYO,コウ,k,ou,False,j,iao,4,見肴二開,去,3,牙音,全清,ㄱ,牙音,全清,歯音,全清
2296,2524,筐,kuāng,929,99.1207077469,KWANG,キョウ,k,you,False,k,uang,1,溪陽三合,平,1,牙音,全清,ㄱ,牙音,全清,牙音,次清
2297,2525,殆,dài,928,99.1217713621,THAY,タイ,t,ai,False,d,ai,4,定咍一開,上,2,舌音,全清,ㅌ,舌音,次清,舌音,全清
2298,2526,懦,nuò,926,99.124957623,,ダ,d,a,False,n,uo,4,日虞三合,平,1,舌音,全濁,なし,なし,なし,舌音,次濁
2299,2527,懦,nuò,926,99.124957623,YU,ダ,d,a,False,n,uo,4,日虞三合,平,1,舌音,全濁,ㅇ,喉音,次濁,舌音,次濁
2300,2528,拓,tà,926,99.1260189459,CHEK,タク,t,aku,True,t,a,4,透唐一開,入,4,舌音,全清,ㅊ,歯音,次清,舌音,次清
2301,2529,拓,tà,926,99.1260189459,THAK,タク,t,aku,True,t,a,4,透唐一開,入,4,舌音,全清,ㅌ,舌音,次清,舌音,次清
2302,2530,湛,zhàn,920,99.1281301303,CHIM,タン,t,an,False,zh,an,4,澄侵三開,平,1,舌音,全清,ㅊ,歯音,次清,歯音,全清
2303,2531,湛,zhàn,920,99.1281301303,TAM,タン,t,an,False,zh,an,4,澄侵三開,平,1,舌音,全清,ㄷ,舌音,全清,歯音,全清
2304,2532,嗒,dā,919,99.1291834302,THAP,トウ,t,ou,False,d,a,1,端覃一開,入,4,舌音,全清,ㅌ,舌音,次清,舌音,全清
2305,2533,奚,xī,915,99.1312842994,HAY,ケイ,k,ei,False,x,i,1,匣齊四開,平,1,牙音,全清,ㅎ,喉音,次清,歯音,次清
2306,2534,於,yú,915,99.1323330147,E,オ,,o,False,y,u,2,影魚三開,平,1,喉音,次濁,ㅇ,喉音,次濁,喉音,次濁
2307,2535,於,yú,915,99.1323330147,O,オ,,o,False,y,u,2,影魚三開,平,1,喉音,次濁,ㅇ,喉音,次濁,喉音,次濁
2308,2537,悴,cuì,914,99.1344281532,CHWEY,スイ,s,ui,False,c,ui,4,從脂三合,去,3,歯音,全清,ㅊ,歯音,次清,歯音,次清
2309,2538,撩,liāo,913,99.1354745763,LYO,リョウ,r,you,False,l,iao,1,來蕭四開,平,1,流音,次濁,ㄹ,流音,次濁,舌音,次濁
2310,2539,弧,hú,912,99.1365198533,HO,コ,k,o,False,h,u,2,匣模一開,平,1,牙音,全清,ㅎ,喉音,次清,牙音,次清
2311,2540,嘈,cáo,912,99.1375651302,CO,ソウ,s,ou,False,c,ao,2,從豪一開,平,1,歯音,全清,ㅈ,歯音,全清,歯音,次清
2312,2541,揖,yī,909,99.1417393613,CUP,ユウ,y,uu,False,y,i,1,影侵三開,入,4,喉音,次濁,ㅈ,歯音,全清,喉音,次濁
2313,2542,揖,yī,909,99.1417393613,UP,ユウ,y,uu,False,y,i,1,影侵三開,入,4,喉音,次濁,ㅇ,喉音,次濁,喉音,次濁
2314,2543,砌,qì,908,99.1438207461,CHEY,セイ,s,ei,False,q,i,4,清齊四開,去,3,歯音,全清,ㅊ,歯音,次清,歯音,次清
2315,2544,黝,yǒu,904,99.1500454163,YU,ユウ,y,uu,False,y,ou,3,影脂三開,平,1,喉音,次濁,ㅇ,喉音,次濁,喉音,次濁
2316,2545,俞,yú,896,99.1521027322,YU,ユ,y,u,False,y,u,2,以虞三合,平,1,喉音,次濁,ㅇ,喉音,次濁,喉音,次濁
2317,2546,琦,qí,894,99.1531273787,KI,キ,k,i,True,q,i,2,群支三開,平,1,牙音,全清,ㄱ,牙音,全清,歯音,次清
2318,2548,炊,chuī,892,99.1561955875,CHWI,スイ,s,ui,False,ch,ui,1,昌支三合,平,1,歯音,全清,ㅊ,歯音,次清,歯音,次清
2319,2549,幡,fān,892,99.1572179417,PEN,ハン,h,an,False,f,an,1,滂元三合,平,1,唇音,全清,ㅂ,唇音,全清,唇音,次清
2320,2550,蛟,jiāo,890,99.1592592118,KYO,コウ,k,ou,False,j,iao,1,見肴二開,平,1,牙音,全清,ㄱ,牙音,全清,歯音,全清
2321,2551,霹,pī,887,99.1612924588,PYEK,ヘキ,h,eki,True,p,i,1,滂青四開,入,4,唇音,全清,ㅂ,唇音,全清,唇音,次清
2322,2552,斐,fěi,885,99.1623067901,PI,ヒ,h,i,False,f,ei,3,滂微三合,上,2,唇音,全清,ㅂ,唇音,全清,唇音,次清
2323,2553,憔,qiáo,884,99.1633199752,CHO,ショウ,s,hou,False,q,iao,2,從宵三開,平,1,歯音,全清,ㅊ,歯音,次清,歯音,次清
2324,2554,搔,sāo,883,99.1643320142,SO,ソウ,s,ou,False,s,ao,1,心豪一開,平,1,歯音,全清,ㅅ,歯音,全清,歯音,次清
2325,2555,柿,shì,883,99.1653440532,SI,シ,s,hi,False,sh,i,4,崇之三開,上,2,歯音,全清,ㅅ,歯音,全清,歯音,次清
2326,2556,洼,wā,881,99.1663537999,WA,ケイ,k,ei,False,w,a,1,見齊四合,平,1,牙音,全清,ㅇ,喉音,次濁,喉音,次濁
2327,2557,捶,chuí,878,99.1673601082,CHWU,スイ,s,ui,False,ch,ui,2,章支三合,上,2,歯音,全清,ㅊ,歯音,次清,歯音,次清
2328,2558,窒,zhì,877,99.1683652704,CIL,チツ,c,hitsu,True,zh,i,4,知眞三開,入,4,舌音,全清,ㅈ,歯音,全清,歯音,全清
2329,2559,窒,zhì,877,99.1683652704,CEL,チツ,c,hitsu,True,zh,i,4,知眞三開,入,4,舌音,全清,ㅈ,歯音,全清,歯音,全清
2330,2560,恤,xù,872,99.1723733115,HYUL,ジュツ,j,utsu,True,x,u,4,心諄三合,入,4,歯音,全濁,ㅎ,喉音,次清,歯音,次清
2331,2561,疫,yì,872,99.173372743,YEK,エキ,,eki,True,y,i,4,以清三合,入,4,喉音,次濁,ㅇ,喉音,次濁,喉音,次濁
2332,2562,榆,yú,871,99.1753693137,YU,ユ,y,u,False,y,u,2,以虞三合,平,1,喉音,次濁,ㅇ,喉音,次濁,喉音,次濁
2333,2563,祟,suì,870,99.1763664529,SWU,スイ,s,ui,False,s,ui,4,心脂三合,去,3,歯音,全清,ㅅ,歯音,全清,歯音,次清
2334,2564,竺,zhú,870,99.1773635921,TOK,ジク,j,iku,True,zh,u,2,端東一開,入,4,歯音,全濁,ㄷ,舌音,全清,歯音,全清
2335,2565,竺,zhú,870,99.1773635921,CHWUK,ジク,j,iku,True,zh,u,2,端東一開,入,4,歯音,全濁,ㅊ,歯音,次清,歯音,全清
2336,2566,噬,shì,868,99.1793544321,SE,ゼイ,z,ei,False,sh,i,4,常祭三開,去,3,歯音,全濁,ㅅ,歯音,全清,歯音,次清
2337,2567,垢,gòu,865,99.1823320961,KWU,コウ,k,ou,False,g,ou,4,見侯一開,上,2,牙音,全清,ㄱ,牙音,全清,牙音,全清
2338,2568,戮,lù,865,99.1833235046,LYUK,リク,r,iku,True,l,u,4,來東三開,入,4,流音,次濁,ㄹ,流音,次濁,舌音,次濁
2339,2569,迦,jiā,865,99.1843149132,KA,カ,k,a,False,j,ia,1,見戈三開,平,1,牙音,全清,ㄱ,牙音,全清,歯音,全清
2340,2570,噪,zào,863,99.1853040294,CO,ソウ,s,ou,False,z,ao,4,心豪一開,去,3,歯音,全清,ㅈ,歯音,全清,歯音,全清
2341,2571,剃,tì,862,99.1862919995,CHEY,テイ,t,ei,False,t,i,4,透齊四開,去,3,舌音,全清,ㅊ,歯音,次清,舌音,次清
2342,2572,趾,zhǐ,862,99.1872799696,CI,シ,s,hi,False,zh,i,3,章之三開,上,2,歯音,全清,ㅈ,歯音,全清,歯音,全清
2343,2573,咄,duō,859,99.1882645013,TOL,トツ,t,otsu,True,d,uo,1,端魂一合,入,4,舌音,全清,ㄷ,舌音,全清,舌音,全清
2344,2575,樊,fán,855,99.1931745523,PEN,ハン,h,an,False,f,an,2,並元三合,平,1,唇音,全清,ㅂ,唇音,全清,唇音,次清
2345,2578,呱,gū,851,99.1980548038,KO,コ,k,o,False,g,u,1,見模一開,平,1,牙音,全清,ㄱ,牙音,全清,牙音,全清
2346,2579,捻,niǎn,846,99.1999952137,NYEP,ネン,n,en,False,n,ian,3,泥添四開,入,4,舌音,次濁,ㄴ,舌音,次濁,舌音,次濁
2347,2580,捻,niǎn,846,99.1999952137,NYEM,ネン,n,en,False,n,ian,3,泥添四開,入,4,舌音,次濁,ㄴ,舌音,次濁,舌音,次濁
2348,2581,伽,jiā,846,99.2009648457,KA,カ,k,a,False,j,ia,1,群戈三開,平,1,牙音,全清,ㄱ,牙音,全清,歯音,全清
2349,2582,聿,yù,846,99.2019344776,YUL,イツ,,itsu,True,y,u,4,以諄三合,入,4,喉音,次濁,ㅇ,喉音,次濁,喉音,次濁
2350,2584,澈,chè,844,99.203870303,CHEL,テツ,t,etsu,True,ch,e,4,澄仙三開,入,4,舌音,全清,ㅊ,歯音,次清,歯音,次清
2351,2585,祺,qí,843,99.2067700297,KI,キ,k,i,True,q,i,2,群之三開,平,1,牙音,全清,ㄱ,牙音,全清,歯音,次清
2352,2586,攘,rǎng,842,99.207735077,YANG,ジョウ,j,ou,False,r,ang,3,日陽三開,平,1,歯音,全濁,ㅇ,喉音,次濁,歯音,次濁
2353,2587,丙,bǐng,840,99.2086978321,PYENG,ヘイ,h,ei,False,b,ing,3,幫庚三開,上,2,唇音,全清,ㅂ,唇音,全清,唇音,全清
2354,2588,簧,huáng,836,99.2106176116,HWANG,コウ,k,ou,False,h,uang,2,匣唐一合,平,1,牙音,全清,ㅎ,喉音,次清,牙音,次清
2355,2589,抒,shū,831,99.215397003,CE,ジョ,j,o,False,sh,u,1,邪魚三開,上,2,歯音,全濁,ㅈ,歯音,全清,歯音,次清
2356,2590,抒,shū,831,99.215397003,SE,ジョ,j,o,False,sh,u,1,邪魚三開,上,2,歯音,全濁,ㅅ,歯音,全清,歯音,次清
2357,2591,倪,ní,828,99.2172961521,YEY,ゲイ,g,ei,False,n,i,2,疑齊四開,平,1,牙音,全濁,ㅇ,喉音,次濁,舌音,次濁
2358,2592,婪,lán,826,99.2182428612,LAM,ラン,r,an,False,l,an,2,來覃一開,平,1,流音,次濁,ㄹ,流音,次濁,舌音,次濁
2359,2593,阱,jǐng,826,99.2191895704,CENG,セイ,s,ei,False,j,ing,3,從清三開,上,2,歯音,全清,ㅈ,歯音,全清,歯音,全清
2360,2594,洽,qià,824,99.2201339873,HUP,コウ,k,ou,False,q,ia,4,匣咸二開,入,4,牙音,全清,ㅎ,喉音,次清,歯音,次清
2361,2595,佯,yáng,820,99.2210738197,YANG,ヨウ,y,ou,False,y,ang,2,以陽三開,平,1,喉音,次濁,ㅇ,喉音,次濁,喉音,次濁
2362,2596,堰,yàn,816,99.2220090675,EN,エン,,en,False,y,an,4,影元三開,上,2,喉音,次濁,ㅇ,喉音,次濁,喉音,次濁
2363,2597,攸,yōu,816,99.2229443153,YU,ユウ,y,uu,False,y,ou,1,以尤三開,平,1,喉音,次濁,ㅇ,喉音,次濁,喉音,次濁
2364,2598,珂,kē,816,99.2238795631,KA,カ,k,a,False,k,e,1,溪歌一開,平,1,牙音,全清,ㄱ,牙音,全清,牙音,次清
2365,2599,彷,fǎng,815,99.2248136648,PANG,ホウ,h,ou,False,f,ang,3,並唐一開,平,1,唇音,全清,ㅂ,唇音,全清,唇音,次清
2366,2600,彷,páng,815,99.2248136648,PANG,ホウ,h,ou,False,p,ang,2,並唐一開,平,1,唇音,全清,ㅂ,唇音,全清,唇音,次清
2367,2601,磊,lěi,813,99.2257454742,LOY,ライ,r,ai,False,l,ei,3,來灰一合,上,2,流音,次濁,ㄹ,流音,次濁,舌音,次濁
2368,2602,嬉,xī,808,99.2285340255,HUY,キ,k,i,True,x,i,1,曉之三開,平,1,牙音,全清,ㅎ,喉音,次清,歯音,次清
2369,2603,悚,sǒng,807,99.2294589581,SONG,ショウ,s,hou,False,s,ong,3,心鍾三開,上,2,歯音,全清,ㅅ,歯音,全清,歯音,次清
2370,2604,噩,è,805,99.231306531,AK,ガク,g,aku,True,,e,4,疑唐一開,入,4,牙音,全濁,ㅇ,喉音,次濁,喉音,次濁
2371,2605,嵩,sōng,805,99.2322291713,SWUNG,スウ,s,uu,False,s,ong,1,心東三開,平,1,歯音,全清,ㅅ,歯音,全清,歯音,次清
2372,2606,倭,wō,800,99.2340641367,WI,ワ,w,a,False,w,o,1,影支三合,平,1,喉音,次濁,ㅇ,喉音,次濁,喉音,次濁
2373,2607,倭,wō,800,99.2340641367,WAY,ワ,w,a,False,w,o,1,影支三合,平,1,喉音,次濁,ㅇ,喉音,次濁,喉音,次濁
2374,2608,忡,chōng,800,99.2349810463,CHWUNG,チュウ,c,huu,False,ch,ong,1,徹東三開,平,1,舌音,全清,ㅊ,歯音,次清,歯音,次清
2375,2609,漓,lí,797,99.2358945175,LI,リ,r,i,False,l,i,2,來支三開,平,1,流音,次濁,ㄹ,流音,次濁,舌音,次濁
2376,2610,糙,cāo,793,99.238625762,CO,ソウ,s,ou,False,c,ao,1,清豪一開,去,3,歯音,全清,ㅈ,歯音,全清,歯音,次清
2377,2612,赦,shè,792,99.240441243,SA,シャ,s,ha,False,sh,e,4,書麻三開,去,3,歯音,全清,ㅅ,歯音,全清,歯音,次清
2378,2613,毋,wú,790,99.2422532857,MWU,ブ,b,u,False,w,u,2,明虞三合,平,1,唇音,全濁,ㅁ,唇音,次濁,喉音,次濁
2379,2614,怦,pēng,788,99.2431564416,PHYENG,ホウ,h,ou,False,p,eng,1,滂耕二開,平,1,唇音,全清,ㅍ,唇音,次清,唇音,次清
2380,2615,翎,líng,786,99.244958169,LYENG,レイ,r,ei,False,l,ing,2,來青四開,平,1,流音,次濁,ㄹ,流音,次濁,舌音,次濁
2381,2616,蝗,huáng,783,99.2458555943,HWANG,コウ,k,ou,False,h,uang,2,匣唐一合,平,1,牙音,全清,ㅎ,喉音,次清,牙音,次清
2382,2617,吠,fèi,782,99.2467518735,PHYEY,ハイ,h,ai,False,f,ei,4,並廢三合,去,3,唇音,全清,ㅍ,唇音,次清,唇音,次清
2383,2618,孜,zī,782,99.2476481526,CA,シ,s,hi,False,z,i,1,精之三開,平,1,歯音,全清,ㅈ,歯音,全清,歯音,全清
2384,2619,炫,xuàn,781,99.2494395648,HYEN,ゲン,g,en,False,x,uan,4,匣先四合,去,3,牙音,全濁,ㅎ,喉音,次清,歯音,次清
2385,2620,犁,lí,780,99.2503335517,LI,リ,r,i,False,l,i,2,來齊四開,平,1,流音,次濁,ㄹ,流音,次濁,舌音,次濁
2386,2621,琶,pá,780,99.2512275385,PHA,ハ,h,a,False,p,a,2,並麻二開,平,1,唇音,全清,ㅍ,唇音,次清,唇音,次清
2387,2622,曳,yè,780,99.2521215254,YEY,エイ,,ei,False,y,e,4,以祭三開,去,3,喉音,次濁,ㅇ,喉音,次濁,喉音,次濁
2388,2623,湄,méi,779,99.2530143662,MI,ビ,b,i,False,m,ei,2,明脂三開,平,1,唇音,全濁,ㅁ,唇音,次濁,唇音,次濁
2389,2624,殉,xùn,778,99.2539060608,SWUN,ジュン,j,un,False,x,un,4,邪諄三合,去,3,歯音,全濁,ㅅ,歯音,全清,歯音,次清
2390,2625,啄,zhuó,776,99.2547954631,THAK,タク,t,aku,True,zh,uo,2,端東一開,入,4,舌音,全清,ㅌ,舌音,次清,歯音,全清
2391,2626,桔,jié,775,99.2556837193,KIL,キツ,k,itsu,True,j,ie,2,見先四開,入,4,牙音,全清,ㄱ,牙音,全清,歯音,全清
2392,2627,奄,yǎn,775,99.2565719755,EM,エン,,en,False,y,an,3,影鹽三開,上,2,喉音,次濁,ㅇ,喉音,次濁,喉音,次濁
2393,2628,咎,jiù,772,99.2574567932,KWU,キュウ,k,yuu,False,j,iu,4,見豪一開,平,1,牙音,全清,ㄱ,牙音,全清,歯音,全清
2394,2629,咎,jiù,772,99.2574567932,KO,キュウ,k,yuu,False,j,iu,4,見豪一開,平,1,牙音,全清,ㄱ,牙音,全清,歯音,全清
2395,2630,圃,pǔ,772,99.258341611,PHO,ホ,h,o,False,p,u,3,幫模一開,上,2,唇音,全清,ㅍ,唇音,次清,唇音,次清
2396,2631,椒,jiāo,771,99.2592252827,CHO,ショウ,s,hou,False,j,iao,1,精宵三開,平,1,歯音,全清,ㅊ,歯音,次清,歯音,全清
2397,2632,彰,zhāng,770,99.2601078082,CHANG,ショウ,s,hou,False,zh,ang,1,章陽三開,平,1,歯音,全清,ㅊ,歯音,次清,歯音,全清
2398,2633,雍,yōng,769,99.2609891875,ONG,ヨウ,y,ou,False,y,ong,1,影鍾三開,平,1,喉音,次濁,ㅇ,喉音,次濁,喉音,次濁
2399,2634,霓,ní,764,99.2627439233,YEY,ゲイ,g,ei,False,n,i,2,疑齊四開,平,1,牙音,全濁,ㅇ,喉音,次濁,舌音,次濁
2400,2635,疙,gē,762,99.2644929284,HUL,ギツ,g,itsu,True,g,e,1,疑欣三開,入,4,牙音,全濁,ㅎ,喉音,次清,牙音,全清
2401,2636,悖,bèi,762,99.2662396412,PAL,ハイ,h,ai,False,b,ei,4,並灰一合,去,3,唇音,全清,ㅂ,唇音,全清,唇音,全清
2402,2637,悖,bèi,762,99.2662396412,PHAY,ハイ,h,ai,False,b,ei,4,並灰一合,去,3,唇音,全清,ㅍ,唇音,次清,唇音,全清
2403,2638,漉,lù,762,99.2671129976,LOK,ロク,r,oku,True,l,u,4,來東一開,入,4,流音,次濁,ㄹ,流音,次濁,舌音,次濁
2404,2639,倔,jué,761,99.2679852079,KWUL,クツ,k,utsu,True,j,ue,2,群文三合,入,4,牙音,全清,ㄱ,牙音,全清,歯音,全清
2405,2640,瀑,pù,757,99.2714602954,PHO,バク,b,aku,True,p,u,4,並豪一開,去,3,唇音,全濁,ㅍ,唇音,次清,唇音,次清
2406,2641,瀑,pù,757,99.2714602954,PHOK,バク,b,aku,True,p,u,4,並豪一開,去,3,唇音,全濁,ㅍ,唇音,次清,唇音,次清
2407,2642,祠,cí,756,99.2723267749,SA,シ,s,hi,False,c,i,2,邪之三開,平,1,歯音,全清,ㅅ,歯音,全清,歯音,次清
2408,2643,揩,kāi,755,99.2731921084,KAY,カイ,k,ai,False,k,ai,1,溪皆二開,平,1,牙音,全清,ㄱ,牙音,全清,牙音,次清
2409,2644,汀,tīng,755,99.2740574418,CENG,テイ,t,ei,False,t,ing,1,透青四開,平,1,舌音,全清,ㅈ,歯音,全清,舌音,次清
2410,2645,睫,jié,754,99.2757869626,CHEP,ショウ,s,hou,False,j,ie,2,精鹽三開,入,4,歯音,全清,ㅊ,歯音,次清,歯音,全清
2411,2646,肋,lè,754,99.2766511499,LUK,ロク,r,oku,True,l,e,4,來登一開,入,4,流音,次濁,ㄹ,流音,次濁,舌音,次濁
2412,2647,肋,lèi,754,99.2766511499,LUK,ロク,r,oku,True,l,ei,4,來登一開,入,4,流音,次濁,ㄹ,流音,次濁,舌音,次濁
2413,2648,柬,jiǎn,753,99.2775141911,KAN,カン,k,an,False,j,ian,3,見山二開,上,2,牙音,全清,ㄱ,牙音,全清,歯音,全清
2414,2649,檀,tán,753,99.2783772323,TAN,ダン,d,an,False,t,an,2,定寒一開,平,1,舌音,全濁,ㄷ,舌音,全清,舌音,次清
2415,2650,帚,zhǒu,753,99.2792402734,CHWU,シュウ,s,huu,False,zh,ou,3,章尤三開,上,2,歯音,全清,ㅊ,歯音,次清,歯音,全清
2416,2651,蕾,lěi,752,99.2801021685,LOY,ライ,r,ai,False,l,ei,3,來灰一合,上,2,流音,次濁,ㄹ,流音,次濁,舌音,次濁
2417,2652,嗔,chēn,752,99.2809640635,CIN,シン,s,hin,False,ch,en,1,昌眞三開,平,1,歯音,全清,ㅈ,歯音,全清,歯音,次清
2418,2653,瞿,qú,752,99.2818259586,KWU,ク,k,u,True,q,u,2,群虞三合,平,1,牙音,全清,ㄱ,牙音,全清,歯音,次清
2419,2654,亢,kàng,751,99.2835474564,HANG,コウ,k,ou,False,k,ang,4,見唐一開,平,1,牙音,全清,ㅎ,喉音,次清,牙音,次清
2420,2655,偎,wēi,750,99.2852666619,OY,ワイ,w,ai,False,w,ei,1,影灰一合,平,1,喉音,次濁,ㅇ,喉音,次濁,喉音,次濁
2421,2656,溺,nì,746,99.2861216801,NYO,デキ,d,eki,True,n,i,4,日陽三開,入,4,舌音,全濁,ㄴ,舌音,次濁,舌音,次濁
2422,2657,溺,nì,746,99.2861216801,NIK,デキ,d,eki,True,n,i,4,日陽三開,入,4,舌音,全濁,ㄴ,舌音,次濁,舌音,次濁
2423,2658,孚,fú,741,99.2878259859,PWU,フ,f,u,False,f,u,2,滂虞三合,平,1,唇音,全清,ㅂ,唇音,全清,唇音,次清
2424,2659,迄,qì,739,99.2895211225,HUL,キツ,k,itsu,True,q,i,4,曉欣三開,入,4,牙音,全清,ㅎ,喉音,次清,歯音,次清
2425,2660,蒜,suàn,731,99.2928861808,SAN,サン,s,an,False,s,uan,4,心桓一合,去,3,歯音,全清,ㅅ,歯音,全清,歯音,次清
2426,2661,鞅,yāng,731,99.293724007,ANG,オウ,,ou,False,y,ang,1,影陽三開,上,2,喉音,次濁,ㅇ,喉音,次濁,喉音,次濁
2427,2662,掣,chè,728,99.2945583947,CHEL,セイ,s,ei,False,ch,e,4,昌祭三開,去,3,歯音,全清,ㅊ,歯音,次清,歯音,次清
2428,2663,掣,chè,728,99.2945583947,CHEY,セイ,s,ei,False,ch,e,4,昌祭三開,去,3,歯音,全清,ㅊ,歯音,次清,歯音,次清
2429,2664,衅,xìn,728,99.2953927825,HUN,キン,k,in,False,x,in,4,曉眞三開,去,3,牙音,全清,ㅎ,喉音,次清,歯音,次清
2430,2665,隅,yú,728,99.2962271702,WU,グウ,g,uu,False,y,u,2,疑虞三合,平,1,牙音,全濁,ㅇ,喉音,次濁,喉音,次濁
2431,2666,匾,biǎn,727,99.2970604118,PHYEN,ヘン,h,en,False,b,ian,3,幫先四開,上,2,唇音,全清,ㅍ,唇音,次清,唇音,全清
2432,2667,酥,sū,722,99.2995498214,SO,ソ,s,o,False,s,u,1,心模一開,平,1,歯音,全清,ㅅ,歯音,全清,歯音,次清
2433,2668,韶,sháo,721,99.3003761862,SO,ショウ,s,hou,False,sh,ao,2,常宵三開,平,1,歯音,全清,ㅅ,歯音,全清,歯音,次清
2434,2669,粱,liáng,719,99.3012002588,LYANG,リョウ,r,you,False,l,iang,2,來陽三開,平,1,流音,次濁,ㄹ,流音,次濁,舌音,次濁
2435,2670,巳,sì,718,99.3020231851,SA,シ,s,hi,False,s,i,4,以之三開,上,2,歯音,全清,ㅅ,歯音,全清,歯音,次清
2436,2671,劾,hé,715,99.3028426731,HAY,ガイ,g,ai,False,h,e,2,溪皆二開,去,3,牙音,全濁,ㅎ,喉音,次清,牙音,次清
2437,2672,劾,hé,715,99.3028426731,HAYK,ガイ,g,ai,False,h,e,2,溪皆二開,去,3,牙音,全濁,ㅎ,喉音,次清,牙音,次清
2438,2673,蹭,cèng,713,99.3036598688,CHUNG,ソウ,s,ou,False,c,eng,4,清登一開,去,3,歯音,全清,ㅊ,歯音,次清,歯音,次清
2439,2674,哽,gěng,713,99.3052942602,KYENG,コウ,k,ou,False,g,eng,3,見庚二開,上,2,牙音,全清,ㄱ,牙音,全清,牙音,全清
2440,2675,捎,shāo,709,99.3069229209,SO,ソウ,s,ou,False,sh,ao,1,心宵三開,平,1,歯音,全清,ㅅ,歯音,全清,歯音,次清
2441,2676,拈,niān,706,99.3093561698,NYEM,ネン,n,en,False,n,ian,1,泥添四開,平,1,舌音,次濁,ㄴ,舌音,次濁,舌音,次濁
2442,2677,矜,jīn,706,99.3101653425,KUNG,キョウ,k,you,False,j,in,1,見蒸三開,平,1,牙音,全清,ㄱ,牙音,全清,歯音,全清
2443,2678,矜,jīn,706,99.3101653425,KUN,キョウ,k,you,False,j,in,1,見蒸三開,平,1,牙音,全清,ㄱ,牙音,全清,歯音,全清
2444,2679,褥,rù,705,99.3109733691,YO,ジョク,j,oku,True,r,u,4,泥冬一開,入,4,歯音,全濁,ㅇ,喉音,次濁,歯音,次濁
2445,2680,痰,tán,705,99.3117813957,TAM,タン,t,an,False,t,an,2,定談一開,平,1,舌音,全清,ㄷ,舌音,全清,舌音,次清
2446,2681,簸,bǒ,705,99.3133974489,PHA,ハ,h,a,False,b,o,3,幫戈一合,上,2,唇音,全清,ㅍ,唇音,次清,唇音,全清
2447,2682,撮,cuō,704,99.3142043294,CHWAL,サツ,s,atsu,True,c,uo,1,精桓一合,入,4,歯音,全清,ㅊ,歯音,次清,歯音,次清
2448,2685,拗,ào,703,99.3158169442,YO,オウ,,ou,False,,ao,4,影肴二開,上,2,喉音,次濁,ㅇ,喉音,次濁,喉音,次濁
2449,2686,墩,dūn,702,99.3166215324,TON,トン,t,on,False,d,un,1,端魂一合,平,1,舌音,全清,ㄷ,舌音,全清,舌音,全清
2450,2687,磅,bàng,701,99.319838739,PANG,ホウ,h,ou,False,b,ang,4,滂唐一開,平,1,唇音,全清,ㅂ,唇音,全清,唇音,全清
2451,2688,蜷,quán,700,99.3214444769,KWEN,ケン,k,en,False,q,uan,2,群仙三合,平,1,牙音,全清,ㄱ,牙音,全清,歯音,次清
2452,2689,臻,zhēn,696,99.3230410458,CIN,シン,s,hin,False,zh,en,1,莊臻三開,平,1,歯音,全清,ㅈ,歯音,全清,歯音,全清
2453,2690,伎,jì,695,99.323837611,KI,キ,k,i,True,j,i,4,群支三開,平,1,牙音,全清,ㄱ,牙音,全清,歯音,全清
2454,2691,酣,hān,694,99.3254295954,KEM,カン,k,an,False,h,an,1,匣談一開,平,1,牙音,全清,ㄱ,牙音,全清,牙音,次清
2455,2692,蕉,jiāo,693,99.3262238683,CHO,ショウ,s,hou,False,j,iao,1,精宵三開,平,1,歯音,全清,ㅊ,歯音,次清,歯音,全清
2456,2693,笋,sǔn,691,99.3278078297,SWUN,ジュン,j,un,False,s,un,3,心諄三合,上,2,歯音,全濁,ㅅ,歯音,全清,歯音,次清
2457,2694,漪,yī,691,99.329391791,UY,イ,,i,False,y,i,1,影支三開,平,1,喉音,次濁,ㅇ,喉音,次濁,喉音,次濁
2458,2695,廿,niàn,691,99.3301837717,IP,ジュウ,j,uu,False,n,ian,4,日侵三開,入,4,歯音,全濁,ㅇ,喉音,次濁,舌音,次濁
2459,2697,膨,péng,686,99.3333367947,PHAYNG,ボウ,b,ou,False,p,eng,2,並庚二開,平,1,唇音,全濁,ㅍ,唇音,次清,唇音,次清
2460,2698,邑,yì,686,99.3341230447,UP,ユウ,y,uu,False,y,i,4,影侵三開,入,4,喉音,次濁,ㅇ,喉音,次濁,喉音,次濁
2461,2699,咏,yǒng,685,99.3349081485,YENG,エイ,,ei,False,y,ong,3,云庚三合,去,3,喉音,次濁,ㅇ,喉音,次濁,喉音,次濁
2462,2700,肴,yáo,682,99.3372554371,HYO,コウ,k,ou,False,y,ao,2,匣肴二開,平,1,牙音,全清,ㅎ,喉音,次清,喉音,次濁
2463,2701,漾,yàng,681,99.3380359565,YANG,ヨウ,y,ou,False,y,ang,4,以陽三開,去,3,喉音,次濁,ㅇ,喉音,次濁,喉音,次濁
2464,2702,崽,zǎi,681,99.3388164758,CAY,サイ,s,ai,False,z,ai,3,生佳二開,平,1,歯音,全清,ㅈ,歯音,全清,歯音,全清
2465,2703,吝,lìn,680,99.3395958489,LIN,リン,r,in,False,l,in,4,來眞三開,去,3,流音,次濁,ㄹ,流音,次濁,舌音,次濁
2466,2704,岑,cén,679,99.3427110494,CAM,シン,s,hin,False,c,en,2,崇侵三開,平,1,歯音,全清,ㅈ,歯音,全清,歯音,次清
2467,2705,岑,cén,679,99.3427110494,UM,シン,s,hin,False,c,en,2,崇侵三開,平,1,歯音,全清,ㅇ,喉音,次濁,歯音,次清
2468,2706,膳,shàn,678,99.3434881303,SEN,ゼン,z,en,False,sh,an,4,常仙三開,去,3,歯音,全濁,ㅅ,歯音,全清,歯音,次清
2469,2707,咨,zī,677,99.344264065,CA,シ,s,hi,False,z,i,1,精脂三開,平,1,歯音,全清,ㅈ,歯音,全清,歯音,全清
2470,2708,嫖,piáo,677,99.3450399998,PHYO,ヒョウ,h,you,False,p,iao,2,滂宵三開,平,1,唇音,全清,ㅍ,唇音,次清,唇音,次清
2471,2709,惋,wǎn,672,99.3481299852,WAN,ワン,w,an,False,w,an,3,影桓一合,去,3,喉音,次濁,ㅇ,喉音,次濁,喉音,次濁
2472,2710,沐,mù,672,99.3489001893,MOK,ボク,b,oku,True,m,u,4,明東一開,入,4,唇音,全濁,ㅁ,唇音,次濁,唇音,次濁
2473,2712,祁,qí,669,99.3512050708,KI,ケ,k,e,False,q,i,2,群脂三開,平,1,牙音,全清,ㄱ,牙音,全清,歯音,次清
2474,2713,俟,qí,668,99.3519706903,KI,シ,s,hi,False,q,i,2,群微三開,平,1,歯音,全清,ㄱ,牙音,全清,歯音,次清
2475,2714,俟,qí,668,99.3519706903,SA,シ,s,hi,False,q,i,2,群微三開,平,1,歯音,全清,ㅅ,歯音,全清,歯音,次清
2476,2715,蕊,ruǐ,667,99.3527351637,YEY,ズイ,z,ui,False,r,ui,3,日支三合,上,2,歯音,全濁,ㅇ,喉音,次濁,歯音,次濁
2477,2716,嵋,méi,667,99.3534996371,MI,ビ,b,i,False,m,ei,2,明脂三開,平,1,唇音,全濁,ㅁ,唇音,次濁,唇音,次濁
2478,2717,琵,pí,666,99.3542629644,PI,ビ,b,i,False,p,i,2,並脂三開,平,1,唇音,全濁,ㅂ,唇音,全清,唇音,次清
2479,2718,刁,diāo,665,99.3550251455,CO,チョウ,c,hou,False,d,iao,1,端蕭四開,平,1,舌音,全清,ㅈ,歯音,全清,舌音,全清
2480,2720,腑,fǔ,664,99.3565483616,PWU,フ,f,u,False,f,u,3,幫虞三合,上,2,唇音,全清,ㅂ,唇音,全清,唇音,次清
2481,2721,笆,bā,662,99.3580669932,PHA,ハ,h,a,False,b,a,1,幫麻二開,平,1,唇音,全清,ㅍ,唇音,次清,唇音,全清
2482,2722,狩,shòu,661,99.360340929,SWU,シュ,s,hu,False,sh,ou,4,書尤三開,去,3,歯音,全清,ㅅ,歯音,全清,歯音,次清
2483,2723,剌,là,660,99.3618538299,LAL,ラツ,r,atsu,True,l,a,4,來寒一開,入,4,流音,次濁,ㄹ,流音,次濁,舌音,次濁
2484,2724,璧,bì,659,99.3626091342,PYEK,ヘキ,h,eki,True,b,i,4,幫清三開,入,4,唇音,全清,ㅂ,唇音,全清,唇音,全清
2485,2726,茹,rú,657,99.3641174505,YE,ジョ,j,o,False,r,u,2,日魚三開,平,1,歯音,全濁,ㅇ,喉音,次濁,歯音,次濁
2486,2727,逍,xiāo,657,99.3648704625,SO,ショウ,s,hou,False,x,iao,1,心宵三開,平,1,歯音,全清,ㅅ,歯音,全清,歯音,次清
2487,2728,烙,lào,656,99.3656223284,LAK,ラク,r,aku,True,l,ao,4,來唐一開,入,4,流音,次濁,ㄹ,流音,次濁,舌音,次濁
2488,2729,憨,hān,655,99.367124914,KAM,カン,k,an,False,h,an,1,曉談一開,平,1,牙音,全清,ㄱ,牙音,全清,牙音,次清
2489,2730,瑚,hú,655,99.3678756338,HO,ゴ,g,o,False,h,u,2,匣模一開,平,1,牙音,全濁,ㅎ,喉音,次清,牙音,次清
2490,2731,敖,áo,648,99.3723512988,O,ゴウ,g,ou,False,,ao,2,疑豪一開,平,1,牙音,全濁,ㅇ,喉音,次濁,喉音,次濁
2491,2732,弛,chí,647,99.3730928495,I,チ,c,hi,True,ch,i,2,書支三開,上,2,舌音,全清,ㅇ,喉音,次濁,歯音,次清
2492,2733,紊,wěn,647,99.3738344001,MWUN,ビン,b,in,False,w,en,3,明文三合,去,3,唇音,全濁,ㅁ,唇音,次濁,喉音,次濁
2493,2736,逵,kuí,646,99.3753152092,KYU,キ,k,i,True,k,ui,2,群脂三合,平,1,牙音,全清,ㄱ,牙音,全清,牙音,次清
2494,2738,惴,zhuì,639,99.381946758,CHWEY,ズイ,z,ui,False,zh,ui,4,章支三合,去,3,歯音,全濁,ㅊ,歯音,次清,歯音,全清
2495,2740,悸,jì,635,99.3855972044,KYEY,キ,k,i,True,j,i,4,群脂三合,去,3,牙音,全清,ㄱ,牙音,全清,歯音,全清
2496,2741,卉,huì,632,99.3870482138,HWEY,キ,k,i,True,h,ui,4,曉微三合,上,2,牙音,全清,ㅎ,喉音,次清,牙音,次清
2497,2742,叟,sǒu,626,99.3906505225,SWU,ソウ,s,ou,False,s,ou,3,心侯一開,上,2,歯音,全清,ㅅ,歯音,全清,歯音,次清
2498,2744,哺,bǔ,621,99.3942230316,PHO,ホ,h,o,False,b,u,3,並模一開,去,3,唇音,全清,ㅍ,唇音,次清,唇音,全清
2499,2745,豢,huàn,619,99.3956442415,HWAN,カン,k,an,False,h,uan,4,匣刪二合,去,3,牙音,全清,ㅎ,喉音,次清,牙音,次清
2500,2747,憧,chōng,616,99.3984774922,TONG,ドウ,d,ou,False,ch,ong,1,昌鍾三開,平,1,舌音,全濁,ㄷ,舌音,全清,歯音,次清
2501,2750,茬,chá,609,99.4026906919,SI,シ,s,hi,False,ch,a,2,莊之三開,平,1,歯音,全清,ㅅ,歯音,全清,歯音,次清
2502,2751,薯,shǔ,608,99.4033875432,SE,ショ,s,ho,False,sh,u,3,常魚三開,去,3,歯音,全清,ㅅ,歯音,全清,歯音,次清
2503,2753,喋,dié,606,99.4047766613,CAP,チョウ,c,hou,False,d,ie,2,定添四開,入,4,舌音,全清,ㅈ,歯音,全清,舌音,全清
2504,2754,喋,dié,606,99.4047766613,CHEP,チョウ,c,hou,False,d,ie,2,定添四開,入,4,舌音,全清,ㅊ,歯音,次清,舌音,全清
2505,2755,侈,chǐ,604,99.405468928,CHI,シ,s,hi,False,ch,i,3,昌支三開,上,2,歯音,全清,ㅊ,歯音,次清,歯音,次清
2506,2756,奠,diàn,603,99.4061600487,CEN,テン,t,en,False,d,ian,4,定先四開,去,3,舌音,全清,ㅈ,歯音,全清,舌音,全清
2507,2757,亥,hài,602,99.4068500231,HAY,ガイ,g,ai,False,h,ai,4,匣咍一開,上,2,牙音,全濁,ㅎ,喉音,次清,牙音,次清
2508,2758,硝,xiāo,602,99.4075399976,CHO,ショウ,s,hou,False,x,iao,1,心宵三開,平,1,歯音,全清,ㅊ,歯音,次清,歯音,次清
2509,2759,豚,tún,601,99.410295311,TON,トン,t,on,False,t,un,2,定魂一合,平,1,舌音,全清,ㄷ,舌音,全清,舌音,次清
2510,2760,蔬,shū,600,99.4109829932,SO,ソ,s,o,False,sh,u,1,生魚三開,平,1,歯音,全清,ㅅ,歯音,全清,歯音,次清
2511,2762,煽,shān,599,99.4123560654,SEN,セン,s,en,False,sh,an,1,書仙三開,平,1,歯音,全清,ㅅ,歯音,全清,歯音,次清
2512,2763,靶,bǎ,597,99.4130403092,PHA,ハ,h,a,False,b,a,3,幫麻二開,去,3,唇音,全清,ㅍ,唇音,次清,唇音,全清
2513,2764,瑾,jǐn,595,99.4150873099,KUN,キン,k,in,False,j,in,3,群眞三開,去,3,牙音,全清,ㄱ,牙音,全清,歯音,全清
2514,2765,瓢,piáo,593,99.4157669692,PHYO,ヒョウ,h,you,False,p,iao,2,並宵三開,平,1,唇音,全清,ㅍ,唇音,次清,唇音,次清
2515,2766,渣,zhā,593,99.4164466284,SA,サ,s,a,False,zh,a,1,莊麻二開,平,1,歯音,全清,ㅅ,歯音,全清,歯音,全清
2516,2767,瞳,tóng,592,99.4178036546,TONG,ドウ,d,ou,False,t,ong,2,定東一開,平,1,舌音,全濁,ㄷ,舌音,全清,舌音,次清
2517,2768,睿,ruì,592,99.4184821678,YEY,エイ,,ei,False,r,ui,4,以祭三合,去,3,喉音,次濁,ㅇ,喉音,次濁,歯音,次濁
2518,2769,弩,nǔ,591,99.4191595347,NO,ド,d,o,False,n,u,3,泥模一開,上,2,舌音,全濁,ㄴ,舌音,次濁,舌音,次濁
2519,2770,咀,jǔ,588,99.4218621258,CE,ソ,s,o,False,j,u,3,從魚三開,上,2,歯音,全清,ㅈ,歯音,全清,歯音,全清
2520,2771,煜,yù,588,99.4225360544,UP,イク,,iku,True,y,u,4,以東三開,入,4,喉音,次濁,ㅇ,喉音,次濁,喉音,次濁
2521,2772,煜,yù,588,99.4225360544,WUK,イク,,iku,True,y,u,4,以東三開,入,4,喉音,次濁,ㅇ,喉音,次濁,喉音,次濁
2522,2773,祀,sì,588,99.423209983,SA,シ,s,hi,False,s,i,4,邪之三開,上,2,歯音,全清,ㅅ,歯音,全清,歯音,次清
2523,2774,潦,liáo,587,99.4238827654,LYO,ロウ,r,ou,False,l,iao,2,來豪一開,上,2,流音,次濁,ㄹ,流音,次濁,舌音,次濁
2524,2775,帷,wéi,585,99.4258965281,YU,イ,,i,False,w,ei,2,云脂三合,平,1,喉音,次濁,ㅇ,喉音,次濁,喉音,次濁
2525,2776,碾,niǎn,584,99.4265658722,NYEN,テン,t,en,False,n,ian,3,娘仙三開,去,3,舌音,全清,ㄴ,舌音,次濁,舌音,次濁
2526,2777,秧,yāng,584,99.4272352162,ANG,オウ,,ou,False,y,ang,1,影陽三開,平,1,喉音,次濁,ㅇ,喉音,次濁,喉音,次濁
2527,2778,弼,bì,584,99.4279045602,PHIL,ヒツ,h,itsu,True,b,i,4,並眞三開,入,4,唇音,全清,ㅍ,唇音,次清,唇音,全清
2528,2779,髓,suǐ,583,99.429240956,SWU,スイ,s,ui,False,s,ui,3,心支三合,上,2,歯音,全清,ㅅ,歯音,全清,歯音,次清
2529,2780,偕,xié,583,99.4305773517,HYEY,カイ,k,ai,False,x,ie,2,見皆二開,平,1,牙音,全清,ㅎ,喉音,次清,歯音,次清
2530,2781,偕,xié,583,99.4305773517,HAY,カイ,k,ai,False,x,ie,2,見皆二開,平,1,牙音,全清,ㅎ,喉音,次清,歯音,次清
2531,2783,恪,kè,581,99.4325762147,KAK,カク,k,aku,True,k,e,4,溪唐一開,入,4,牙音,全清,ㄱ,牙音,全清,牙音,次清
2532,2784,踞,jù,580,99.4332409742,KE,キョ,k,yo,False,j,u,4,見魚三開,去,3,牙音,全清,ㄱ,牙音,全清,歯音,全清
2533,2785,寅,yín,580,99.4339057336,IN,イン,,in,False,y,in,2,以脂三開,平,1,喉音,次濁,ㅇ,喉音,次濁,喉音,次濁
2534,2786,寅,yín,580,99.4339057336,I,イン,,in,False,y,in,2,以脂三開,平,1,喉音,次濁,ㅇ,喉音,次濁,喉音,次濁
2535,2787,袒,tǎn,579,99.434569347,THAN,タン,t,an,False,t,an,3,定寒一開,上,2,舌音,全清,ㅌ,舌音,次清,舌音,次清
2536,2788,袒,tǎn,579,99.434569347,TAN,タン,t,an,False,t,an,3,定寒一開,上,2,舌音,全清,ㄷ,舌音,全清,舌音,次清
2537,2789,犀,xī,579,99.4352329603,SE,サイ,s,ai,False,x,i,1,心齊四開,平,1,歯音,全清,ㅅ,歯音,全清,歯音,次清
2538,2790,褒,bāo,577,99.4358942814,PHO,ホウ,h,ou,False,b,ao,1,幫豪一開,平,1,唇音,全清,ㅍ,唇音,次清,唇音,全清
2539,2791,吮,shǔn,574,99.4391928637,CEN,セン,s,en,False,sh,un,3,船諄三合,上,2,歯音,全清,ㅈ,歯音,全清,歯音,次清
2540,2792,隘,ài,573,99.4398496002,AYK,アイ,,ai,False,,ai,4,影佳二開,去,3,喉音,次濁,ㅇ,喉音,次濁,喉音,次濁
2541,2793,隘,ài,573,99.4398496002,AY,アイ,,ai,False,,ai,4,影佳二開,去,3,喉音,次濁,ㅇ,喉音,次濁,喉音,次濁
2542,2794,穗,suì,573,99.4405063367,SWU,スイ,s,ui,False,s,ui,4,邪脂三合,去,3,歯音,全清,ㅅ,歯音,全清,歯音,次清
2543,2795,橘,jú,573,99.4411630733,KYUL,キツ,k,itsu,True,j,u,2,見諄三合,入,4,牙音,全清,ㄱ,牙音,全清,歯音,全清
2544,2796,羌,qiāng,571,99.4437865809,KANG,キョウ,k,you,False,q,iang,1,溪陽三開,平,1,牙音,全清,ㄱ,牙音,全清,歯音,次清
2545,2797,穹,qióng,570,99.4450943232,KWUNG,キュウ,k,yuu,False,q,iong,2,溪東三開,平,1,牙音,全清,ㄱ,牙音,全清,歯音,次清
2546,2799,澎,péng,566,99.4463928965,PHAYNG,ホウ,h,ou,False,p,eng,2,並庚二開,平,1,唇音,全清,ㅍ,唇音,次清,唇音,次清
2547,2800,酋,qiú,561,99.4509109686,CHWU,シュウ,s,huu,False,q,iu,2,從尤三開,平,1,歯音,全清,ㅊ,歯音,次清,歯音,次清
2548,2801,嫡,dí,557,99.4521912037,CEK,チャク,c,haku,True,d,i,2,知庚二開,入,4,舌音,全清,ㅈ,歯音,全清,舌音,全清
2549,2802,阜,fù,553,99.4553717339,PWU,フ,f,u,False,f,u,4,並尤三開,上,2,唇音,全清,ㅂ,唇音,全清,唇音,次清
2550,2804,椎,zhuī,552,99.4566370692,CHWU,ツイ,ts,ui,False,zh,ui,1,澄脂三合,平,1,舌音,全清,ㅊ,歯音,次清,歯音,全清
2551,2805,磐,pán,549,99.4578966738,PAN,バン,b,an,False,p,an,2,並桓一合,平,1,唇音,全濁,ㅂ,唇音,全清,唇音,次清
2552,2807,殃,yāng,548,99.4591539861,ANG,オウ,,ou,False,y,ang,1,影陽三開,平,1,喉音,次濁,ㅇ,喉音,次濁,喉音,次濁
2553,2808,侏,zhū,546,99.4616605877,CWU,シュ,s,hu,False,zh,u,1,章虞三合,平,1,歯音,全清,ㅈ,歯音,全清,歯音,全清
2554,2809,暄,xuān,544,99.4629098771,HWEN,ケン,k,en,False,x,uan,1,曉元三合,平,1,牙音,全清,ㅎ,喉音,次清,歯音,次清
2555,2810,箍,gū,543,99.4635322295,KO,コ,k,o,False,g,u,1,見模一開,平,1,牙音,全清,ㄱ,牙音,全清,牙音,全清
2556,2811,憬,jǐng,543,99.4641545819,KYENG,ケイ,k,ei,False,j,ing,3,見庚三合,上,2,牙音,全清,ㄱ,牙音,全清,歯音,全清
2557,2812,汶,wèn,543,99.4647769343,MWUN,ブン,b,un,False,w,en,4,明眞三開,平,1,唇音,全濁,ㅁ,唇音,次濁,喉音,次濁
2558,2813,跤,jiāo,543,99.4653992867,KYO,コウ,k,ou,False,j,iao,1,溪肴二開,平,1,牙音,全清,ㄱ,牙音,全清,歯音,全清
2559,2814,孰,shú,541,99.4672617593,SWUK,シュク,s,huku,True,sh,u,2,常東三開,入,4,歯音,全清,ㅅ,歯音,全清,歯音,次清
2560,2815,麓,lù,540,99.4678806733,LOK,ロク,r,oku,True,l,u,4,來東一開,入,4,流音,次濁,ㄹ,流音,次濁,舌音,次濁
2561,2816,蛤,há,538,99.4684972951,HAP,コウ,k,ou,False,h,a,2,見覃一開,入,4,牙音,全清,ㅎ,喉音,次清,牙音,次清
2562,2817,癖,pǐ,538,99.4691139168,PYEK,ヘキ,h,eki,True,p,i,3,滂清三開,入,4,唇音,全清,ㅂ,唇音,全清,唇音,次清
2563,2818,琅,láng,536,99.4703437218,LANG,ロウ,r,ou,False,l,ang,2,來唐一開,平,1,流音,次濁,ㄹ,流音,次濁,舌音,次濁
2564,2819,噎,yē,535,99.4709569051,YEL,エツ,,etsu,True,y,e,1,影先四開,入,4,喉音,次濁,ㅇ,喉音,次濁,喉音,次濁
2565,2820,溯,sù,534,99.4715689423,SO,ソ,s,o,False,s,u,4,心模一開,去,3,歯音,全清,ㅅ,歯音,全清,歯音,次清
2566,2821,溯,sù,534,99.4715689423,SAK,ソ,s,o,False,s,u,4,心模一開,去,3,歯音,全清,ㅅ,歯音,全清,歯音,次清
2567,2822,沽,gū,533,99.4721798333,KO,コ,k,o,False,g,u,1,見模一開,平,1,牙音,全清,ㄱ,牙音,全清,牙音,全清
2568,2823,涎,xián,530,99.473398177,YEN,エン,,en,False,x,ian,2,邪仙三開,平,1,喉音,次濁,ㅇ,喉音,次濁,歯音,次清
2569,2824,臀,tún,529,99.4740044834,TWUN,デン,d,en,False,t,un,2,定魂一合,平,1,舌音,全濁,ㄷ,舌音,全清,舌音,次清
2570,2825,蹙,cù,527,99.4764251248,CHWUK,シュク,s,huku,True,c,u,4,精東三開,入,4,歯音,全清,ㅊ,歯音,次清,歯音,次清
2571,2827,拌,bàn,525,99.4782325829,PAN,ハン,h,an,False,b,an,4,滂桓一合,平,1,唇音,全清,ㅂ,唇音,全清,唇音,全清
2572,2828,荃,quán,523,99.4800331642,CEN,セン,s,en,False,q,uan,2,清仙三合,平,1,歯音,全清,ㅈ,歯音,全清,歯音,次清
2573,2829,芹,qín,522,99.4806314477,KUN,キン,k,in,False,q,in,2,群欣三開,平,1,牙音,全清,ㄱ,牙音,全清,歯音,次清
2574,2831,捺,nà,520,99.4830211434,NAL,ナツ,n,atsu,True,n,a,4,泥寒一開,入,4,舌音,次濁,ㄴ,舌音,次濁,舌音,次濁
2575,2832,隧,suì,518,99.4836148424,SWU,スイ,s,ui,False,s,ui,4,邪脂三合,去,3,歯音,全清,ㅅ,歯音,全清,歯音,次清
2576,2833,恙,yàng,518,99.4848022403,YANG,ヨウ,y,ou,False,y,ang,4,以陽三開,去,3,喉音,次濁,ㅇ,喉音,次濁,喉音,次濁
2577,2834,稠,chóu,517,99.4853947931,CWU,チュウ,c,huu,False,ch,ou,2,澄尤三開,平,1,舌音,全清,ㅈ,歯音,全清,歯音,次清
2578,2835,稠,chóu,517,99.4853947931,CO,チュウ,c,huu,False,ch,ou,2,澄尤三開,平,1,舌音,全清,ㅈ,歯音,全清,歯音,次清
2579,2836,蕙,huì,516,99.4865787527,HYEY,ケイ,k,ei,False,h,ui,4,匣齊四合,去,3,牙音,全清,ㅎ,喉音,次清,牙音,次清
2580,2837,褚,chǔ,516,99.4871701594,CE,シャ,s,ha,False,ch,u,3,知魚三開,上,2,歯音,全清,ㅈ,歯音,全清,歯音,次清
2581,2838,禾,hé,515,99.48776042,HWA,カ,k,a,False,h,e,2,匣戈一合,平,1,牙音,全清,ㅎ,喉音,次清,牙音,次清
2582,2839,瀚,hàn,515,99.4889409411,HAN,カン,k,an,False,h,an,4,匣寒一開,去,3,牙音,全清,ㅎ,喉音,次清,牙音,次清
2583,2840,螃,páng,515,99.4895312016,PANG,ホウ,h,ou,False,p,ang,2,並唐一開,平,1,唇音,全清,ㅂ,唇音,全清,唇音,次清
2584,2841,忱,chén,514,99.4901203161,CHIM,シン,s,hin,False,ch,en,2,常侵三開,平,1,歯音,全清,ㅊ,歯音,次清,歯音,次清
2585,2842,甥,shēng,513,99.4912973988,SAYNG,セイ,s,ei,False,sh,eng,1,生庚二開,平,1,歯音,全清,ㅅ,歯音,全清,歯音,次清
2586,2843,荀,xún,513,99.4918853671,SWUN,ジュン,j,un,False,x,un,2,心諄三合,平,1,歯音,全濁,ㅅ,歯音,全清,歯音,次清
2587,2844,蜈,wú,512,99.4930601575,O,ゴ,g,o,False,w,u,2,疑模一開,平,1,牙音,全濁,ㅇ,喉音,次濁,喉音,次濁
2588,2846,啜,chuài,511,99.4954028616,CHEL,セツ,s,etsu,True,ch,uai,4,知祭三合,去,3,歯音,全清,ㅊ,歯音,次清,歯音,次清
2589,2847,筱,xiǎo,508,99.4959850992,SO,ショウ,s,hou,False,x,iao,3,心蕭四開,上,2,歯音,全清,ㅅ,歯音,全清,歯音,次清
2590,2848,炙,zhì,507,99.4965661907,CA,シャ,s,ha,False,zh,i,4,章麻三開,去,3,歯音,全清,ㅈ,歯音,全清,歯音,全清
2591,2849,炙,zhì,507,99.4965661907,CEK,シャ,s,ha,False,zh,i,4,章麻三開,去,3,歯音,全清,ㅈ,歯音,全清,歯音,全清
2592,2850,曙,shǔ,506,99.4977272275,SE,ショ,s,ho,False,sh,u,3,常魚三開,去,3,歯音,全清,ㅅ,歯音,全清,歯音,次清
2593,2851,漱,shù,506,99.4983071728,SWU,シュウ,s,huu,False,sh,u,4,生尤三開,去,3,歯音,全清,ㅅ,歯音,全清,歯音,次清
2594,2852,丕,pī,506,99.4988871181,PI,ヒ,h,i,False,p,i,1,滂脂三開,平,1,唇音,全清,ㅂ,唇音,全清,唇音,次清
2595,2853,瓮,wèng,505,99.4994659173,ONG,オウ,,ou,False,w,eng,4,影東一開,去,3,喉音,次濁,ㅇ,喉音,次濁,喉音,次濁
2596,2854,浚,jùn,504,99.5000435704,CWUN,シュン,s,hun,False,j,un,4,心諄三合,去,3,歯音,全清,ㅈ,歯音,全清,歯音,全清
2597,2855,腋,yè,503,99.5017742373,AYK,エキ,,eki,True,y,e,4,以清三開,入,4,喉音,次濁,ㅇ,喉音,次濁,喉音,次濁
2598,2856,皋,gāo,502,99.5035026119,KO,コウ,k,ou,False,g,ao,1,見豪一開,平,1,牙音,全清,ㄱ,牙音,全清,牙音,全清
2599,2857,邢,xíng,502,99.5040779727,HYENG,ケイ,k,ei,False,x,ing,2,匣青四開,平,1,牙音,全清,ㅎ,喉音,次清,歯音,次清
2600,2858,幔,màn,501,99.5046521874,MAN,マン,m,an,False,m,an,4,明桓一合,去,3,唇音,次濁,ㅁ,唇音,次濁,唇音,次濁
2601,2859,痹,bì,500,99.5057994705,PI,ヒ,h,i,False,b,i,4,幫脂三開,去,3,唇音,全清,ㅂ,唇音,全清,唇音,全清
2602,2860,凋,diāo,500,99.506372539,CO,チョウ,c,hou,False,d,iao,1,端蕭四開,平,1,舌音,全清,ㅈ,歯音,全清,舌音,全清
2603,2861,楠,nán,500,99.507518676,NAM,ナン,n,an,False,n,an,2,泥覃一開,平,1,舌音,次濁,ㄴ,舌音,次濁,舌音,次濁
2604,2862,秤,chèng,499,99.5080905984,CHING,ショウ,s,hou,False,ch,eng,4,昌蒸三開,去,3,歯音,全清,ㅊ,歯音,次清,歯音,次清
2605,2863,町,tǐng,499,99.5086625208,CENG,チョウ,c,hou,False,t,ing,3,透青四開,平,1,舌音,全清,ㅈ,歯音,全清,舌音,次清
2606,2864,町,dīng,499,99.5086625208,CENG,チョウ,c,hou,False,d,ing,1,透青四開,平,1,舌音,全清,ㅈ,歯音,全清,舌音,全清
2607,2865,髯,rán,499,99.5092344432,YEM,ゼン,z,en,False,r,an,2,日鹽三開,平,1,歯音,全濁,ㅇ,喉音,次濁,歯音,次濁
2608,2866,盎,àng,498,99.5098052194,ANG,オウ,,ou,False,,ang,4,影唐一開,上,2,喉音,次濁,ㅇ,喉音,次濁,喉音,次濁
2609,2868,冕,miǎn,497,99.5120871782,MYEN,ベン,b,en,False,m,ian,3,明仙三開,上,2,唇音,全濁,ㅁ,唇音,次濁,唇音,次濁
2610,2869,沂,yí,497,99.5126568083,KI,キ,k,i,True,y,i,2,疑微三開,平,1,牙音,全清,ㄱ,牙音,全清,喉音,次濁
2611,2870,璞,pú,497,99.5132264384,PAK,ハク,h,aku,True,p,u,2,滂江二開,入,4,唇音,全清,ㅂ,唇音,全清,唇音,次清
2612,2871,腆,tiǎn,496,99.5137949224,CEN,テン,t,en,False,t,ian,3,透先四開,上,2,舌音,全清,ㅈ,歯音,全清,舌音,次清
2613,2872,沓,tà,493,99.5149250135,TAP,トウ,t,ou,False,t,a,4,定覃一開,入,4,舌音,全清,ㄷ,舌音,全清,舌音,次清
2614,2873,沓,dá,493,99.5149250135,TAP,トウ,t,ou,False,d,a,2,定覃一開,入,4,舌音,全清,ㄷ,舌音,全清,舌音,全清
2615,2874,裔,yì,492,99.5166167117,YEY,エイ,,ei,False,y,i,4,以祭三開,去,3,喉音,次濁,ㅇ,喉音,次濁,喉音,次濁
2616,2875,釜,fǔ,491,99.5177433644,PWU,フ,f,u,False,f,u,3,並虞三合,上,2,唇音,全清,ㅂ,唇音,全清,唇音,次清
2617,2876,窿,lóng,491,99.5183061177,LYUNG,リュウ,r,yuu,False,l,ong,2,來東三開,平,1,流音,次濁,ㄹ,流音,次濁,舌音,次濁
2618,2877,塾,shú,491,99.518868871,SWUK,ジュク,j,uku,True,sh,u,2,常東三開,入,4,歯音,全濁,ㅅ,歯音,全清,歯音,次清
2619,2878,酪,lào,490,99.5199932314,LAK,ラク,r,aku,True,l,ao,4,來唐一開,入,4,流音,次濁,ㄹ,流音,次濁,舌音,次濁
2620,2879,磷,lín,489,99.5211152995,LIN,リン,r,in,False,l,in,2,來眞三開,平,1,流音,次濁,ㄹ,流音,次濁,舌音,次濁
2621,2880,迢,tiáo,489,99.5216757605,CHO,チョウ,c,hou,False,t,iao,2,定蕭四開,平,1,舌音,全清,ㅊ,歯音,次清,舌音,次清
2622,2881,邙,máng,489,99.5222362215,MANG,ボウ,b,ou,False,m,ang,2,明陽三合,平,1,唇音,全濁,ㅁ,唇音,次濁,唇音,次濁
2623,2882,鼾,hān,487,99.5227943903,HAN,カン,k,an,False,h,an,1,曉寒一開,平,1,牙音,全清,ㅎ,喉音,次清,牙音,次清
2624,2883,橙,chéng,486,99.5233514128,CUNG,トウ,t,ou,False,ch,eng,2,澄耕二開,平,1,舌音,全清,ㅈ,歯音,全清,歯音,次清
2625,2884,橙,chéng,486,99.5233514128,TUNG,トウ,t,ou,False,ch,eng,2,澄耕二開,平,1,舌音,全清,ㄷ,舌音,全清,歯音,次清
2626,2885,跚,shān,484,99.5266832332,SAN,サン,s,an,False,sh,an,1,心寒一開,平,1,歯音,全清,ㅅ,歯音,全清,歯音,次清
2627,2887,肇,zhào,482,99.5283416934,CO,チョウ,c,hou,False,zh,ao,4,澄宵三開,上,2,舌音,全清,ㅈ,歯音,全清,歯音,全清
2628,2889,戟,jǐ,481,99.5299967153,KUK,ゲキ,g,eki,True,j,i,3,見庚三開,入,4,牙音,全濁,ㄱ,牙音,全清,歯音,全清
2629,2890,帛,bó,479,99.5321950061,PAYK,ハク,h,aku,True,b,o,2,並庚二開,入,4,唇音,全清,ㅂ,唇音,全清,唇音,全清
2630,2891,跛,bǒ,479,99.5332930054,PHA,ハ,h,a,False,b,o,3,幫戈一合,上,2,唇音,全清,ㅍ,唇音,次清,唇音,全清
2631,2892,跛,bǒ,479,99.5332930054,PHI,ハ,h,a,False,b,o,3,幫戈一合,上,2,唇音,全清,ㅍ,唇音,次清,唇音,全清
2632,2893,蚪,dǒu,477,99.5343875662,TWU,ト,t,o,False,d,ou,3,端侯一開,上,2,舌音,全清,ㄷ,舌音,全清,舌音,全清
2633,2894,梆,bāng,476,99.5349331274,PANG,ホウ,h,ou,False,b,ang,1,幫江二開,平,1,唇音,全清,ㅂ,唇音,全清,唇音,全清
2634,2895,葵,kuí,476,99.5354786887,KYU,キ,k,i,True,k,ui,2,群脂三合,平,1,牙音,全清,ㄱ,牙音,全清,牙音,次清
2635,2896,蓓,bèi,476,99.5360242499,PAY,ハイ,h,ai,False,b,ei,4,並咍一開,上,2,唇音,全清,ㅂ,唇音,全清,唇音,全清
2636,2897,恬,tián,475,99.5376574951,NYEM,テン,t,en,False,t,ian,2,定添四開,平,1,舌音,全清,ㄴ,舌音,次濁,舌音,次清
2637,2898,睽,kuí,475,99.5398351555,KYU,キ,k,i,True,k,ui,2,溪齊四合,平,1,牙音,全清,ㄱ,牙音,全清,牙音,次清
2638,2899,汾,fén,473,99.5409205472,PWUN,フン,f,un,False,f,en,2,並文三合,平,1,唇音,全清,ㅂ,唇音,全清,唇音,次清
2639,2900,晏,yàn,473,99.54146267,AN,アン,,an,False,y,an,4,影寒一開,去,3,喉音,次濁,ㅇ,喉音,次濁,喉音,次濁
2640,2901,筏,fá,471,99.5436231383,PEL,バツ,b,atsu,True,f,a,2,並元三合,入,4,唇音,全濁,ㅂ,唇音,全清,唇音,次清
2641,2902,呷,xiá,471,99.5441629689,HAP,コウ,k,ou,False,x,ia,2,曉銜二開,入,4,牙音,全清,ㅎ,喉音,次清,歯音,次清
2642,2903,呷,xiā,471,99.5441629689,HAP,コウ,k,ou,False,x,ia,1,曉銜二開,入,4,牙音,全清,ㅎ,喉音,次清,歯音,次清
2643,2904,嗟,jiē,470,99.5447016533,CHA,サ,s,a,False,j,ie,1,精麻三開,平,1,歯音,全清,ㅊ,歯音,次清,歯音,全清
2644,2905,膺,yīng,470,99.5452403377,UNG,ヨウ,y,ou,False,y,ing,1,影蒸三開,平,1,喉音,次濁,ㅇ,喉音,次濁,喉音,次濁
2645,2906,遽,jù,469,99.5463154142,KE,キョ,k,yo,False,j,u,4,群魚三開,去,3,牙音,全清,ㄱ,牙音,全清,歯音,全清
2646,2907,湃,pài,468,99.5468518063,PAY,ハイ,h,ai,False,p,ai,4,滂皆二開,去,3,唇音,全清,ㅂ,唇音,全清,唇音,次清
2647,2908,椋,liáng,468,99.5473881984,LYANG,リョウ,r,you,False,l,iang,2,來陽三開,平,1,流音,次濁,ㄹ,流音,次濁,舌音,次濁
2648,2909,秸,jiē,467,99.5479234444,KAL,カツ,k,atsu,True,j,ie,1,見山二開,入,4,牙音,全清,ㄱ,牙音,全清,歯音,全清
2649,2910,惆,chóu,466,99.5495268901,CHWU,チュウ,c,huu,False,ch,ou,2,徹尤三開,平,1,舌音,全清,ㅊ,歯音,次清,歯音,次清
2650,2911,蹊,qī,466,99.55006099,HYEY,ケイ,k,ei,False,q,i,1,匣齊四開,平,1,牙音,全清,ㅎ,喉音,次清,歯音,次清
2651,2912,蟋,xī,465,99.5505939437,SIL,シツ,s,hitsu,True,x,i,1,心眞三開,入,4,歯音,全清,ㅅ,歯音,全清,歯音,次清
2652,2913,梓,zǐ,464,99.5511257513,CAY,シ,s,hi,False,z,i,3,精之三開,上,2,歯音,全清,ㅈ,歯音,全清,歯音,全清
2653,2914,唆,suō,463,99.5516564127,SA,サ,s,a,False,s,uo,1,心戈一合,平,1,歯音,全清,ㅅ,歯音,全清,歯音,次清
2654,2915,猖,chāng,460,99.5553595814,CHANG,ショウ,s,hou,False,ch,ang,1,昌陽三開,平,1,歯音,全清,ㅊ,歯音,次清,歯音,次清
2655,2916,羔,gāo,459,99.5564128813,KO,コウ,k,ou,False,g,ao,1,見豪一開,平,1,牙音,全清,ㄱ,牙音,全清,牙音,全清
2656,2917,苞,bāo,457,99.5579876736,PHO,ホウ,h,ou,False,b,ao,1,幫肴二開,平,1,唇音,全清,ㅍ,唇音,次清,唇音,全清
2657,2918,楷,kǎi,456,99.5585103121,HAY,カイ,k,ai,False,k,ai,3,見皆二開,平,1,牙音,全清,ㅎ,喉音,次清,牙音,次清
2658,2919,汰,tài,456,99.559555589,THAY,タ,t,a,False,t,ai,4,透泰一開,去,3,舌音,全清,ㅌ,舌音,次清,舌音,次清
2659,2920,掖,yē,456,99.5600782275,AYK,エキ,,eki,True,y,e,1,以清三開,入,4,喉音,次濁,ㅇ,喉音,次濁,喉音,次濁
2660,2921,佚,yì,456,99.560600866,CIL,イツ,,itsu,True,y,i,4,以眞三開,入,4,喉音,次濁,ㅈ,歯音,全清,喉音,次濁
2661,2922,佚,yì,456,99.560600866,IL,イツ,,itsu,True,y,i,4,以眞三開,入,4,喉音,次濁,ㅇ,喉音,次濁,喉音,次濁
2662,2923,楣,méi,456,99.5611235045,MI,ビ,b,i,False,m,ei,2,明脂三開,平,1,唇音,全濁,ㅁ,唇音,次濁,唇音,次濁
2663,2924,蜿,wān,456,99.561646143,WEN,エン,,en,False,w,an,1,影元三合,平,1,喉音,次濁,ㅇ,喉音,次濁,喉音,次濁
2664,2925,坂,bǎn,455,99.5621676353,PHAN,ハン,h,an,False,b,an,3,幫元三合,上,2,唇音,全清,ㅍ,唇音,次清,唇音,全清
2665,2927,嚅,rú,453,99.5637286739,YU,ジュ,j,u,False,r,u,2,日虞三合,平,1,歯音,全濁,ㅇ,喉音,次濁,歯音,次濁
2666,2928,蟀,shuài,452,99.5647659279,SOL,シュツ,s,hutsu,True,sh,uai,4,生諄三合,入,4,歯音,全清,ㅅ,歯音,全清,歯音,次清
2667,2929,筵,yán,450,99.5668312668,YEN,エン,,en,False,y,an,2,以仙三開,平,1,喉音,次濁,ㅇ,喉音,次濁,喉音,次濁
2668,2930,蝌,kē,449,99.5678604979,KWA,カ,k,a,False,k,e,1,溪戈一合,平,1,牙音,全清,ㄱ,牙音,全清,牙音,次清
2669,2931,猓,guǒ,448,99.5688874367,KWA,カ,k,a,False,g,uo,3,見戈一合,上,2,牙音,全清,ㄱ,牙音,全清,牙音,全清
2670,2932,洵,xún,448,99.569400906,SWUN,ジュン,j,un,False,x,un,2,心諄三合,平,1,歯音,全濁,ㅅ,歯音,全清,歯音,次清
2671,2933,洵,xún,448,99.569400906,HYEN,ジュン,j,un,False,x,un,2,心諄三合,平,1,歯音,全濁,ㅎ,喉音,次清,歯音,次清
2672,2934,稷,jì,448,99.5699143754,CIK,ショク,s,hoku,True,j,i,4,精蒸三開,入,4,歯音,全清,ㅈ,歯音,全清,歯音,全清
2673,2935,羹,gēng,446,99.5704255525,KAYNG,カン,k,an,False,g,eng,1,見庚二開,平,1,牙音,全清,ㄱ,牙音,全清,牙音,全清
2674,2936,惰,duò,445,99.5709355835,THA,ダ,d,a,False,d,uo,4,定戈一合,上,2,舌音,全濁,ㅌ,舌音,次清,舌音,全清
2675,2937,嗷,áo,445,99.5719556455,O,ゴウ,g,ou,False,,ao,2,疑豪一開,平,1,牙音,全濁,ㅇ,喉音,次濁,喉音,次濁
2676,2938,榨,zhà,443,99.5744989235,CA,サク,s,aku,True,zh,a,4,莊麻二開,去,3,歯音,全清,ㅈ,歯音,全清,歯音,全清
2677,2941,蝎,xiē,440,99.5790548182,KAL,カツ,k,atsu,True,x,ie,1,匣寒一開,入,4,牙音,全清,ㄱ,牙音,全清,歯音,次清
2678,2942,翌,yì,439,99.5800611265,IK,ヨク,y,oku,True,y,i,4,以蒸三開,入,4,喉音,次濁,ㅇ,喉音,次濁,喉音,次濁
2679,2943,溥,pǔ,438,99.5810651425,PAK,フ,f,u,False,p,u,3,滂模一開,上,2,唇音,全清,ㅂ,唇音,全清,唇音,次清
2680,2944,溥,pǔ,438,99.5810651425,PWU,フ,f,u,False,p,u,3,滂模一開,上,2,唇音,全清,ㅂ,唇音,全清,唇音,次清
2681,2945,潺,chán,438,99.5815671505,CAN,セン,s,en,False,ch,an,2,崇山二開,平,1,歯音,全清,ㅈ,歯音,全清,歯音,次清
2682,2946,汲,jí,437,99.5820680124,KUP,キュウ,k,yuu,False,j,i,2,見侵三開,入,4,牙音,全清,ㄱ,牙音,全清,歯音,全清
2683,2947,岐,qí,437,99.5825688743,KI,キ,k,i,True,q,i,2,群支三開,平,1,牙音,全清,ㄱ,牙音,全清,歯音,次清
2684,2948,俾,bì,436,99.58306859,PI,ヘイ,h,ei,False,b,i,4,幫支三開,上,2,唇音,全清,ㅂ,唇音,全清,唇音,全清
2685,2949,俾,bǐ,436,99.58306859,PI,ヘイ,h,ei,False,b,i,3,幫支三開,上,2,唇音,全清,ㅂ,唇音,全清,唇音,全清
2686,2950,啾,jiū,436,99.5835683057,CHWU,シュウ,s,huu,False,j,iu,1,精尤三開,平,1,歯音,全清,ㅊ,歯音,次清,歯音,全清
2687,2951,攫,jué,435,99.5850663068,HWAK,カク,k,aku,True,j,ue,2,見陽三合,入,4,牙音,全清,ㅎ,喉音,次清,歯音,全清
2688,2953,蕃,bō,435,99.586063446,PEN,バン,b,an,False,b,o,1,並元三合,平,1,唇音,全濁,ㅂ,唇音,全清,唇音,全清
2689,2954,蕃,fān,435,99.586063446,PEN,バン,b,an,False,f,an,1,並元三合,平,1,唇音,全濁,ㅂ,唇音,全清,唇音,次清
2690,2955,媛,yuàn,435,99.5865620156,WEN,エン,,en,False,y,uan,4,云元三合,平,1,喉音,次濁,ㅇ,喉音,次濁,喉音,次濁
2691,2956,撅,juē,434,99.5870594391,KWEY,ケツ,k,etsu,True,j,ue,1,見元三合,入,4,牙音,全清,ㄱ,牙音,全清,歯音,全清
2692,2957,笈,jí,434,99.5875568626,KUP,キュウ,k,yuu,False,j,i,2,群侵三開,入,4,牙音,全清,ㄱ,牙音,全清,歯音,全清
2693,2958,枷,jiā,431,99.5900348108,KA,カ,k,a,False,j,ia,1,群戈三開,平,1,牙音,全清,ㄱ,牙音,全清,歯音,全清
2694,2959,昵,nì,431,99.591516766,NIL,ジツ,j,itsu,True,n,i,4,娘眞三開,入,4,歯音,全濁,ㄴ,舌音,次濁,舌音,次濁
2695,2960,昵,nì,431,99.591516766,NYEY,ジツ,j,itsu,True,n,i,4,娘眞三開,入,4,歯音,全濁,ㄴ,舌音,次濁,舌音,次濁
2696,2961,梵,fàn,429,99.5929929905,PEM,ボン,b,on,False,f,an,4,並東三開,平,1,唇音,全濁,ㅂ,唇音,全清,唇音,次清
2697,2962,湍,tuān,428,99.5934835371,TAN,タン,t,an,False,t,uan,1,透桓一合,平,1,舌音,全清,ㄷ,舌音,全清,舌音,次清
2698,2963,寐,mèi,427,99.5939729376,MAY,ビ,b,i,False,m,ei,4,明脂三開,去,3,唇音,全濁,ㅁ,唇音,次濁,唇音,次濁
2699,2964,咂,zā,427,99.5949517386,CAP,ソウ,s,ou,False,z,a,1,精覃一開,入,4,歯音,全清,ㅈ,歯音,全清,歯音,全清
2700,2965,沌,dùn,427,99.5954411391,TON,トン,t,on,False,d,un,4,定魂一合,平,1,舌音,全清,ㄷ,舌音,全清,舌音,全清
2701,2966,扈,hù,426,99.5973953028,HO,コ,k,o,False,h,u,4,匣模一開,上,2,牙音,全清,ㅎ,喉音,次清,牙音,次清
2702,2967,徙,xǐ,425,99.597882411,SA,シ,s,hi,False,x,i,3,心支三開,上,2,歯音,全清,ㅅ,歯音,全清,歯音,次清
2703,2968,蛾,é,424,99.5983683731,A,ガ,g,a,False,,e,2,疑歌一開,平,1,牙音,全濁,ㅇ,喉音,次濁,喉音,次濁
2704,2969,桀,jié,424,99.5988543352,KEL,ケツ,k,etsu,True,j,ie,2,群仙三開,入,4,牙音,全清,ㄱ,牙音,全清,歯音,全清
2705,2970,胥,xū,423,99.6003087831,SE,ショ,s,ho,False,x,u,1,心魚三開,平,1,歯音,全清,ㅅ,歯音,全清,歯音,次清
2706,2971,孵,fū,422,99.6007924529,PWU,フ,f,u,False,f,u,1,滂虞三合,平,1,唇音,全清,ㅂ,唇音,全清,唇音,次清
2707,2972,渲,xuàn,422,99.6012761227,SEN,セン,s,en,False,x,uan,4,心仙三合,去,3,歯音,全清,ㅅ,歯音,全清,歯音,次清
2708,2974,痞,pǐ,421,99.6022423162,PI,ヒ,h,i,False,p,i,3,幫脂三開,上,2,唇音,全清,ㅂ,唇音,全清,唇音,次清
2709,2975,壑,hè,420,99.6032050713,HAK,ガク,g,aku,True,h,e,4,曉唐一開,入,4,牙音,全濁,ㅎ,喉音,次清,牙音,次清
2710,2976,亟,jí,419,99.6041655341,KI,キ,k,i,True,j,i,2,溪之三開,去,3,牙音,全清,ㄱ,牙音,全清,歯音,全清
2711,2977,亟,jí,419,99.6041655341,KUK,キ,k,i,True,j,i,2,溪之三開,去,3,牙音,全清,ㄱ,牙音,全清,歯音,全清
2712,2978,搪,táng,416,99.6060772907,TANG,トウ,t,ou,False,t,ang,2,定唐一開,平,1,舌音,全清,ㄷ,舌音,全清,舌音,次清
2713,2979,娓,wěi,416,99.6065540837,MI,ビ,b,i,False,w,ei,3,明微三合,上,2,唇音,全濁,ㅁ,唇音,次濁,喉音,次濁
2714,2980,聆,líng,415,99.6075053774,LYENG,レイ,r,ei,False,l,ing,2,來青四開,平,1,流音,次濁,ㄹ,流音,次濁,舌音,次濁
2715,2981,硫,liú,414,99.6079798781,LYU,リュウ,r,yuu,False,l,iu,2,來尤三開,平,1,流音,次濁,ㄹ,流音,次濁,舌音,次濁
2716,2982,遐,xiá,414,99.6084543789,HA,カ,k,a,False,x,ia,2,匣麻二開,平,1,牙音,全清,ㅎ,喉音,次清,歯音,次清
2717,2983,噤,jìn,413,99.6089277335,KUM,キン,k,in,False,j,in,4,群侵三開,上,2,牙音,全清,ㄱ,牙音,全清,歯音,全清
2718,2984,眈,dān,413,99.609401088,THAM,タン,t,an,False,d,an,1,定覃一開,平,1,舌音,全清,ㅌ,舌音,次清,舌音,全清
2719,2985,蝙,biān,413,99.6103477972,PHYEN,ヘン,h,en,False,b,ian,1,幫先四開,平,1,唇音,全清,ㅍ,唇音,次清,唇音,全清
2720,2986,酉,yǒu,412,99.6112922141,YU,ユウ,y,uu,False,y,ou,3,以尤三開,上,2,喉音,次濁,ㅇ,喉音,次濁,喉音,次濁
2721,2987,涸,hé,406,99.6159695993,HAK,コ,k,o,False,h,e,2,匣唐一開,入,4,牙音,全清,ㅎ,喉音,次清,牙音,次清
2722,2988,涸,hé,406,99.6159695993,HWU,コ,k,o,False,h,e,2,匣唐一開,入,4,牙音,全清,ㅎ,喉音,次清,牙音,次清
2723,2989,燎,liáo,406,99.6164349309,LYO,リョウ,r,you,False,l,iao,2,來宵三開,平,1,流音,次濁,ㄹ,流音,次濁,舌音,次濁
2724,2990,倌,guān,406,99.6169002626,KWAN,カン,k,an,False,g,uan,1,見桓一合,平,1,牙音,全清,ㄱ,牙音,全清,牙音,全清
2725,2991,扉,fēi,406,99.6173655942,PI,ヒ,h,i,False,f,ei,1,幫微三合,平,1,唇音,全清,ㅂ,唇音,全清,唇音,次清
2726,2992,琛,chēn,403,99.6196853755,CHIM,シン,s,hin,False,ch,en,1,徹侵三開,平,1,歯音,全清,ㅊ,歯音,次清,歯音,次清
2727,2994,蚣,gōng,403,99.620609162,KONG,コウ,k,ou,False,g,ong,1,見東一開,平,1,牙音,全清,ㄱ,牙音,全清,牙音,全清
2728,2997,瞰,kàn,400,99.6238240763,KAM,カン,k,an,False,k,an,4,溪談一開,去,3,牙音,全清,ㄱ,牙音,全清,牙音,次清
2729,2998,坷,kě,399,99.624281385,KA,カ,k,a,False,k,e,3,溪歌一開,上,2,牙音,全清,ㄱ,牙音,全清,牙音,次清
2730,2999,炬,jù,398,99.6247375475,KE,キョ,k,yo,False,j,u,4,群魚三開,上,2,牙音,全清,ㄱ,牙音,全清,歯音,全清
2731,3001,渭,wèi,397,99.626104889,WI,イ,,i,False,w,ei,4,云微三合,去,3,喉音,次濁,ㅇ,喉音,次濁,喉音,次濁
2732,3002,槌,chuí,397,99.6265599054,THOY,ツイ,ts,ui,False,ch,ui,2,澄脂三合,平,1,舌音,全清,ㅌ,舌音,次清,歯音,次清
2733,3003,槌,chuí,397,99.6265599054,CHWU,ツイ,ts,ui,False,ch,ui,2,澄脂三合,平,1,舌音,全清,ㅊ,歯音,次清,歯音,次清
2734,3004,渝,yú,396,99.6270137756,THWU,ユ,y,u,False,y,u,2,以虞三合,平,1,喉音,次濁,ㅌ,舌音,次清,喉音,次濁
2735,3005,寰,huán,396,99.6274676459,HWAN,カン,k,an,False,h,uan,2,匣刪二合,平,1,牙音,全清,ㅎ,喉音,次清,牙音,次清
2736,3006,橄,gǎn,396,99.6279215162,KAM,カン,k,an,False,g,an,3,見談一開,上,2,牙音,全清,ㄱ,牙音,全清,牙音,全清
2737,3007,畸,jī,395,99.6283742403,KI,キ,k,i,True,j,i,1,見支三開,平,1,牙音,全清,ㄱ,牙音,全清,歯音,全清
2738,3008,屹,yì,395,99.6288269644,HUL,キツ,k,itsu,True,y,i,4,疑欣三開,入,4,牙音,全清,ㅎ,喉音,次清,喉音,次濁
2739,3009,踵,zhǒng,394,99.6297312665,CONG,ショウ,s,hou,False,zh,ong,3,章鍾三開,上,2,歯音,全清,ㅈ,歯音,全清,歯音,全清
2740,3010,髻,jì,393,99.6301816984,KYEY,ケイ,k,ei,False,j,i,4,見齊四開,去,3,牙音,全清,ㄱ,牙音,全清,歯音,全清
2741,3011,胤,yìn,392,99.6306309841,YUN,イン,,in,False,y,in,4,以眞三開,去,3,喉音,次濁,ㅇ,喉音,次濁,喉音,次濁
2742,3013,耆,qí,388,99.6337553536,KI,キ,k,i,True,q,i,2,群脂三開,平,1,牙音,全清,ㄱ,牙音,全清,歯音,次清
2743,3014,耆,qí,388,99.6337553536,CHI,キ,k,i,True,q,i,2,群脂三開,平,1,牙音,全清,ㅊ,歯音,次清,歯音,次清
2744,3015,黠,xiá,388,99.6346447559,HIL,カツ,k,atsu,True,x,ia,2,匣山二開,入,4,牙音,全清,ㅎ,喉音,次清,歯音,次清
2745,3016,藕,ǒu,387,99.6350883109,WU,グ,g,u,False,,ou,3,疑侯一開,上,2,牙音,全濁,ㅇ,喉音,次濁,喉音,次濁
2746,3017,芮,ruì,387,99.635531866,YEY,ゼイ,z,ei,False,r,ui,4,日祭三合,去,3,歯音,全濁,ㅇ,喉音,次濁,歯音,次濁
2747,3018,崛,jué,386,99.6364178299,KWUL,クツ,k,utsu,True,j,ue,2,群文三合,入,4,牙音,全清,ㄱ,牙音,全清,歯音,全清
2748,3019,瑙,nǎo,385,99.6368590926,NO,ノウ,n,ou,False,n,ao,3,泥豪一開,上,2,舌音,次濁,ㄴ,舌音,次濁,舌音,次濁
2749,3020,瘤,liú,383,99.6372980631,LYU,リュウ,r,yuu,False,l,iu,2,來尤三開,平,1,流音,次濁,ㄹ,流音,次濁,舌音,次濁
2750,3021,蓿,xu,382,99.6390527989,SWUK,シュク,s,huku,True,x,u,5,心東三開,入,4,歯音,全清,ㅅ,歯音,全清,歯音,次清
2751,3022,熹,xī,382,99.6394906232,HUY,キ,k,i,True,x,i,1,曉之三開,平,1,牙音,全清,ㅎ,喉音,次清,歯音,次清
2752,3023,瞠,chēng,382,99.6399284476,TANG,ドウ,d,ou,False,ch,eng,1,徹庚二開,平,1,舌音,全濁,ㄷ,舌音,全清,歯音,次清
2753,3024,瞠,chēng,382,99.6399284476,CAYNG,ドウ,d,ou,False,ch,eng,1,徹庚二開,平,1,舌音,全濁,ㅈ,歯音,全清,歯音,次清
2754,3025,盹,dǔn,381,99.6412384822,SWUN,シュン,s,hun,False,d,un,3,章諄三合,去,3,歯音,全清,ㅅ,歯音,全清,舌音,全清
2755,3026,笙,shēng,381,99.6416751604,SAYNG,ショウ,s,hou,False,sh,eng,1,生庚二開,平,1,歯音,全清,ㅅ,歯音,全清,歯音,次清
2756,3027,邯,hán,380,99.6421106925,HAN,カン,k,an,False,h,an,2,匣寒一開,平,1,牙音,全清,ㅎ,喉音,次清,牙音,次清
2757,3028,邯,hán,380,99.6421106925,HAM,カン,k,an,False,h,an,2,匣寒一開,平,1,牙音,全清,ㅎ,喉音,次清,牙音,次清
2758,3029,靳,jìn,380,99.6425462245,KUN,キン,k,in,False,j,in,4,見欣三開,去,3,牙音,全清,ㄱ,牙音,全清,歯音,全清
2759,3030,纂,zuǎn,380,99.6434172887,CHAN,サン,s,an,False,z,uan,3,精桓一合,上,2,歯音,全清,ㅊ,歯音,次清,歯音,全清
2760,3032,萃,cuì,378,99.6451548324,CHWEY,スイ,s,ui,False,c,ui,4,從脂三合,去,3,歯音,全清,ㅊ,歯音,次清,歯音,次清
2761,3033,螂,láng,377,99.6455869261,LANG,ロウ,r,ou,False,l,ang,2,來陽三開,平,1,流音,次濁,ㄹ,流音,次濁,舌音,次濁
2762,3034,孺,rú,376,99.6460178736,YU,ジュ,j,u,False,r,u,2,日虞三合,去,3,歯音,全濁,ㅇ,喉音,次濁,歯音,次濁
2763,3035,恚,huì,375,99.6468786225,EY,イ,,i,False,h,ui,4,影支三合,去,3,喉音,次濁,ㅇ,喉音,次濁,牙音,次清
2764,3036,萱,xuān,374,99.647735933,HWEN,ケン,k,en,False,x,uan,1,曉元三合,平,1,牙音,全清,ㅎ,喉音,次清,歯音,次清
2765,3037,圭,guī,373,99.6490207526,KYU,ケイ,k,ei,False,g,ui,1,見齊四合,平,1,牙音,全清,ㄱ,牙音,全清,牙音,全清
2766,3038,仄,zè,373,99.6494482617,CHUK,ソク,s,oku,True,z,e,4,莊蒸三開,入,4,歯音,全清,ㅊ,歯音,次清,歯音,全清
2767,3039,砥,dǐ,371,99.6507262045,CI,シ,s,hi,False,d,i,3,章脂三開,平,1,歯音,全清,ㅈ,歯音,全清,舌音,全清
2768,3040,淙,cóng,370,99.6511502751,CONG,ソウ,s,ou,False,c,ong,2,從冬一開,平,1,歯音,全清,ㅈ,歯音,全清,歯音,次清
2769,3041,彤,tóng,369,99.6519972704,TONG,トウ,t,ou,False,t,ong,2,定冬一開,平,1,舌音,全清,ㄷ,舌音,全清,舌音,次清
2770,3042,葆,bǎo,369,99.652420195,PO,ホ,h,o,False,b,ao,3,幫豪一開,上,2,唇音,全清,ㅂ,唇音,全清,唇音,全清
2771,3043,抉,jué,368,99.653264898,KYEL,ケツ,k,etsu,True,j,ue,2,見先四合,入,4,牙音,全清,ㄱ,牙音,全清,歯音,全清
2772,3044,沅,yuán,368,99.6541084548,WEN,ゲン,g,en,False,y,uan,2,疑元三合,平,1,牙音,全濁,ㅇ,喉音,次濁,喉音,次濁
2773,3045,瞑,míng,368,99.6545302332,MYENG,メイ,m,ei,False,m,ing,2,明先四開,平,1,唇音,次濁,ㅁ,唇音,次濁,唇音,次濁
2774,3046,瞑,míng,368,99.6545302332,MYEN,メイ,m,ei,False,m,ing,2,明先四開,平,1,唇音,次濁,ㅁ,唇音,次濁,唇音,次濁
2775,3047,宓,mì,366,99.6549497194,POK,ヒツ,h,itsu,True,m,i,4,明眞三開,入,4,唇音,全清,ㅂ,唇音,全清,唇音,次濁
2776,3048,瀛,yíng,365,99.6553680594,YENG,エイ,,ei,False,y,ing,2,以清三開,平,1,喉音,次濁,ㅇ,喉音,次濁,喉音,次濁
2777,3049,簪,zān,364,99.6570368349,CAM,シン,s,hin,False,z,an,1,莊侵三開,平,1,歯音,全清,ㅈ,歯音,全清,歯音,全清
2778,3051,拄,zhǔ,363,99.6578689304,CWU,チュ,c,hu,False,zh,u,3,知虞三合,上,2,舌音,全清,ㅈ,歯音,全清,歯音,全清
2779,3052,咻,xiū,363,99.6582849781,HYU,キュウ,k,yuu,False,x,iu,1,曉尤三開,平,1,牙音,全清,ㅎ,喉音,次清,歯音,次清
2780,3053,痊,quán,360,99.6595273906,CEN,セン,s,en,False,q,uan,2,清仙三合,平,1,歯音,全清,ㅈ,歯音,全清,歯音,次清
2781,3054,樟,zhāng,360,99.65994,CANG,ショウ,s,hou,False,zh,ang,1,章陽三開,平,1,歯音,全清,ㅈ,歯音,全清,歯音,全清
2782,3055,莓,méi,360,99.6603526093,MAY,バイ,b,ai,False,m,ei,2,明灰一合,平,1,唇音,全濁,ㅁ,唇音,次濁,唇音,次濁
2783,3056,薰,xūn,360,99.6607652186,HWUN,クン,k,un,False,x,un,1,曉文三合,平,1,牙音,全清,ㅎ,喉音,次清,歯音,次清
2784,3057,傀,kuǐ,359,99.661588145,KOY,カイ,k,ai,False,k,ui,3,見灰一合,平,1,牙音,全清,ㄱ,牙音,全清,牙音,次清
2785,3060,甬,yǒng,357,99.6636420225,YONG,ヨウ,y,ou,False,y,ong,3,以鍾三開,上,2,喉音,次濁,ㅇ,喉音,次濁,喉音,次濁
2786,3061,嚏,tì,356,99.6640500473,CHEY,テイ,t,ei,False,t,i,4,端齊四開,去,3,舌音,全清,ㅊ,歯音,次清,舌音,次清
2787,3062,恣,zì,355,99.6652718294,CA,シ,s,hi,False,z,i,4,精脂三開,去,3,歯音,全清,ㅈ,歯音,全清,歯音,全清
2788,3063,隼,sǔn,355,99.665678708,CWUN,ジュン,j,un,False,s,un,3,心諄三合,上,2,歯音,全濁,ㅈ,歯音,全清,歯音,次清
2789,3064,汩,gǔ,354,99.6660844405,YUL,イツ,,itsu,True,g,u,3,見魂一合,入,4,喉音,次濁,ㅇ,喉音,次濁,牙音,全清
2790,3065,橇,qiāo,353,99.6664890269,CHWI,キョウ,k,you,False,q,iao,1,溪宵三開,平,1,牙音,全清,ㅊ,歯音,次清,歯音,次清
2791,3067,篡,cuàn,352,99.6672970535,CHAN,サン,s,an,False,c,uan,4,初刪二合,去,3,歯音,全清,ㅊ,歯音,次清,歯音,次清
2792,3068,戍,shù,351,99.6676993476,SWU,ジュ,j,u,False,sh,u,4,書虞三合,去,3,歯音,全濁,ㅅ,歯音,全清,歯音,次清
2793,3069,淖,nào,350,99.6681004955,NYO,シャク,s,haku,True,n,ao,4,娘肴二開,去,3,歯音,全清,ㄴ,舌音,次濁,舌音,次濁
2794,3070,萼,è,350,99.6685016435,AK,ガク,g,aku,True,,e,4,疑唐一開,入,4,牙音,全濁,ㅇ,喉音,次濁,喉音,次濁
2795,3071,敕,chì,350,99.6689027915,CHIK,チョク,c,hoku,True,ch,i,4,徹蒸三開,入,4,舌音,全清,ㅊ,歯音,次清,歯音,次清
2796,3072,蠡,lí,350,99.6693039394,LYE,レイ,r,ei,False,l,i,2,來支三開,平,1,流音,次濁,ㄹ,流音,次濁,舌音,次濁
2797,3073,翡,fěi,350,99.6697050874,PI,ヒ,h,i,False,f,ei,3,並微三合,去,3,唇音,全清,ㅂ,唇音,全清,唇音,次清
2798,3074,迥,jiǒng,349,99.6701050892,HYENG,ケイ,k,ei,False,j,iong,3,匣青四合,上,2,牙音,全清,ㅎ,喉音,次清,歯音,全清
2799,3075,翟,dí,346,99.6705016526,CEK,ジャク,j,aku,True,d,i,2,澄庚二開,入,4,歯音,全濁,ㅈ,歯音,全清,舌音,全清
2800,3076,翟,dí,346,99.6705016526,CHAYK,ジャク,j,aku,True,d,i,2,澄庚二開,入,4,歯音,全濁,ㅊ,歯音,次清,舌音,全清
2801,3077,糜,mí,346,99.670898216,MI,ビ,b,i,False,m,i,2,明支三開,平,1,唇音,全濁,ㅁ,唇音,次濁,唇音,次濁
2802,3078,豺,chái,344,99.6716879044,SI,サイ,s,ai,False,ch,ai,2,崇皆二開,平,1,歯音,全清,ㅅ,歯音,全清,歯音,次清
2803,3079,怏,yàng,344,99.6724764467,ANG,オウ,,ou,False,y,ang,4,影陽三開,上,2,喉音,次濁,ㅇ,喉音,次濁,喉音,次濁
2804,3080,涓,juān,343,99.6748363428,YEN,ケン,k,en,False,j,uan,1,見先四合,平,1,牙音,全清,ㅇ,喉音,次濁,歯音,全清
2805,3081,臆,yì,342,99.6756214467,EK,オク,,oku,True,y,i,4,影蒸三開,入,4,喉音,次濁,ㅇ,喉音,次濁,喉音,次濁
2806,3082,徨,huáng,342,99.6760134255,HWANG,コウ,k,ou,False,h,uang,2,匣唐一合,平,1,牙音,全清,ㅎ,喉音,次清,牙音,次清
2807,3083,阪,bǎn,341,99.676795091,PHAN,ハン,h,an,False,b,an,3,幫元三合,上,2,唇音,全清,ㅍ,唇音,次清,唇音,全清
2808,3084,捍,hàn,340,99.6771847776,HAN,カン,k,an,False,h,an,4,匣刪二開,上,2,牙音,全清,ㅎ,喉音,次清,牙音,次清
2809,3085,羲,xī,340,99.6779641507,HUY,ギ,g,i,False,x,i,1,曉支三開,平,1,牙音,全濁,ㅎ,喉音,次清,歯音,次清
2810,3089,踝,huái,338,99.6799022684,KWA,カ,k,a,False,h,uai,2,匣麻二合,上,2,牙音,全清,ㄱ,牙音,全清,牙音,次清
2811,3090,儡,lěi,336,99.6810598668,LOY,ライ,r,ai,False,l,ei,3,來灰一合,平,1,流音,次濁,ㄹ,流音,次濁,舌音,次濁
2812,3091,狙,jū,335,99.6814438227,CE,ソ,s,o,False,j,u,1,清魚三開,平,1,歯音,全清,ㅈ,歯音,全清,歯音,全清
2813,3092,狙,jū,335,99.6814438227,CHE,ソ,s,o,False,j,u,1,清魚三開,平,1,歯音,全清,ㅊ,歯音,次清,歯音,全清
2814,3093,杳,yǎo,335,99.6818277786,YO,ヨウ,y,ou,False,y,ao,3,影蕭四開,上,2,喉音,次濁,ㅇ,喉音,次濁,喉音,次濁
2815,3094,杳,yǎo,335,99.6818277786,MYO,ヨウ,y,ou,False,y,ao,3,影蕭四開,上,2,喉音,次濁,ㅁ,唇音,次濁,喉音,次濁
2816,3095,盂,yú,334,99.6825945443,WU,ウ,,u,False,y,u,2,云虞三合,平,1,喉音,次濁,ㅇ,喉音,次濁,喉音,次濁
2817,3096,邃,suì,332,99.6833555793,SWU,スイ,s,ui,False,s,ui,4,心脂三合,去,3,歯音,全清,ㅅ,歯音,全清,歯音,次清
2818,3097,曦,xī,332,99.6837360968,HUY,ギ,g,i,False,x,i,1,曉支三開,平,1,牙音,全濁,ㅎ,喉音,次清,歯音,次清
2819,3098,黏,nián,332,99.6841166143,CEM,ネン,n,en,False,n,ian,2,娘鹽三開,平,1,舌音,次濁,ㅈ,歯音,全清,舌音,次濁
2820,3099,煦,xù,331,99.6848765031,HWU,ク,k,u,True,x,u,4,曉虞三合,上,2,牙音,全清,ㅎ,喉音,次清,歯音,次清
2821,3100,芥,jiè,330,99.6852547283,KAY,カイ,k,ai,False,j,ie,4,見皆二開,去,3,牙音,全清,ㄱ,牙音,全清,歯音,全清
2822,3102,昊,hào,330,99.6871458544,HO,コウ,k,ou,False,h,ao,4,匣豪一開,上,2,牙音,全清,ㅎ,喉音,次清,牙音,次清
2823,3103,俸,fèng,329,99.6882782378,PONG,ホウ,h,ou,False,f,eng,4,幫東一開,上,2,唇音,全清,ㅂ,唇音,全清,唇音,次清
2824,3104,壬,rén,328,99.6886541707,IM,ジン,j,in,False,r,en,2,日侵三開,平,1,歯音,全濁,ㅇ,喉音,次濁,歯音,次濁
2825,3105,偃,yǎn,328,99.6890301037,EN,エン,,en,False,y,an,3,影元三開,上,2,喉音,次濁,ㅇ,喉音,次濁,喉音,次濁
2826,3107,熠,yì,328,99.6897819696,SUP,ユウ,y,uu,False,y,i,4,云侵三開,入,4,喉音,次濁,ㅅ,歯音,全清,喉音,次濁
2827,3108,卯,mǎo,327,99.6901567564,MYO,ボウ,b,ou,False,m,ao,3,明肴二開,上,2,唇音,全濁,ㅁ,唇音,次濁,唇音,次濁
2828,3109,磋,cuō,326,99.690530397,CHA,サ,s,a,False,c,uo,1,清歌一開,平,1,歯音,全清,ㅊ,歯音,次清,歯音,次清
2829,3110,庖,páo,326,99.6909040377,PHO,ホウ,h,ou,False,p,ao,2,並肴二開,平,1,唇音,全清,ㅍ,唇音,次清,唇音,次清
2830,3111,咫,zhǐ,326,99.6912776784,CI,シ,s,hi,False,zh,i,3,章支三開,上,2,歯音,全清,ㅈ,歯音,全清,歯音,全清
2831,3112,澹,dàn,325,99.6920226674,TAM,タン,t,an,False,d,an,4,定談一開,平,1,舌音,全清,ㄷ,舌音,全清,舌音,全清
2832,3113,臊,sāo,325,99.692395162,CO,ソウ,s,ou,False,s,ao,1,心豪一開,平,1,歯音,全清,ㅈ,歯音,全清,歯音,次清
2833,3114,黔,qián,324,99.6931390049,KEM,ケン,k,en,False,q,ian,2,群侵三開,平,1,牙音,全清,ㄱ,牙音,全清,歯音,次清
2834,3115,黔,qián,324,99.6931390049,KUM,ケン,k,en,False,q,ian,2,群侵三開,平,1,牙音,全清,ㄱ,牙音,全清,歯音,次清
2835,3116,睨,nì,322,99.6946198139,YEY,ゲイ,g,ei,False,n,i,4,疑齊四開,去,3,牙音,全濁,ㅇ,喉音,次濁,舌音,次濁
2836,3117,淀,diàn,321,99.6949877239,CENG,テン,t,en,False,d,ian,4,定先四開,去,3,舌音,全清,ㅈ,歯音,全清,舌音,全清
2837,3118,喟,kuì,321,99.6957235439,WI,キ,k,i,True,k,ui,4,溪脂三合,去,3,牙音,全清,ㅇ,喉音,次濁,牙音,次清
2838,3119,喟,kuì,321,99.6957235439,KOY,キ,k,i,True,k,ui,4,溪脂三合,去,3,牙音,全清,ㄱ,牙音,全清,牙音,次清
2839,3120,蹩,bié,321,99.6960914538,PYEL,ベツ,b,etsu,True,b,ie,2,並先四開,入,4,唇音,全濁,ㅂ,唇音,全清,唇音,全清
2840,3121,夔,kuí,320,99.6968249815,KI,キ,k,i,True,k,ui,2,群脂三合,平,1,牙音,全清,ㄱ,牙音,全清,牙音,次清
2841,3122,噫,yī,320,99.6971917454,HUY,アイ,,ai,False,y,i,1,影之三開,平,1,喉音,次濁,ㅎ,喉音,次清,喉音,次濁
2842,3123,噫,yī,320,99.6971917454,AY,アイ,,ai,False,y,i,1,影之三開,平,1,喉音,次濁,ㅇ,喉音,次濁,喉音,次濁
2843,3124,淇,qí,319,99.6979229808,KI,キ,k,i,True,q,i,2,群之三開,平,1,牙音,全清,ㄱ,牙音,全清,歯音,次清
2844,3125,戊,wù,318,99.698651924,MWU,ボ,b,o,False,w,u,4,明侯一開,去,3,唇音,全濁,ㅁ,唇音,次濁,喉音,次濁
2845,3126,蜻,qīng,318,99.6993808671,CHENG,セイ,s,ei,False,q,ing,1,精清三開,平,1,歯音,全清,ㅊ,歯音,次清,歯音,次清
2846,3127,戌,xū,317,99.6997441925,SWUL,ジュツ,j,utsu,True,x,u,1,心諄三合,入,4,歯音,全濁,ㅅ,歯音,全清,歯音,次清
2847,3128,淞,sōng,317,99.7004708434,SONG,ショウ,s,hou,False,s,ong,1,邪鍾三開,平,1,歯音,全清,ㅅ,歯音,全清,歯音,次清
2848,3130,椰,yē,315,99.701555089,YA,ヤ,y,a,False,y,e,1,以麻三開,平,1,喉音,次濁,ㅇ,喉音,次濁,喉音,次濁
2849,3131,甄,zhēn,315,99.7019161222,CIN,ケン,k,en,False,zh,en,1,章眞三開,平,1,牙音,全清,ㅈ,歯音,全清,歯音,全清
2850,3132,甄,zhēn,315,99.7019161222,KYEN,ケン,k,en,False,zh,en,1,章眞三開,平,1,牙音,全清,ㄱ,牙音,全清,歯音,全清
2851,3133,淤,yū,314,99.7029969294,E,オ,,o,False,y,u,1,影魚三開,平,1,喉音,次濁,ㅇ,喉音,次濁,喉音,次濁
2852,3134,罔,wǎng,314,99.7033568164,MANG,ボウ,b,ou,False,w,ang,3,明陽三合,上,2,唇音,全濁,ㅁ,唇音,次濁,喉音,次濁
2853,3135,溟,míng,312,99.7058668565,MYENG,メイ,m,ei,False,m,ing,2,明青四開,平,1,唇音,次濁,ㅁ,唇音,次濁,唇音,次濁
2854,3136,棣,dì,312,99.7062244512,CHEY,テイ,t,ei,False,d,i,4,定齊四開,去,3,舌音,全清,ㅊ,歯音,次清,舌音,全清
2855,3137,皎,jiǎo,312,99.706582046,KYO,キョウ,k,you,False,j,iao,3,見蕭四開,上,2,牙音,全清,ㄱ,牙音,全清,歯音,全清
2856,3138,蹂,róu,312,99.7069396407,YU,ジュウ,j,uu,False,r,ou,2,日尤三開,平,1,歯音,全濁,ㅇ,喉音,次濁,歯音,次濁
2857,3139,瘢,bān,311,99.7083665813,PAN,ハン,h,an,False,b,an,1,並桓一合,平,1,唇音,全清,ㅂ,唇音,全清,唇音,全清
2858,3140,龢,hé,311,99.7087230299,HWA,カ,k,a,False,h,e,2,匣戈一合,平,1,牙音,全清,ㅎ,喉音,次清,牙音,次清
2859,3141,摺,zhé,310,99.7097889374,CEP,ショウ,s,hou,False,zh,e,2,來覃一開,入,4,歯音,全清,ㅈ,歯音,全清,歯音,全清
2860,3142,浣,huàn,310,99.7101442399,WAN,カン,k,an,False,h,uan,4,匣桓一合,上,2,牙音,全清,ㅇ,喉音,次濁,牙音,次清
2861,3143,粼,lín,310,99.7108548448,LIN,リン,r,in,False,l,in,2,來眞三開,平,1,流音,次濁,ㄹ,流音,次濁,舌音,次濁
2862,3144,浜,bāng,309,99.7112090011,PIN,ヒン,h,in,False,b,ang,1,幫耕二開,平,1,唇音,全清,ㅂ,唇音,全清,唇音,全清
2863,3145,唏,xī,308,99.7115620113,HUY,キ,k,i,True,x,i,1,曉微三開,上,2,牙音,全清,ㅎ,喉音,次清,歯音,次清
2864,3146,洌,liè,308,99.7119150216,LYEL,レツ,r,etsu,True,l,ie,4,來祭三開,去,3,流音,次濁,ㄹ,流音,次濁,舌音,次濁
2865,3147,晁,cháo,308,99.7122680318,CO,チョウ,c,hou,False,ch,ao,2,澄宵三開,平,1,舌音,全清,ㅈ,歯音,全清,歯音,次清
2866,3148,蜃,shèn,308,99.712621042,SIN,シン,s,hin,False,sh,en,4,常眞三開,上,2,歯音,全清,ㅅ,歯音,全清,歯音,次清
2867,3149,坳,ào,306,99.7136743419,YO,オウ,,ou,False,,ao,4,影肴二開,平,1,喉音,次濁,ㅇ,喉音,次濁,喉音,次濁
2868,3150,蚯,qiū,306,99.7140250598,KWU,キュウ,k,yuu,False,q,iu,1,溪尤三開,平,1,牙音,全清,ㄱ,牙音,全清,歯音,次清
2869,3152,箕,jī,305,99.7150737752,KI,キ,k,i,True,j,i,1,見之三開,平,1,牙音,全清,ㄱ,牙音,全清,歯音,全清
2870,3153,痢,lì,305,99.715423347,LI,リ,r,i,False,l,i,4,來脂三開,去,3,流音,次濁,ㄹ,流音,次濁,舌音,次濁
2871,3154,瑕,xiá,304,99.7161201983,HA,カ,k,a,False,x,ia,2,匣麻二開,平,1,牙音,全清,ㅎ,喉音,次清,歯音,次清
2872,3155,旌,jīng,304,99.7168170496,CENG,セイ,s,ei,False,j,ing,1,精清三開,平,1,歯音,全清,ㅈ,歯音,全清,歯音,全清
2873,3156,恫,dòng,303,99.7171643291,THONG,トウ,t,ou,False,d,ong,4,透東一開,平,1,舌音,全清,ㅌ,舌音,次清,舌音,全清
2874,3157,抨,pēng,303,99.7175116086,PHYENG,ホウ,h,ou,False,p,eng,1,滂耕二開,平,1,唇音,全清,ㅍ,唇音,次清,唇音,次清
2875,3158,夙,sù,303,99.7178588881,SWUK,シュク,s,huku,True,s,u,4,心東三開,入,4,歯音,全清,ㅅ,歯音,全清,歯音,次清
2876,3159,潼,tóng,303,99.7182061677,TONG,ドウ,d,ou,False,t,ong,2,定東一開,平,1,舌音,全濁,ㄷ,舌音,全清,舌音,次清
2877,3160,蚤,zǎo,302,99.718552301,CO,ソウ,s,ou,False,z,ao,3,精豪一開,上,2,歯音,全清,ㅈ,歯音,全清,歯音,全清
2878,3161,岱,dài,301,99.7192422755,TAY,タイ,t,ai,False,d,ai,4,定咍一開,去,3,舌音,全清,ㄷ,舌音,全清,舌音,全清
2879,3162,歆,xīn,301,99.7195872628,HUM,キン,k,in,False,x,in,1,曉侵三開,平,1,牙音,全清,ㅎ,喉音,次清,歯音,次清
2880,3163,醯,xī,301,99.71993225,HYEY,ケイ,k,ei,False,x,i,1,曉齊四開,平,1,牙音,全清,ㅎ,喉音,次清,歯音,次清
2881,3164,漳,zhāng,300,99.7202760911,CANG,ショウ,s,hou,False,zh,ang,1,章陽三開,平,1,歯音,全清,ㅈ,歯音,全清,歯音,全清
2882,3165,耄,mào,300,99.7209637733,MO,ボウ,b,ou,False,m,ao,4,明豪一開,去,3,唇音,全濁,ㅁ,唇音,次濁,唇音,次濁
2883,3166,啕,táo,299,99.7219930044,TO,トウ,t,ou,False,t,ao,2,定豪一開,平,1,舌音,全清,ㄷ,舌音,全清,舌音,次清
2884,3167,彗,huì,299,99.7226783943,SEY,スイ,s,ui,False,h,ui,4,邪脂三合,去,3,歯音,全清,ㅅ,歯音,全清,牙音,次清
2885,3168,彗,huì,299,99.7226783943,HYEY,スイ,s,ui,False,h,ui,4,邪脂三合,去,3,歯音,全清,ㅎ,喉音,次清,牙音,次清
2886,3169,戾,lì,299,99.7230210893,LYE,レイ,r,ei,False,l,i,4,來齊四開,去,3,流音,次濁,ㄹ,流音,次濁,舌音,次濁
2887,3170,戾,lì,299,99.7230210893,LYEL,レイ,r,ei,False,l,i,4,來齊四開,去,3,流音,次濁,ㄹ,流音,次濁,舌音,次濁
2888,3171,毗,pí,298,99.7233626381,PI,ヒ,h,i,False,p,i,2,並脂三開,平,1,唇音,全清,ㅂ,唇音,全清,唇音,次清
2889,3172,冽,liè,298,99.7240457358,LYEL,レツ,r,etsu,True,l,ie,4,來仙三開,入,4,流音,次濁,ㄹ,流音,次濁,舌音,次濁
2890,3173,瘁,cuì,296,99.7254084927,CHWI,スイ,s,ui,False,c,ui,4,從脂三合,去,3,歯音,全清,ㅊ,歯音,次清,歯音,次清
2891,3174,蛆,qū,296,99.7257477492,CE,ソ,s,o,False,q,u,1,清魚三開,平,1,歯音,全清,ㅈ,歯音,全清,歯音,次清
2892,3175,匍,pú,296,99.7260870058,PHO,ホ,h,o,False,p,u,2,並模一開,平,1,唇音,全清,ㅍ,唇音,次清,唇音,次清
2893,3176,蚓,yǐn,296,99.7271047755,IN,イン,,in,False,y,in,3,以眞三開,上,2,喉音,次濁,ㅇ,喉音,次濁,喉音,次濁
2894,3177,叵,pǒ,294,99.7287930353,PHA,ハ,h,a,False,p,o,3,滂戈一合,上,2,唇音,全清,ㅍ,唇音,次清,唇音,次清
2895,3179,窠,kē,294,99.7298039282,KWA,カ,k,a,False,k,e,1,溪戈一合,平,1,牙音,全清,ㄱ,牙音,全清,牙音,次清
2896,3180,舐,shì,293,99.7301397463,CI,シ,s,hi,False,sh,i,4,船支三開,上,2,歯音,全清,ㅈ,歯音,全清,歯音,次清
2897,3181,羚,líng,292,99.7304744183,LYENG,レイ,r,ei,False,l,ing,2,來青四開,平,1,流音,次濁,ㄹ,流音,次濁,舌音,次濁
2898,3182,蛭,zhì,290,99.7318050834,CIL,シツ,s,hitsu,True,zh,i,4,章眞三開,入,4,歯音,全清,ㅈ,歯音,全清,歯音,全清
2899,3183,泌,mì,289,99.7327999303,PHIL,ヒツ,h,itsu,True,m,i,4,幫脂三開,去,3,唇音,全清,ㅍ,唇音,次清,唇音,次濁
2900,3184,泌,mì,289,99.7327999303,PI,ヒツ,h,itsu,True,m,i,4,幫脂三開,去,3,唇音,全清,ㅂ,唇音,全清,唇音,次濁
2901,3185,掬,jū,289,99.7331311639,KWUK,キク,k,iku,True,j,u,1,見東三開,入,4,牙音,全清,ㄱ,牙音,全清,歯音,全清
2902,3186,啻,chì,287,99.7334601053,SI,シ,s,hi,False,ch,i,4,書支三開,去,3,歯音,全清,ㅅ,歯音,全清,歯音,次清
2903,3187,榘,jǔ,287,99.7337890466,KWU,ク,k,u,True,j,u,3,見虞三合,上,2,牙音,全清,ㄱ,牙音,全清,歯音,全清
2904,3188,曝,pù,286,99.7344457831,PHO,バク,b,aku,True,p,u,4,並豪一開,去,3,唇音,全濁,ㅍ,唇音,次清,唇音,次清
2905,3189,曝,pù,286,99.7344457831,PHOK,バク,b,aku,True,p,u,4,並豪一開,去,3,唇音,全濁,ㅍ,唇音,次清,唇音,次清
2906,3190,楔,xiē,286,99.7347735783,SEL,セツ,s,etsu,True,x,ie,1,見山二開,入,4,歯音,全清,ㅅ,歯音,全清,歯音,次清
2907,3191,杞,qǐ,286,99.7354291687,KI,キ,k,i,True,q,i,3,溪之三開,上,2,牙音,全清,ㄱ,牙音,全清,歯音,次清
2908,3192,踹,chuài,286,99.736084759,TAN,セン,s,en,False,ch,uai,4,常仙三合,上,2,歯音,全清,ㄷ,舌音,全清,歯音,次清
2909,3193,孀,shuāng,285,99.7364114081,SANG,ソウ,s,ou,False,sh,uang,1,生陽三開,平,1,歯音,全清,ㅅ,歯音,全清,歯音,次清
2910,3194,潞,lù,284,99.737389063,LO,ロ,r,o,False,l,u,4,來模一開,去,3,流音,次濁,ㄹ,流音,次濁,舌音,次濁
2911,3195,嬴,yíng,284,99.7377145659,YENG,エイ,,ei,False,y,ing,2,以清三開,平,1,喉音,次濁,ㅇ,喉音,次濁,喉音,次濁
2912,3196,蚌,bàng,283,99.7380389227,PANG,ボウ,b,ou,False,b,ang,4,並江二開,上,2,唇音,全濁,ㅂ,唇音,全清,唇音,全清
2913,3197,蓑,suō,283,99.7386876362,SA,サ,s,a,False,s,uo,1,心灰一合,平,1,歯音,全清,ㅅ,歯音,全清,歯音,次清
2914,3198,滂,pāng,283,99.7396607065,PANG,ホウ,h,ou,False,p,ang,1,滂唐一開,平,1,唇音,全清,ㅂ,唇音,全清,唇音,次清
2915,3199,糠,kāng,282,99.7403071278,KANG,コウ,k,ou,False,k,ang,1,溪唐一開,平,1,牙音,全清,ㄱ,牙音,全清,牙音,次清
2916,3200,翱,áo,281,99.740952403,KO,コウ,k,ou,False,,ao,2,疑豪一開,平,1,牙音,全清,ㄱ,牙音,全清,喉音,次濁
2917,3203,嘁,qī,280,99.7422372226,CHUK,ソウ,s,ou,False,q,i,1,精覃一開,入,4,歯音,全清,ㅊ,歯音,次清,歯音,次清
2918,3204,饕,tāo,280,99.7431999777,TO,トウ,t,ou,False,t,ao,1,透豪一開,平,1,舌音,全清,ㄷ,舌音,全清,舌音,次清
2919,3205,徵,zhǐ,280,99.743520896,CING,チョウ,c,hou,False,zh,i,3,知蒸三開,平,1,舌音,全清,ㅈ,歯音,全清,歯音,全清
2920,3206,徵,zhēng,280,99.743520896,CHI,チョウ,c,hou,False,zh,eng,1,知蒸三開,平,1,舌音,全清,ㅊ,歯音,次清,歯音,全清
2921,3207,徵,zhēng,280,99.743520896,CING,チョウ,c,hou,False,zh,eng,1,知蒸三開,平,1,舌音,全清,ㅈ,歯音,全清,歯音,全清
2922,3208,徵,zhǐ,280,99.743520896,CHI,チョウ,c,hou,False,zh,i,3,知蒸三開,平,1,舌音,全清,ㅊ,歯音,次清,歯音,全清
2923,3211,俚,lǐ,279,99.7444802127,LI,リ,r,i,False,l,i,3,來之三開,上,2,流音,次濁,ㄹ,流音,次濁,舌音,次濁
2924,3212,峋,xún,279,99.7447999849,SWUN,シュン,s,hun,False,x,un,2,心諄三合,平,1,歯音,全清,ㅅ,歯音,全清,歯音,次清
2925,3213,汴,biàn,279,99.7451197572,PHA,ベン,b,en,False,b,ian,4,並仙三開,去,3,唇音,全濁,ㅍ,唇音,次清,唇音,全清
2926,3214,沱,tuó,278,99.7454383833,THA,ダ,d,a,False,t,uo,2,定歌一開,平,1,舌音,全濁,ㅌ,舌音,次清,舌音,次清
2927,3215,疵,cī,277,99.7457558632,CA,シ,s,hi,False,c,i,1,從支三開,平,1,歯音,全清,ㅈ,歯音,全清,歯音,次清
2928,3216,霾,mái,277,99.7460733432,MAY,バイ,b,ai,False,m,ai,2,明皆二開,平,1,唇音,全濁,ㅁ,唇音,次濁,唇音,次濁
2929,3217,鋈,wù,277,99.7463908231,OK,オク,,oku,True,w,u,4,影冬一開,入,4,喉音,次濁,ㅇ,喉音,次濁,喉音,次濁
2930,3218,猥,wěi,276,99.7467071569,OY,ワイ,w,ai,False,w,ei,3,影灰一合,上,2,喉音,次濁,ㅇ,喉音,次濁,喉音,次濁
2931,3219,濮,pú,275,99.7479701999,POK,ボク,b,oku,True,p,u,2,幫東一開,入,4,唇音,全濁,ㅂ,唇音,全清,唇音,次清
2932,3220,骼,gé,275,99.7482853876,KYEK,カク,k,aku,True,g,e,2,見庚二開,入,4,牙音,全清,ㄱ,牙音,全清,牙音,全清
2933,3221,匐,fú,274,99.7489134707,POK,フク,f,uku,True,f,u,2,並東三開,入,4,唇音,全清,ㅂ,唇音,全清,唇音,次清
2934,3222,狒,fèi,274,99.7492275122,PI,ヒ,h,i,False,f,ei,4,並微三合,去,3,唇音,全清,ㅂ,唇音,全清,唇音,次清
2935,3225,篝,gōu,272,99.7504768016,KWU,コウ,k,ou,False,g,ou,1,見侯一開,平,1,牙音,全清,ㄱ,牙音,全清,牙音,全清
2936,3226,烽,fēng,271,99.751099154,PONG,ホウ,h,ou,False,f,eng,1,滂鍾三開,平,1,唇音,全清,ㅂ,唇音,全清,唇音,次清
2937,3227,藐,miǎo,271,99.7514097571,MYO,バク,b,aku,True,m,iao,3,明宵三開,上,2,唇音,全濁,ㅁ,唇音,次濁,唇音,次濁
2938,3228,佼,jiǎo,271,99.7517203603,KYO,コウ,k,ou,False,j,iao,3,見肴二開,平,1,牙音,全清,ㄱ,牙音,全清,歯音,全清
2939,3229,臼,jiù,269,99.7520286711,KWU,キュウ,k,yuu,False,j,iu,4,群尤三開,上,2,牙音,全清,ㄱ,牙音,全清,歯音,全清
2940,3230,隍,huáng,269,99.752336982,HWANG,コウ,k,ou,False,h,uang,2,匣唐一合,平,1,牙音,全清,ㅎ,喉音,次清,牙音,次清
2941,3231,璜,huáng,269,99.7526452928,HWANG,オウ,,ou,False,h,uang,2,匣唐一合,平,1,喉音,次濁,ㅎ,喉音,次清,牙音,次清
2942,3232,睢,suī,269,99.7529536037,SWU,キ,k,i,True,s,ui,1,曉支三合,平,1,牙音,全清,ㅅ,歯音,全清,歯音,次清
2943,3233,舫,fǎng,269,99.7532619146,PANG,ホウ,h,ou,False,f,ang,3,幫陽三合,去,3,唇音,全清,ㅂ,唇音,全清,唇音,次清
2944,3234,赳,jiū,268,99.7541834087,KYU,キュウ,k,yuu,False,j,iu,1,見幽三開,上,2,牙音,全清,ㄱ,牙音,全清,歯音,全清
2945,3236,嶙,lín,267,99.7547954459,LIN,リン,r,in,False,l,in,2,來眞三開,平,1,流音,次濁,ㄹ,流音,次濁,舌音,次濁
2946,3237,貂,diāo,267,99.7554074831,CHO,チョウ,c,hou,False,d,iao,1,端蕭四開,平,1,舌音,全清,ㅊ,歯音,次清,舌音,全清
2947,3238,腓,féi,266,99.7563232465,PI,ヒ,h,i,False,f,ei,2,並微三合,平,1,唇音,全清,ㅂ,唇音,全清,唇音,次清
2948,3239,胄,zhòu,265,99.7566269728,CWU,チュウ,c,huu,False,zh,ou,4,澄尤三開,去,3,舌音,全清,ㅈ,歯音,全清,歯音,全清
2949,3240,祐,yòu,264,99.756929553,WU,ユウ,y,uu,False,y,ou,4,云尤三開,去,3,喉音,次濁,ㅇ,喉音,次濁,喉音,次濁
2950,3241,湮,yān,264,99.7572321332,IN,イン,,in,False,y,an,1,影眞三開,平,1,喉音,次濁,ㅇ,喉音,次濁,喉音,次濁
2951,3242,麾,huī,264,99.7581398737,HWI,キ,k,i,True,h,ui,1,曉支三合,平,1,牙音,全清,ㅎ,喉音,次清,牙音,次清
2952,3243,麝,shè,264,99.7584424539,SA,ジャ,j,a,False,sh,e,4,船麻三開,去,3,歯音,全濁,ㅅ,歯音,全清,歯音,次清
2953,3244,岌,jí,263,99.759045322,KUP,キュウ,k,yuu,False,j,i,2,疑侵三開,入,4,牙音,全清,ㄱ,牙音,全清,歯音,全清
2954,3245,槁,gǎo,263,99.759346756,KO,コウ,k,ou,False,g,ao,3,溪豪一開,上,2,牙音,全清,ㄱ,牙音,全清,牙音,全清
2955,3246,椿,chūn,262,99.760249912,CHWUN,チン,c,hin,False,ch,un,1,徹諄三合,平,1,舌音,全清,ㅊ,歯音,次清,歯音,次清
2956,3247,韭,jiǔ,261,99.7605490537,KWU,キュウ,k,yuu,False,j,iu,3,見尤三開,上,2,牙音,全清,ㄱ,牙音,全清,歯音,全清
2957,3248,瘴,zhàng,261,99.7608481955,CANG,ショウ,s,hou,False,zh,ang,4,章陽三開,去,3,歯音,全清,ㅈ,歯音,全清,歯音,全清
2958,3249,宸,chén,261,99.7611473373,SIN,シン,s,hin,False,ch,en,2,常眞三開,平,1,歯音,全清,ㅅ,歯音,全清,歯音,次清
2959,3250,褶,zhě,261,99.761446479,SUP,シュウ,s,huu,False,zh,e,3,常侵三開,入,4,歯音,全清,ㅅ,歯音,全清,歯音,全清
2960,3251,褶,zhě,261,99.761446479,CHEP,シュウ,s,huu,False,zh,e,3,常侵三開,入,4,歯音,全清,ㅊ,歯音,次清,歯音,全清
2961,3252,掇,duō,260,99.7617444746,CHEL,タツ,t,atsu,True,d,uo,1,端桓一合,入,4,舌音,全清,ㅊ,歯音,次清,舌音,全清
2962,3253,骰,tóu,260,99.7620424703,THWU,トウ,t,ou,False,t,ou,2,定侯一開,平,1,舌音,全清,ㅌ,舌音,次清,舌音,次清
2963,3254,滕,téng,259,99.7623393198,TUNG,トウ,t,ou,False,t,eng,2,定登一開,平,1,舌音,全清,ㄷ,舌音,全清,舌音,次清
2964,3255,瘠,jí,259,99.7629330187,CHEK,セキ,s,eki,True,j,i,2,從清三開,入,4,歯音,全清,ㅊ,歯音,次清,歯音,全清
2965,3256,漕,cáo,258,99.7641158321,CO,ソウ,s,ou,False,c,ao,2,從豪一開,平,1,歯音,全清,ㅈ,歯音,全清,歯音,次清
2966,3257,篙,gāo,257,99.7644103894,KO,コウ,k,ou,False,g,ao,1,見豪一開,平,1,牙音,全清,ㄱ,牙音,全清,牙音,全清
2967,3258,牒,dié,256,99.7652929149,CHEP,チョウ,c,hou,False,d,ie,2,定添四開,入,4,舌音,全清,ㅊ,歯音,次清,舌音,全清
2968,3259,篆,zhuàn,255,99.7658785909,CEN,テン,t,en,False,zh,uan,4,澄仙三合,上,2,舌音,全清,ㅈ,歯音,全清,歯音,全清
2969,3260,啐,cuì,255,99.7661708558,CWUL,サイ,s,ai,False,c,ui,4,清夬二合,去,3,歯音,全清,ㅈ,歯音,全清,歯音,次清
2970,3261,啐,cuì,255,99.7661708558,CHWAY,サイ,s,ai,False,c,ui,4,清夬二合,去,3,歯音,全清,ㅊ,歯音,次清,歯音,次清
2971,3262,翊,yì,255,99.7670476506,IK,ヨク,y,oku,True,y,i,4,以蒸三開,入,4,喉音,次濁,ㅇ,喉音,次濁,喉音,次濁
2972,3263,昱,yù,252,99.7693720165,WUK,イク,,iku,True,y,u,4,以東三開,入,4,喉音,次濁,ㅇ,喉音,次濁,喉音,次濁
2973,3264,觥,gōng,252,99.7702384961,KOYNG,コウ,k,ou,False,g,ong,1,見庚二合,平,1,牙音,全清,ㄱ,牙音,全清,牙音,全清
2974,3265,肛,gāng,250,99.7705250304,HANG,コウ,k,ou,False,g,ang,1,見江二開,平,1,牙音,全清,ㅎ,喉音,次清,牙音,全清
2975,3266,喙,huì,250,99.7708115646,HWEY,カイ,k,ai,False,h,ui,4,曉廢三合,去,3,牙音,全清,ㅎ,喉音,次清,牙音,次清
2976,3267,泗,sì,250,99.7710980989,SA,シ,s,hi,False,s,i,4,心脂三開,去,3,歯音,全清,ㅅ,歯音,全清,歯音,次清
2977,3268,黜,chù,250,99.7713846331,CHWUL,チュツ,c,hutsu,True,ch,u,4,徹諄三合,入,4,舌音,全清,ㅊ,歯音,次清,歯音,次清
2978,3269,弁,biàn,247,99.7719508248,PAN,ベン,b,en,False,b,ian,4,並仙三開,去,3,唇音,全濁,ㅂ,唇音,全清,唇音,全清
2979,3270,弁,biàn,247,99.7719508248,PYEN,ベン,b,en,False,b,ian,4,並仙三開,去,3,唇音,全濁,ㅂ,唇音,全清,唇音,全清
2980,3271,蟠,pán,247,99.7730832082,PAN,ハン,h,an,False,p,an,2,並元三合,平,1,唇音,全清,ㅂ,唇音,全清,唇音,次清
2981,3272,雹,báo,246,99.7733651579,PAK,ハク,h,aku,True,b,ao,2,並江二開,入,4,唇音,全清,ㅂ,唇音,全清,唇音,全清
2982,3273,秆,gǎn,246,99.7736471076,KAN,カン,k,an,False,g,an,3,見寒一開,上,2,牙音,全清,ㄱ,牙音,全清,牙音,全清
2983,3274,埽,sào,246,99.774211007,SO,ソウ,s,ou,False,s,ao,4,心豪一開,上,2,歯音,全清,ㅅ,歯音,全清,歯音,次清
2984,3275,袂,mèi,246,99.7747749064,MYEY,ベイ,b,ei,False,m,ei,4,明祭三開,去,3,唇音,全濁,ㅁ,唇音,次濁,唇音,次濁
2985,3277,飧,sūn,244,99.775616171,SON,ソン,s,on,False,s,un,1,心魂一合,平,1,歯音,全清,ㅅ,歯音,全清,歯音,次清
2986,3278,遛,liù,244,99.7758958284,LYU,リュウ,r,yuu,False,l,iu,4,來尤三開,平,1,流音,次濁,ㄹ,流音,次濁,舌音,次濁
2987,3279,荻,dí,243,99.7767336546,CEK,テキ,t,eki,True,d,i,2,定青四開,入,4,舌音,全清,ㅈ,歯音,全清,舌音,全清
2988,3280,畿,jī,242,99.7775668962,KI,キ,k,i,True,j,i,1,群微三開,平,1,牙音,全清,ㄱ,牙音,全清,歯音,全清
2989,3281,蚱,zhà,242,99.7781216265,CHAYK,サ,s,a,False,zh,a,4,莊庚二開,入,4,歯音,全清,ㅊ,歯音,次清,歯音,全清
2990,3282,坯,pī,239,99.7786717723,PAY,ヒ,h,i,False,p,i,1,滂灰一合,平,1,唇音,全清,ㅂ,唇音,全清,唇音,次清
2991,3283,蔗,zhè,239,99.778945699,CA,シャ,s,ha,False,zh,e,4,章麻三開,去,3,歯音,全清,ㅈ,歯音,全清,歯音,全清
2992,3284,柩,jiù,239,99.7794935525,KWU,キュウ,k,yuu,False,j,iu,4,群尤三開,去,3,牙音,全清,ㄱ,牙音,全清,歯音,全清
2993,3285,曜,yào,239,99.7797674793,YO,ヨウ,y,ou,False,y,ao,4,以宵三開,去,3,喉音,次濁,ㅇ,喉音,次濁,喉音,次濁
2994,3286,庠,xiáng,238,99.7803130405,SANG,ショウ,s,hou,False,x,iang,2,邪陽三開,平,1,歯音,全清,ㅅ,歯音,全清,歯音,次清
2995,3287,胯,kuà,237,99.780584675,KWA,コ,k,o,False,k,ua,4,溪麻二合,平,1,牙音,全清,ㄱ,牙音,全清,牙音,次清
2996,3288,胯,kuà,237,99.780584675,KO,コ,k,o,False,k,ua,4,溪麻二合,平,1,牙音,全清,ㄱ,牙音,全清,牙音,次清
2997,3289,嗑,kē,237,99.7811279439,HAP,コウ,k,ou,False,k,e,1,匣談一開,入,4,牙音,全清,ㅎ,喉音,次清,牙音,次清
2998,3290,泯,mǐn,237,99.7813995784,MIN,ビン,b,in,False,m,in,3,明眞三開,平,1,唇音,全濁,ㅁ,唇音,次濁,唇音,次濁
2999,3291,痣,zhì,237,99.7816712129,CI,シ,s,hi,False,zh,i,4,章之三開,去,3,歯音,全清,ㅈ,歯音,全清,歯音,全清
3000,3293,莞,guǎn,235,99.7832907045,WAN,カン,k,an,False,g,uan,3,匣桓一合,平,1,牙音,全清,ㅇ,喉音,次濁,牙音,全清
3001,3294,莞,guǎn,235,99.7832907045,KWAN,カン,k,an,False,g,uan,3,匣桓一合,平,1,牙音,全清,ㄱ,牙音,全清,牙音,全清
3002,3295,腴,yú,235,99.7835600467,YU,ユ,y,u,False,y,u,2,以虞三合,平,1,喉音,次濁,ㅇ,喉音,次濁,喉音,次濁
3003,3296,虱,shī,234,99.7843669271,SUL,シツ,s,hitsu,True,sh,i,1,生臻三開,入,4,歯音,全清,ㅅ,歯音,全清,歯音,次清
3004,3297,淆,xiáo,234,99.7846351232,HYO,コウ,k,ou,False,x,iao,2,匣肴二開,平,1,牙音,全清,ㅎ,喉音,次清,歯音,次清
3005,3298,泓,hóng,234,99.7849033193,HONG,オウ,,ou,False,h,ong,2,影耕二合,平,1,喉音,次濁,ㅎ,喉音,次清,牙音,次清
3006,3299,踊,yǒng,233,99.7859738113,YONG,ヨウ,y,ou,False,y,ong,3,以鍾三開,上,2,喉音,次濁,ㅇ,喉音,次濁,喉音,次濁
3007,3300,宕,dàng,233,99.7865079111,THANG,トウ,t,ou,False,d,ang,4,定唐一開,去,3,舌音,全清,ㅌ,舌音,次清,舌音,全清
3008,3301,擢,zhuó,231,99.78810448,THAK,テキ,t,eki,True,zh,uo,2,澄江二開,入,4,舌音,全清,ㅌ,舌音,次清,歯音,全清
3009,3302,汕,shàn,229,99.7886305569,SAN,サン,s,an,False,sh,an,4,生山二開,上,2,歯音,全清,ㅅ,歯音,全清,歯音,次清
3010,3303,芷,zhǐ,228,99.7891543415,CI,シ,s,hi,False,zh,i,3,章之三開,上,2,歯音,全清,ㅈ,歯音,全清,歯音,全清
3011,3304,蒿,hāo,228,99.7894156607,HO,コウ,k,ou,False,h,ao,1,曉豪一開,平,1,牙音,全清,ㅎ,喉音,次清,牙音,次清
3012,3305,摒,bìng,228,99.78967698,PYENG,ヘイ,h,ei,False,b,ing,4,幫清三開,去,3,唇音,全清,ㅂ,唇音,全清,唇音,全清
3013,3306,姣,jiāo,228,99.7901996184,KYO,コウ,k,ou,False,j,iao,1,匣肴二開,平,1,牙音,全清,ㄱ,牙音,全清,歯音,全清
3014,3307,琬,wǎn,228,99.7904609377,WAN,エン,,en,False,w,an,3,影元三合,上,2,喉音,次濁,ㅇ,喉音,次濁,喉音,次濁
3015,3308,溉,gài,227,99.79098243,KAY,ガイ,g,ai,False,g,ai,4,見微三開,去,3,牙音,全濁,ㄱ,牙音,全清,牙音,全清
3016,3309,嗝,gé,227,99.7912426031,KYEK,カク,k,aku,True,g,e,2,見耕二開,入,4,牙音,全清,ㄱ,牙音,全清,牙音,全清
3017,3310,皿,mǐn,226,99.7917618032,MYENG,ベイ,b,ei,False,m,in,3,明庚三開,上,2,唇音,全濁,ㅁ,唇音,次濁,唇音,次濁
3018,3311,泅,qiú,226,99.7920208302,SWI,シュウ,s,huu,False,q,iu,2,邪尤三開,平,1,歯音,全清,ㅅ,歯音,全清,歯音,次清
3019,3312,渥,wò,226,99.7927979111,AK,アク,,aku,True,w,o,4,影江二開,入,4,喉音,次濁,ㅇ,喉音,次濁,喉音,次濁
3020,3313,佃,diàn,225,99.7930557919,CEN,デン,d,en,False,d,ian,4,定先四開,平,1,舌音,全濁,ㅈ,歯音,全清,舌音,全清
3021,3314,峒,dòng,225,99.7935715536,TONG,ドウ,d,ou,False,d,ong,4,定東一開,平,1,舌音,全濁,ㄷ,舌音,全清,舌音,全清
3022,3315,舶,bó,224,99.7938282883,PAK,ハク,h,aku,True,b,o,2,並庚二開,入,4,唇音,全清,ㅂ,唇音,全清,唇音,全清
3023,3316,咿,yī,224,99.7943417576,I,イ,,i,False,y,i,1,影脂三開,平,1,喉音,次濁,ㅇ,喉音,次濁,喉音,次濁
3024,3317,迨,dài,223,99.7951085233,THAY,タイ,t,ai,False,d,ai,4,定咍一開,上,2,舌音,全清,ㅌ,舌音,次清,舌音,全清
3025,3318,逅,hòu,223,99.7953641119,HWU,コウ,k,ou,False,h,ou,4,匣侯一開,去,3,牙音,全清,ㅎ,喉音,次清,牙音,次清
3026,3319,橐,tuó,222,99.7958729967,THAK,シャ,s,ha,False,t,uo,2,透唐一開,入,4,歯音,全清,ㅌ,舌音,次清,舌音,次清
3027,3320,燮,xiè,222,99.7961274391,SEP,ショウ,s,hou,False,x,ie,4,心添四開,入,4,歯音,全清,ㅅ,歯音,全清,歯音,次清
3028,3321,渤,bó,221,99.7963807354,PAL,ボツ,b,otsu,True,b,o,2,並魂一合,入,4,唇音,全濁,ㅂ,唇音,全清,唇音,全清
3029,3322,婀,ē,221,99.7971406242,A,ア,,a,False,,e,1,影歌一開,上,2,喉音,次濁,ㅇ,喉音,次濁,喉音,次濁
3030,3323,庋,guǐ,220,99.7976449245,KI,キ,k,i,True,g,ui,3,見支三合,上,2,牙音,全清,ㄱ,牙音,全清,牙音,全清
3031,3324,淅,xī,220,99.7978970747,SEK,セキ,s,eki,True,x,i,1,心青四開,入,4,歯音,全清,ㅅ,歯音,全清,歯音,次清
3032,3325,斡,wò,219,99.7989022368,AL,アツ,,atsu,True,w,o,4,影桓一合,入,4,喉音,次濁,ㅇ,喉音,次濁,喉音,次濁
3033,3326,斡,wò,219,99.7989022368,KAN,アツ,,atsu,True,w,o,4,影桓一合,入,4,喉音,次濁,ㄱ,牙音,全清,喉音,次濁
3034,3327,榭,xiè,219,99.7991532408,SA,シャ,s,ha,False,x,ie,4,邪麻三開,去,3,歯音,全清,ㅅ,歯音,全清,歯音,次清
3035,3328,懋,mào,219,99.7994042449,MWU,ボウ,b,ou,False,m,ao,4,明侯一開,去,3,唇音,全濁,ㅁ,唇音,次濁,唇音,次濁
3036,3329,蟾,chán,219,99.7996552489,SEM,セン,s,en,False,ch,an,2,章鹽三開,平,1,歯音,全清,ㅅ,歯音,全清,歯音,次清
3037,3330,涔,cén,218,99.8009068305,CAM,シン,s,hin,False,c,en,2,崇侵三開,平,1,歯音,全清,ㅈ,歯音,全清,歯音,次清
3038,3331,氐,dī,217,99.8021526814,CE,シ,s,hi,False,d,i,1,知脂三開,平,1,歯音,全清,ㅈ,歯音,全清,舌音,全清
3039,3332,馗,kuí,217,99.8024013932,KYU,キ,k,i,True,k,ui,2,群脂三合,平,1,牙音,全清,ㄱ,牙音,全清,牙音,次清
3040,3333,奘,zàng,216,99.8031463822,CANG,ジョウ,j,ou,False,z,ang,4,從唐一開,上,2,歯音,全濁,ㅈ,歯音,全清,歯音,全清
3041,3334,鎗,qiāng,216,99.8033939478,CAYNG,ソウ,s,ou,False,q,iang,1,初庚二開,平,1,歯音,全清,ㅈ,歯音,全清,歯音,次清
3042,3335,酵,jiào,215,99.8036403673,HYO,コウ,k,ou,False,j,iao,4,見肴二開,去,3,牙音,全清,ㅎ,喉音,次清,歯音,全清
3043,3336,裨,bì,215,99.8046260451,PI,ヒ,h,i,False,b,i,4,幫支三開,平,1,唇音,全清,ㅂ,唇音,全清,唇音,全清
3044,3337,忻,xīn,214,99.8048713184,HUN,キン,k,in,False,x,in,1,曉欣三開,平,1,牙音,全清,ㅎ,喉音,次清,歯音,次清
3045,3338,熨,yùn,214,99.8053618651,WI,ウツ,,utsu,True,y,un,4,影微三合,去,3,喉音,次濁,ㅇ,喉音,次濁,喉音,次濁
3046,3339,剜,wān,213,99.8058501195,WAN,ワン,w,an,False,w,an,1,影桓一合,平,1,喉音,次濁,ㅇ,喉音,次濁,喉音,次濁
3047,3340,柚,yòu,213,99.8060942466,YU,ユウ,y,uu,False,y,ou,4,以尤三開,去,3,喉音,次濁,ㅇ,喉音,次濁,喉音,次濁
3048,3341,柚,yòu,213,99.8060942466,CHWUK,ユウ,y,uu,False,y,ou,4,以尤三開,去,3,喉音,次濁,ㅊ,歯音,次清,喉音,次濁
3049,3342,雉,zhì,213,99.8063383738,CHI,チ,c,hi,True,zh,i,4,澄脂三開,上,2,舌音,全清,ㅊ,歯音,次清,歯音,全清
3050,3343,窈,yǎo,213,99.806582501,YO,ヨウ,y,ou,False,y,ao,3,影蕭四開,上,2,喉音,次濁,ㅇ,喉音,次濁,喉音,次濁
3051,3344,汛,xùn,212,99.8068254821,SIN,ジン,j,in,False,x,un,4,生佳二開,去,3,歯音,全濁,ㅅ,歯音,全清,歯音,次清
3052,3345,忝,tiǎn,211,99.8075532791,CHEM,テン,t,en,False,t,ian,3,透添四開,上,2,舌音,全清,ㅊ,歯音,次清,舌音,次清
3053,3346,蹶,jué,211,99.8080369489,KWEY,ケイ,k,ei,False,j,ue,2,見祭三合,去,3,牙音,全清,ㄱ,牙音,全清,歯音,全清
3054,3347,蹶,jué,211,99.8080369489,KWEL,ケイ,k,ei,False,j,ue,2,見祭三合,去,3,牙音,全清,ㄱ,牙音,全清,歯音,全清
3055,3348,臧,zāng,210,99.8092415389,CANG,ソウ,s,ou,False,z,ang,1,精唐一開,平,1,歯音,全清,ㅈ,歯音,全清,歯音,全清
3056,3349,笞,chī,210,99.8097229164,THAY,チ,c,hi,True,ch,i,1,徹之三開,平,1,舌音,全清,ㅌ,舌音,次清,歯音,次清
3057,3350,肪,fáng,209,99.8099624591,PANG,ボウ,b,ou,False,f,ang,2,並陽三合,平,1,唇音,全濁,ㅂ,唇音,全清,唇音,次清
3058,3351,佞,nìng,209,99.8102020017,NYENG,ネイ,n,ei,False,n,ing,4,泥青四開,去,3,舌音,次濁,ㄴ,舌音,次濁,舌音,次濁
3059,3352,玷,diàn,209,99.810681087,CEM,テン,t,en,False,d,ian,4,端添四開,上,2,舌音,全清,ㅈ,歯音,全清,舌音,全清
3060,3353,犒,kào,209,99.8111601723,HO,コウ,k,ou,False,k,ao,4,溪豪一開,去,3,牙音,全清,ㅎ,喉音,次清,牙音,次清
3061,3354,蛀,zhù,208,99.8113985688,CWU,シュ,s,hu,False,zh,u,4,章虞三合,去,3,歯音,全清,ㅈ,歯音,全清,歯音,全清
3062,3355,靼,dá,208,99.8116369653,TAL,タン,t,an,False,d,a,2,端寒一開,入,4,舌音,全清,ㄷ,舌音,全清,舌音,全清
3063,3356,揆,kuí,207,99.812111466,KYU,キ,k,i,True,k,ui,2,群脂三合,上,2,牙音,全清,ㄱ,牙音,全清,牙音,次清
3064,3358,衢,qú,206,99.8135315298,KWU,ク,k,u,True,q,u,2,群虞三合,平,1,牙音,全清,ㄱ,牙音,全清,歯音,次清
3065,3359,樽,zūn,206,99.813767634,CWUN,ソン,s,on,False,z,un,1,精魂一合,平,1,歯音,全清,ㅈ,歯音,全清,歯音,全清
3066,3360,趺,fū,206,99.8142398424,PWU,フ,f,u,False,f,u,1,幫虞三合,平,1,唇音,全清,ㅂ,唇音,全清,唇音,次清
3067,3361,僮,tóng,205,99.8147097586,TONG,ドウ,d,ou,False,t,ong,2,定東一開,平,1,舌音,全濁,ㄷ,舌音,全清,舌音,次清
3068,3362,衲,nà,205,99.8149447167,NAP,ドウ,d,ou,False,n,a,4,泥覃一開,入,4,舌音,全濁,ㄴ,舌音,次濁,舌音,次濁
3069,3364,鄱,pó,204,99.8158799645,PHA,ハ,h,a,False,p,o,2,並戈一合,平,1,唇音,全清,ㅍ,唇音,次清,唇音,次清
3070,3365,嘹,liáo,204,99.8161137765,LYO,リョウ,r,you,False,l,iao,2,來蕭四開,平,1,流音,次濁,ㄹ,流音,次濁,舌音,次濁
3071,3366,慵,yōng,202,99.8172748133,YONG,ヨウ,y,ou,False,y,ong,1,常鍾三開,平,1,喉音,次濁,ㅇ,喉音,次濁,喉音,次濁
3072,3367,獠,liáo,201,99.8175051868,LYO,リョウ,r,you,False,l,iao,2,來蕭四開,平,1,流音,次濁,ㄹ,流音,次濁,舌音,次濁
3073,3368,呶,náo,200,99.8177344142,NO,ド,d,o,False,n,ao,2,娘肴二開,平,1,舌音,全濁,ㄴ,舌音,次濁,舌音,次濁
3074,3369,筠,yún,200,99.818192869,KYUN,イン,,in,False,y,un,2,云眞三合,平,1,喉音,次濁,ㄱ,牙音,全清,喉音,次濁
3075,3370,涿,zhuō,199,99.8186490316,THAK,タク,t,aku,True,zh,uo,1,知江二開,入,4,舌音,全清,ㅌ,舌音,次清,歯音,全清
3076,3371,娑,suō,199,99.8188771128,SA,サ,s,a,False,s,uo,1,心歌一開,平,1,歯音,全清,ㅅ,歯音,全清,歯音,次清
3077,3372,笥,sì,199,99.8191051941,SA,ス,s,u,False,s,i,4,心之三開,去,3,歯音,全清,ㅅ,歯音,全清,歯音,次清
3078,3374,麂,jǐ,199,99.8195613566,KWEY,キ,k,i,True,j,i,3,見脂三開,上,2,牙音,全清,ㄱ,牙音,全清,歯音,全清
3079,3375,揄,yú,198,99.8200152269,YU,ユ,y,u,False,y,u,2,以虞三合,平,1,喉音,次濁,ㅇ,喉音,次濁,喉音,次濁
3080,3376,瑁,mào,198,99.820242162,MO,マイ,m,ai,False,m,ao,4,明灰一合,去,3,唇音,次濁,ㅁ,唇音,次濁,唇音,次濁
3081,3377,憩,qì,198,99.8204690971,KEY,ケイ,k,ei,False,q,i,4,溪祭三開,去,3,牙音,全清,ㄱ,牙音,全清,歯音,次清
3082,3378,濡,rú,197,99.8213722531,YU,ジュ,j,u,False,r,u,2,日虞三合,平,1,歯音,全濁,ㅇ,喉音,次濁,歯音,次濁
3083,3379,莘,shēn,195,99.8227212564,SIN,シン,s,hin,False,sh,en,1,生臻三開,平,1,歯音,全清,ㅅ,歯音,全清,歯音,次清
3084,3380,怩,ní,195,99.8229447531,NI,ジ,j,i,False,n,i,2,娘脂三開,平,1,歯音,全濁,ㄴ,舌音,次濁,舌音,次濁
3085,3381,窕,tiǎo,195,99.8231682498,CO,チョウ,c,hou,False,t,iao,3,定蕭四開,上,2,舌音,全清,ㅈ,歯音,全清,舌音,次清
3086,3382,酗,xù,194,99.8233906004,HWU,ク,k,u,True,x,u,4,曉虞三合,去,3,牙音,全清,ㅎ,喉音,次清,歯音,次清
3087,3383,罹,lí,194,99.8238353016,LI,リ,r,i,False,l,i,2,來支三開,平,1,流音,次濁,ㄹ,流音,次濁,舌音,次濁
3088,3384,茁,zhuó,193,99.8242777105,CWUL,サツ,s,atsu,True,zh,uo,2,知諄三合,入,4,歯音,全清,ㅈ,歯音,全清,歯音,全清
3089,3385,薏,yì,193,99.8247201194,UY,イ,,i,False,y,i,4,影蒸三開,入,4,喉音,次濁,ㅇ,喉音,次濁,喉音,次濁
3090,3387,哂,shěn,192,99.825603791,SIN,シン,s,hin,False,sh,en,3,書眞三開,上,2,歯音,全清,ㅅ,歯音,全清,歯音,次清
3091,3388,幺,yāo,192,99.8260439076,YO,ヨウ,y,ou,False,y,ao,1,影蕭四開,平,1,喉音,次濁,ㅇ,喉音,次濁,喉音,次濁
3092,3389,砧,zhēn,191,99.8262628198,CHIM,チン,c,hin,False,zh,en,1,知侵三開,平,1,舌音,全清,ㅊ,歯音,次清,歯音,全清
3093,3390,孛,bèi,191,99.826481732,PHAY,ボツ,b,otsu,True,b,ei,4,並灰一合,去,3,唇音,全濁,ㅍ,唇音,次清,唇音,全清
3094,3391,狻,suān,191,99.8269195563,SAN,サン,s,an,False,s,uan,1,心桓一合,平,1,歯音,全清,ㅅ,歯音,全清,歯音,次清
3095,3392,芋,yù,190,99.8273562345,HWU,ウ,,u,False,y,u,4,云虞三合,平,1,喉音,次濁,ㅎ,喉音,次清,喉音,次濁
3096,3393,芋,yù,190,99.8273562345,WU,ウ,,u,False,y,u,4,云虞三合,平,1,喉音,次濁,ㅇ,喉音,次濁,喉音,次濁
3097,3394,榔,láng,189,99.8280083865,LANG,ロウ,r,ou,False,l,ang,2,來唐一開,平,1,流音,次濁,ㄹ,流音,次濁,舌音,次濁
3098,3395,粲,càn,189,99.8284416263,CHAN,サン,s,an,False,c,an,4,清寒一開,去,3,歯音,全清,ㅊ,歯音,次清,歯音,次清
3099,3397,馥,fù,188,99.8293035213,POK,フク,f,uku,True,f,u,4,並東三開,入,4,唇音,全清,ㅂ,唇音,全清,唇音,次清
3100,3398,豌,wān,187,99.8295178489,WAN,エン,,en,False,w,an,1,影桓一合,平,1,喉音,次濁,ㅇ,喉音,次濁,喉音,次濁
3101,3399,耘,yún,187,99.8297321765,WUN,ウン,,un,False,y,un,2,云文三合,平,1,喉音,次濁,ㅇ,喉音,次濁,喉音,次濁
3102,3400,邂,xiè,187,99.8299465042,HAY,カイ,k,ai,False,x,ie,4,匣佳二開,去,3,牙音,全清,ㅎ,喉音,次清,歯音,次清
3103,3401,蚩,chī,187,99.8301608318,CHI,シ,s,hi,False,ch,i,1,昌之三開,平,1,歯音,全清,ㅊ,歯音,次清,歯音,次清
3104,3402,柑,gān,186,99.8308026685,KEM,カン,k,an,False,g,an,1,見談一開,平,1,牙音,全清,ㄱ,牙音,全清,牙音,全清
3105,3403,柑,gān,186,99.8308026685,KAM,カン,k,an,False,g,an,1,見談一開,平,1,牙音,全清,ㄱ,牙音,全清,牙音,全清
3106,3404,斫,zhuó,186,99.83101585,CAK,シャク,s,haku,True,zh,uo,2,章陽三開,入,4,歯音,全清,ㅈ,歯音,全清,歯音,全清
3107,3405,麋,mí,186,99.8312290315,MI,ビ,b,i,False,m,i,2,明脂三開,平,1,唇音,全濁,ㅁ,唇音,次濁,唇音,次濁
3108,3406,昕,xīn,186,99.831442213,HUN,キン,k,in,False,x,in,1,曉欣三開,平,1,牙音,全清,ㅎ,喉音,次清,歯音,次清
3109,3407,忸,niǔ,185,99.8316542483,NYU,ジク,j,iku,True,n,iu,3,娘東三開,入,4,歯音,全濁,ㄴ,舌音,次濁,舌音,次濁
3110,3408,藜,lí,184,99.8318651375,LYE,レイ,r,ei,False,l,i,2,來齊四開,平,1,流音,次濁,ㄹ,流音,次濁,舌音,次濁
3111,3409,妲,dá,184,99.8320760268,TAL,ダツ,d,atsu,True,d,a,2,端寒一開,入,4,舌音,全濁,ㄷ,舌音,全清,舌音,全清
3112,3411,氤,yīn,183,99.8327064021,IN,イン,,in,False,y,in,1,影眞三開,平,1,喉音,次濁,ㅇ,喉音,次濁,喉音,次濁
3113,3412,胴,dòng,183,99.8329161452,TONG,ドウ,d,ou,False,d,ong,4,定東一開,去,3,舌音,全濁,ㄷ,舌音,全清,舌音,全清
3114,3413,鍪,móu,183,99.8333356313,MWU,ボウ,b,ou,False,m,ou,2,明尤三開,平,1,唇音,全濁,ㅁ,唇音,次濁,唇音,次濁
3115,3414,檄,xí,182,99.8337528252,KYEK,ゲキ,g,eki,True,x,i,2,匣青四開,入,4,牙音,全濁,ㄱ,牙音,全清,歯音,次清
3116,3415,儆,jǐng,182,99.8339614222,KYENG,ケイ,k,ei,False,j,ing,3,見庚三開,上,2,牙音,全清,ㄱ,牙音,全清,歯音,全清
3117,3416,罄,qìng,182,99.8350044068,KYENG,ケイ,k,ei,False,q,ing,4,溪青四開,去,3,牙音,全清,ㄱ,牙音,全清,歯音,次清
3118,3417,暨,jì,182,99.8352130038,KI,キ,k,i,True,j,i,4,群脂三開,去,3,牙音,全清,ㄱ,牙音,全清,歯音,全清
3119,3418,苫,shān,181,99.8354204546,CEM,セン,s,en,False,sh,an,1,書鹽三開,平,1,歯音,全清,ㅈ,歯音,全清,歯音,次清
3120,3419,倜,tì,181,99.8356279054,CHEK,チョウ,c,hou,False,t,i,4,透青四開,入,4,舌音,全清,ㅊ,歯音,次清,舌音,次清
3121,3420,楫,jí,181,99.836042807,CUP,シュウ,s,huu,False,j,i,2,精鹽三開,入,4,歯音,全清,ㅈ,歯音,全清,歯音,全清
3122,3421,楫,jí,181,99.836042807,CEP,シュウ,s,huu,False,j,i,2,精鹽三開,入,4,歯音,全清,ㅈ,歯音,全清,歯音,全清
3123,3422,榛,zhēn,181,99.8362502578,CIN,シン,s,hin,False,zh,en,1,莊臻三開,平,1,歯音,全清,ㅈ,歯音,全清,歯音,全清
3124,3423,戡,kān,181,99.8368726102,KAM,カン,k,an,False,k,an,1,溪覃一開,平,1,牙音,全清,ㄱ,牙音,全清,牙音,次清
3125,3424,霏,fēi,181,99.837080061,PI,ヒ,h,i,False,f,ei,1,滂微三合,平,1,唇音,全清,ㅂ,唇音,全清,唇音,次清
3126,3425,竦,sǒng,180,99.837698975,SONG,ショウ,s,hou,False,s,ong,3,心鍾三開,上,2,歯音,全清,ㅅ,歯音,全清,歯音,次清
3127,3426,卞,biàn,179,99.8381104382,PYEN,ベン,b,en,False,b,ian,4,並仙三開,去,3,唇音,全濁,ㅂ,唇音,全清,唇音,全清
3128,3427,垠,yín,179,99.8383155967,UN,ギン,g,in,False,y,in,2,疑眞三開,平,1,牙音,全濁,ㅇ,喉音,次濁,喉音,次濁
3129,3428,琥,hǔ,179,99.8385207552,HO,コ,k,o,False,h,u,3,曉模一開,上,2,牙音,全清,ㅎ,喉音,次清,牙音,次清
3130,3429,胛,jiǎ,179,99.8387259137,KAP,コウ,k,ou,False,j,ia,3,見銜二開,入,4,牙音,全清,ㄱ,牙音,全清,歯音,全清
3131,3431,璨,càn,178,99.8393379509,CHAN,サン,s,an,False,c,an,4,清寒一開,去,3,歯音,全清,ㅊ,歯音,次清,歯音,次清
3132,3432,盥,guàn,178,99.8395419633,KWAN,カン,k,an,False,g,uan,4,見桓一合,上,2,牙音,全清,ㄱ,牙音,全清,牙音,全清
3133,3433,癸,guǐ,177,99.8403568667,KYEY,キ,k,i,True,g,ui,3,見脂三合,上,2,牙音,全清,ㄱ,牙音,全清,牙音,全清
3134,3434,僭,jiàn,177,99.840559733,CHAM,セン,s,en,False,j,ian,4,精添四開,去,3,歯音,全清,ㅊ,歯音,次清,歯音,全清
3135,3435,邕,yōng,177,99.8407625992,ONG,ユ,y,u,False,y,ong,1,影鍾三開,平,1,喉音,次濁,ㅇ,喉音,次濁,喉音,次濁
3136,3436,裟,shā,177,99.8409654655,SA,サ,s,a,False,sh,a,1,生麻二開,平,1,歯音,全清,ㅅ,歯音,全清,歯音,次清
3137,3437,酢,zuò,177,99.8411683317,CHO,サク,s,aku,True,z,uo,4,從唐一開,入,4,歯音,全清,ㅊ,歯音,次清,歯音,全清
3138,3438,酢,zuò,177,99.8411683317,CAK,サク,s,aku,True,z,uo,4,從唐一開,入,4,歯音,全清,ㅈ,歯音,全清,歯音,全清
3139,3439,罅,xià,176,99.8413700518,HA,カ,k,a,False,x,ia,4,曉麻二開,去,3,牙音,全清,ㅎ,喉音,次清,歯音,次清
3140,3440,澧,lǐ,176,99.841571772,LYEY,レイ,r,ei,False,l,i,3,來齊四開,上,2,流音,次濁,ㄹ,流音,次濁,舌音,次濁
3141,3441,刈,yì,175,99.8417723459,YEY,カイ,k,ai,False,y,i,4,疑廢三開,去,3,牙音,全清,ㅇ,喉音,次濁,喉音,次濁
3142,3442,蠹,dù,175,99.8419729199,TWU,ト,t,o,False,d,u,4,端模一開,去,3,舌音,全清,ㄷ,舌音,全清,舌音,全清
3143,3443,畦,qí,174,99.8425734957,HYU,ケイ,k,ei,False,q,i,2,匣齊四合,平,1,牙音,全清,ㅎ,喉音,次清,歯音,次清
3144,3444,孑,jié,173,99.8431706331,HYEL,ケツ,k,etsu,True,j,ie,2,見仙三開,入,4,牙音,全清,ㅎ,喉音,次清,歯音,全清
3145,3445,夥,huǒ,172,99.8437631859,KWA,カ,k,a,False,h,uo,3,匣佳二合,上,2,牙音,全清,ㄱ,牙音,全清,牙音,次清
3146,3446,夥,huǒ,172,99.8437631859,HAY,カ,k,a,False,h,uo,3,匣佳二合,上,2,牙音,全清,ㅎ,喉音,次清,牙音,次清
3147,3447,臾,yú,172,99.8443545927,YU,ユ,y,u,False,y,u,2,以虞三合,平,1,喉音,次濁,ㅇ,喉音,次濁,喉音,次濁
3148,3448,魑,chī,172,99.8445517282,LI,チ,c,hi,True,ch,i,1,徹支三開,平,1,舌音,全清,ㄹ,流音,次濁,歯音,次清
3149,3449,苓,líng,171,99.8447477176,LYENG,レイ,r,ei,False,l,ing,2,來青四開,平,1,流音,次濁,ㄹ,流音,次濁,舌音,次濁
3150,3450,崴,wǎi,171,99.8449437071,OY,ワイ,w,ai,False,w,ai,3,影皆二合,平,1,喉音,次濁,ㅇ,喉音,次濁,喉音,次濁
3151,3451,屐,jī,171,99.8451396965,KUK,ゲキ,g,eki,True,j,i,1,群庚三開,入,4,牙音,全濁,ㄱ,牙音,全清,歯音,全清
3152,3452,杲,gǎo,171,99.8453356859,KO,コウ,k,ou,False,g,ao,3,見豪一開,上,2,牙音,全清,ㄱ,牙音,全清,牙音,全清
3153,3453,滓,zǐ,170,99.8455305292,CAY,サイ,s,ai,False,z,i,3,莊之三開,上,2,歯音,全清,ㅈ,歯音,全清,歯音,全清
3154,3454,剽,piāo,170,99.8457253725,PHYO,ヒョウ,h,you,False,p,iao,1,並宵三開,平,1,唇音,全清,ㅍ,唇音,次清,唇音,次清
3155,3455,剽,piào,170,99.8457253725,PHYO,ヒョウ,h,you,False,p,iao,4,並宵三開,平,1,唇音,全清,ㅍ,唇音,次清,唇音,次清
3156,3456,謇,jiǎn,170,99.8463099024,KEN,ケン,k,en,False,j,ian,3,見仙三開,上,2,牙音,全清,ㄱ,牙音,全清,歯音,全清
3157,3457,愎,bì,169,99.8465035996,PHYAK,フク,f,uku,True,b,i,4,並蒸三開,入,4,唇音,全清,ㅍ,唇音,次清,唇音,全清
3158,3459,碣,jié,168,99.8474709392,KYEY,ケツ,k,etsu,True,j,ie,2,群元三開,入,4,牙音,全清,ㄱ,牙音,全清,歯音,全清
3159,3460,碣,jié,168,99.8474709392,KAL,ケツ,k,etsu,True,j,ie,2,群元三開,入,4,牙音,全清,ㄱ,牙音,全清,歯音,全清
3160,3461,袈,jiā,168,99.8476634902,KA,ケ,k,e,False,j,ia,1,見麻二開,平,1,牙音,全清,ㄱ,牙音,全清,歯音,全清
3161,3462,窣,sū,167,99.8478548951,SOL,ソチ,s,ochi,True,s,u,1,心魂一合,入,4,歯音,全清,ㅅ,歯音,全清,歯音,次清
3162,3463,鼐,nài,167,99.8480463,NAY,ダイ,d,ai,False,n,ai,4,泥咍一開,上,2,舌音,全濁,ㄴ,舌音,次濁,舌音,次濁
3163,3464,苻,fú,167,99.8482377049,PWU,フ,f,u,False,f,u,2,並虞三合,平,1,唇音,全清,ㅂ,唇音,全清,唇音,次清
3164,3465,杵,chǔ,167,99.8486205146,CE,ショ,s,ho,False,ch,u,3,昌魚三開,上,2,歯音,全清,ㅈ,歯音,全清,歯音,次清
3165,3466,箴,zhēn,167,99.8490033244,CAM,シン,s,hin,False,zh,en,1,章侵三開,平,1,歯音,全清,ㅈ,歯音,全清,歯音,全清
3166,3467,咤,zhà,167,99.8491947293,THA,タ,t,a,False,zh,a,4,知麻二開,平,1,舌音,全清,ㅌ,舌音,次清,歯音,全清
3167,3468,硅,guī,166,99.849384988,KYU,ケイ,k,ei,False,g,ui,1,曉庚二合,入,4,牙音,全清,ㄱ,牙音,全清,牙音,全清
3168,3469,偈,jì,166,99.8495752468,KEL,ゲ,g,e,False,j,i,4,群祭三開,去,3,牙音,全濁,ㄱ,牙音,全清,歯音,全清
3169,3470,偈,jì,166,99.8495752468,KEY,ゲ,g,e,False,j,i,4,群祭三開,去,3,牙音,全濁,ㄱ,牙音,全清,歯音,全清
3170,3471,弋,yì,166,99.8497655055,IK,ヨク,y,oku,True,y,i,4,以蒸三開,入,4,喉音,次濁,ㅇ,喉音,次濁,喉音,次濁
3171,3472,喑,yīn,166,99.8499557643,UM,イン,,in,False,y,in,1,影侵三開,平,1,喉音,次濁,ㅇ,喉音,次濁,喉音,次濁
3172,3475,娣,dì,166,99.8503362818,CEY,テイ,t,ei,False,d,i,4,定齊四開,上,2,舌音,全清,ㅈ,歯音,全清,舌音,全清
3173,3476,凇,sōng,165,99.8509059119,SONG,ジョウ,j,ou,False,s,ong,1,心鍾三開,平,1,歯音,全濁,ㅅ,歯音,全清,歯音,次清
3174,3477,郢,yǐng,165,99.8510950245,YENG,エイ,,ei,False,y,ing,3,以清三開,上,2,喉音,次濁,ㅇ,喉音,次濁,喉音,次濁
3175,3479,苣,jù,164,99.8520382952,KE,キョ,k,yo,False,j,u,4,群魚三開,上,2,牙音,全清,ㄱ,牙音,全清,歯音,全清
3176,3480,崆,kōng,160,99.8553815769,KONG,コウ,k,ou,False,k,ong,1,溪東一開,平,1,牙音,全清,ㄱ,牙音,全清,牙音,次清
3177,3481,湎,miǎn,160,99.8555649588,MYEN,メン,m,en,False,m,ian,3,明仙三開,上,2,唇音,次濁,ㅁ,唇音,次濁,唇音,次濁
3178,3483,椽,chuán,159,99.8562961943,YEN,テン,t,en,False,ch,uan,2,澄仙三合,平,1,舌音,全清,ㅇ,喉音,次濁,歯音,次清
3179,3484,暹,xiān,159,99.8564784301,SEM,セン,s,en,False,x,ian,1,心鹽三開,平,1,歯音,全清,ㅅ,歯音,全清,歯音,次清
3180,3485,璀,cuǐ,159,99.8568429016,CHOY,サイ,s,ai,False,c,ui,3,清灰一合,上,2,歯音,全清,ㅊ,歯音,次清,歯音,次清
3181,3486,肓,huāng,159,99.8572073732,HWANG,コウ,k,ou,False,h,uang,1,曉唐一合,平,1,牙音,全清,ㅎ,喉音,次清,牙音,次清
3182,3487,僖,xī,158,99.8573884628,HUY,キ,k,i,True,x,i,1,曉之三開,平,1,牙音,全清,ㅎ,喉音,次清,歯音,次清
3183,3488,弑,shì,158,99.8577506421,SI,シ,s,hi,False,sh,i,4,書之三開,去,3,歯音,全清,ㅅ,歯音,全清,歯音,次清
3184,3489,忤,wǔ,158,99.8579317318,O,ゴ,g,o,False,w,u,3,疑模一開,去,3,牙音,全濁,ㅇ,喉音,次濁,喉音,次濁
3185,3490,氅,chǎng,158,99.8581128214,CHANG,ショウ,s,hou,False,ch,ang,3,昌陽三開,上,2,歯音,全清,ㅊ,歯音,次清,歯音,次清
3186,3491,箔,bó,157,99.858292765,PAK,ハク,h,aku,True,b,o,2,並唐一合,入,4,唇音,全清,ㅂ,唇音,全清,唇音,全清
3187,3492,榷,què,157,99.8584727085,KYO,カク,k,aku,True,q,ue,4,見江二開,入,4,牙音,全清,ㄱ,牙音,全清,歯音,次清
3188,3493,厝,cuò,157,99.858652652,CO,サク,s,aku,True,c,uo,4,清模一開,去,3,歯音,全清,ㅈ,歯音,全清,歯音,次清
3189,3494,幄,wò,157,99.8591924825,AK,アク,,aku,True,w,o,4,影江二開,入,4,喉音,次濁,ㅇ,喉音,次濁,喉音,次濁
3190,3495,裱,biǎo,157,99.859372426,PHYO,ヒョウ,h,you,False,b,iao,3,幫宵三開,去,3,唇音,全清,ㅍ,唇音,次清,唇音,全清
3191,3496,霰,xiàn,157,99.8595523695,SEN,セン,s,en,False,x,ian,4,心先四開,去,3,歯音,全清,ㅅ,歯音,全清,歯音,次清
3192,3497,霰,xiàn,157,99.8595523695,SAN,セン,s,en,False,x,ian,4,心先四開,去,3,歯音,全清,ㅅ,歯音,全清,歯音,次清
3193,3498,昶,chǎng,157,99.8597323131,CHANG,チョウ,c,hou,False,ch,ang,3,徹陽三開,上,2,舌音,全清,ㅊ,歯音,次清,歯音,次清
3194,3499,囤,dùn,156,99.8599111104,TON,トン,t,on,False,d,un,4,定魂一合,上,2,舌音,全清,ㄷ,舌音,全清,舌音,全清
3195,3500,弭,mǐ,156,99.8600899078,MI,ビ,b,i,False,m,i,3,明支三開,上,2,唇音,全濁,ㅁ,唇音,次濁,唇音,次濁
3196,3501,芍,sháo,154,99.8608005128,CEK,シャク,s,haku,True,sh,ao,2,匣蕭四開,上,2,歯音,全清,ㅈ,歯音,全清,歯音,次清
3197,3502,芍,sháo,154,99.8608005128,CAK,シャク,s,haku,True,sh,ao,2,匣蕭四開,上,2,歯音,全清,ㅈ,歯音,全清,歯音,次清
3198,3503,衮,gǔn,154,99.8609770179,KON,コン,k,on,False,g,un,3,見魂一合,上,2,牙音,全清,ㄱ,牙音,全清,牙音,全清
3199,3504,邛,qióng,153,99.8613277358,KONG,キョウ,k,you,False,q,iong,2,群鍾三開,平,1,牙音,全清,ㄱ,牙音,全清,歯音,次清
3200,3505,崧,sōng,153,99.8615030947,SWUNG,スウ,s,uu,False,s,ong,1,心東三開,平,1,歯音,全清,ㅅ,歯音,全清,歯音,次清
3201,3506,蛹,yǒng,152,99.8623764512,YONG,ヨウ,y,ou,False,y,ong,3,以鍾三開,上,2,喉音,次濁,ㅇ,喉音,次濁,喉音,次濁
3202,3507,逡,qūn,152,99.862550664,CWUN,シュン,s,hun,False,q,un,1,清諄三合,平,1,歯音,全清,ㅈ,歯音,全清,歯音,次清
3203,3508,笏,hù,152,99.8628990896,HOL,コツ,k,otsu,True,h,u,4,曉魂一合,入,4,牙音,全清,ㅎ,喉音,次清,牙音,次清
3204,3509,疹,zhěn,151,99.863420582,CIN,シン,s,hin,False,zh,en,3,章眞三開,上,2,歯音,全清,ㅈ,歯音,全清,歯音,全清
3205,3510,茗,míng,151,99.8635936487,MYENG,ミョウ,m,you,False,m,ing,2,明青四開,上,2,唇音,次濁,ㅁ,唇音,次濁,唇音,次濁
3206,3511,刎,wěn,150,99.8637655692,MWUN,フン,f,un,False,w,en,3,明文三合,上,2,唇音,全清,ㅁ,唇音,次濁,喉音,次濁
3207,3512,弈,yì,150,99.8641094103,HYEK,エキ,,eki,True,y,i,4,以清三開,入,4,喉音,次濁,ㅎ,喉音,次清,喉音,次濁
3208,3513,舛,chuǎn,150,99.8642813309,CHEN,セン,s,en,False,ch,uan,3,昌仙三合,上,2,歯音,全清,ㅊ,歯音,次清,歯音,次清
3209,3514,蜴,yì,150,99.8647970925,CHEK,エキ,,eki,True,y,i,4,以清三開,入,4,喉音,次濁,ㅊ,歯音,次清,喉音,次濁
3210,3515,疽,jū,149,99.864967867,CE,ソ,s,o,False,j,u,1,清魚三開,平,1,歯音,全清,ㅈ,歯音,全清,歯音,全清
3211,3516,娩,miǎn,149,99.8651386414,MAN,ベン,b,en,False,m,ian,3,明元三合,上,2,唇音,全濁,ㅁ,唇音,次濁,唇音,次濁
3212,3517,淼,miǎo,149,99.865821739,MYO,ビョウ,b,you,False,m,iao,3,明宵三開,上,2,唇音,全濁,ㅁ,唇音,次濁,唇音,次濁
3213,3518,麒,qí,149,99.8659925135,KI,キ,k,i,True,q,i,2,群之三開,平,1,牙音,全清,ㄱ,牙音,全清,歯音,次清
3214,3519,淬,cuì,148,99.8661621417,SWI,サイ,s,ai,False,c,ui,4,清灰一合,去,3,歯音,全清,ㅅ,歯音,全清,歯音,次清
3215,3520,拮,jié,148,99.8665013983,KIL,キツ,k,itsu,True,j,ie,2,見眞三開,入,4,牙音,全清,ㄱ,牙音,全清,歯音,全清
3216,3521,拮,jié,148,99.8665013983,KYEL,キツ,k,itsu,True,j,ie,2,見眞三開,入,4,牙音,全清,ㄱ,牙音,全清,歯音,全清
3217,3522,潢,huáng,148,99.8666710266,HWANG,コウ,k,ou,False,h,uang,2,匣唐一合,平,1,牙音,全清,ㅎ,喉音,次清,牙音,次清
3218,3523,伉,kàng,147,99.8668395087,HANG,コウ,k,ou,False,k,ang,4,溪唐一開,去,3,牙音,全清,ㅎ,喉音,次清,牙音,次清
3219,3524,豕,shǐ,147,99.8676819194,SI,シ,s,hi,False,sh,i,3,書支三開,上,2,歯音,全清,ㅅ,歯音,全清,歯音,次清
3220,3525,嗄,shà,146,99.8681850736,SA,サ,s,a,False,sh,a,4,影夬二開,去,3,歯音,全清,ㅅ,歯音,全清,歯音,次清
3221,3526,嗄,shà,146,99.8681850736,AY,サ,s,a,False,sh,a,4,影夬二開,去,3,歯音,全清,ㅇ,喉音,次濁,歯音,次清
3222,3527,徇,xùn,146,99.8683524096,SWUN,ジュン,j,un,False,x,un,4,邪諄三合,去,3,歯音,全濁,ㅅ,歯音,全清,歯音,次清
3223,3528,煨,wēi,146,99.8685197456,OY,ウチ,,uchi,True,w,ei,1,影灰一合,平,1,喉音,次濁,ㅇ,喉音,次濁,喉音,次濁
3224,3529,逋,bū,145,99.8688532715,PHO,ホ,h,o,False,b,u,1,幫模一開,平,1,唇音,全清,ㅍ,唇音,次清,唇音,全清
3225,3530,蜚,fēi,145,99.8690194613,PI,ヒ,h,i,False,f,ei,1,幫微三合,上,2,唇音,全清,ㅂ,唇音,全清,唇音,次清
3226,3531,珏,jué,145,99.8691856512,KOK,カク,k,aku,True,j,ue,2,見江二開,入,4,牙音,全清,ㄱ,牙音,全清,歯音,全清
3227,3532,珏,jué,145,99.8691856512,KAK,カク,k,aku,True,j,ue,2,見江二開,入,4,牙音,全清,ㄱ,牙音,全清,歯音,全清
3228,3533,莅,lì,144,99.8695157387,LI,リ,r,i,False,l,i,4,來脂三開,去,3,流音,次濁,ㄹ,流音,次濁,舌音,次濁
3229,3534,恂,xún,144,99.8698458261,CWUN,ジュン,j,un,False,x,un,2,心諄三合,平,1,歯音,全濁,ㅈ,歯音,全清,歯音,次清
3230,3535,恂,xún,144,99.8698458261,SWUN,ジュン,j,un,False,x,un,2,心諄三合,平,1,歯音,全濁,ㅅ,歯音,全清,歯音,次清
3231,3536,砦,zhài,144,99.8701759136,CHAY,サイ,s,ai,False,zh,ai,4,崇夬二開,去,3,歯音,全清,ㅊ,歯音,次清,歯音,全清
3232,3537,聒,guō,144,99.8703409573,KWAL,カツ,k,atsu,True,g,uo,1,見桓一合,入,4,牙音,全清,ㄱ,牙音,全清,牙音,全清
3233,3538,聒,guā,144,99.8703409573,KWAL,カツ,k,atsu,True,g,ua,1,見桓一合,入,4,牙音,全清,ㄱ,牙音,全清,牙音,全清
3234,3539,侗,dòng,143,99.8705048549,TONG,ドウ,d,ou,False,d,ong,4,定東一開,平,1,舌音,全濁,ㄷ,舌音,全清,舌音,全清
3235,3540,灸,jiǔ,143,99.8706687525,KWU,キュウ,k,yuu,False,j,iu,3,見尤三開,上,2,牙音,全清,ㄱ,牙音,全清,歯音,全清
3236,3541,妍,yán,143,99.8709965477,YEN,ケン,k,en,False,y,an,2,疑先四開,平,1,牙音,全清,ㅇ,喉音,次濁,喉音,次濁
3237,3542,猷,yóu,143,99.8711604453,YU,ユウ,y,uu,False,y,ou,2,以尤三開,平,1,喉音,次濁,ㅇ,喉音,次濁,喉音,次濁
3238,3544,甑,zèng,142,99.8719753487,CUNG,ソウ,s,ou,False,z,eng,4,精蒸三開,去,3,歯音,全清,ㅈ,歯音,全清,歯音,全清
3239,3545,鬈,quán,142,99.8723008516,KWEN,ケン,k,en,False,q,uan,2,群仙三合,平,1,牙音,全清,ㄱ,牙音,全清,歯音,次清
3240,3546,圻,qí,142,99.8724636031,UN,キ,k,i,True,q,i,2,群微三開,平,1,牙音,全清,ㅇ,喉音,次濁,歯音,次清
3241,3547,圻,qí,142,99.8724636031,KI,キ,k,i,True,q,i,2,群微三開,平,1,牙音,全清,ㄱ,牙音,全清,歯音,次清
3242,3548,苯,běn,141,99.8726252084,PWUN,ホン,h,on,False,b,en,3,幫魂一合,上,2,唇音,全清,ㅂ,唇音,全清,唇音,全清
3243,3549,竣,jùn,141,99.8727868137,CWUN,シュン,s,hun,False,j,un,4,清諄三合,平,1,歯音,全清,ㅈ,歯音,全清,歯音,全清
3244,3550,竣,jùn,141,99.8727868137,CEN,シュン,s,hun,False,j,un,4,清諄三合,平,1,歯音,全清,ㅈ,歯音,全清,歯音,全清
3245,3551,琨,kūn,141,99.8735948403,KON,コン,k,on,False,k,un,1,見魂一合,平,1,牙音,全清,ㄱ,牙音,全清,牙音,次清
3246,3552,蛉,líng,141,99.873918051,LYENG,レイ,r,ei,False,l,ing,2,來青四開,平,1,流音,次濁,ㄹ,流音,次濁,舌音,次濁
3247,3553,衾,qīn,141,99.8740796563,KUM,キン,k,in,False,q,in,1,溪侵三開,平,1,牙音,全清,ㄱ,牙音,全清,歯音,次清
3248,3554,粽,zòng,141,99.8742412616,CONG,ソウ,s,ou,False,z,ong,4,精東一開,去,3,歯音,全清,ㅈ,歯音,全清,歯音,全清
3249,3555,咭,jī,140,99.87456218,KIL,キツ,k,itsu,True,j,i,1,曉眞三開,入,4,牙音,全清,ㄱ,牙音,全清,歯音,全清
3250,3556,咭,jī,140,99.87456218,KAL,キツ,k,itsu,True,j,i,1,曉眞三開,入,4,牙音,全清,ㄱ,牙音,全清,歯音,全清
3251,3557,戕,qiāng,140,99.8748830983,CANG,ショウ,s,hou,False,q,iang,1,見歌一開,平,1,歯音,全清,ㅈ,歯音,全清,歯音,次清
3252,3558,稗,bài,139,99.8752028706,PHAY,ハイ,h,ai,False,b,ai,4,並佳二開,去,3,唇音,全清,ㅍ,唇音,次清,唇音,全清
3253,3559,俑,yǒng,139,99.8755214966,YONG,ヨウ,y,ou,False,y,ong,3,透東一開,平,1,喉音,次濁,ㅇ,喉音,次濁,喉音,次濁
3254,3560,竽,yú,139,99.8758401227,WU,ウ,,u,False,y,u,2,云虞三合,平,1,喉音,次濁,ㅇ,喉音,次濁,喉音,次濁
3255,3561,髡,kūn,139,99.8761587488,KON,コツ,k,otsu,True,k,un,1,溪魂一合,平,1,牙音,全清,ㄱ,牙音,全清,牙音,次清
3256,3562,烊,yáng,138,99.8769518756,YANG,ヨウ,y,ou,False,y,ang,2,以陽三開,平,1,喉音,次濁,ㅇ,喉音,次濁,喉音,次濁
3257,3563,赭,zhě,138,99.8772682095,CA,シャ,s,ha,False,zh,e,3,章麻三開,上,2,歯音,全清,ㅈ,歯音,全清,歯音,全清
3258,3564,瞭,liǎo,137,99.8777415641,LYO,リョウ,r,you,False,l,iao,3,來蕭四開,平,1,流音,次濁,ㄹ,流音,次濁,舌音,次濁
3259,3565,瞭,liào,137,99.8777415641,LYO,リョウ,r,you,False,l,iao,4,來蕭四開,平,1,流音,次濁,ㄹ,流音,次濁,舌音,次濁
3260,3566,岷,mín,137,99.8780556056,MIN,ビン,b,in,False,m,in,2,明眞三開,平,1,唇音,全濁,ㅁ,唇音,次濁,唇音,次濁
3261,3567,砭,biān,137,99.8785266679,PHYEM,ヘン,h,en,False,b,ian,1,幫鹽三開,平,1,唇音,全清,ㅍ,唇音,次清,唇音,全清
3262,3568,唁,yàn,136,99.8786825425,EN,ゲン,g,en,False,y,an,4,疑仙三開,去,3,牙音,全濁,ㅇ,喉音,次濁,喉音,次濁
3263,3569,蹇,jiǎn,136,99.8788384172,KEN,ケン,k,en,False,j,ian,3,見元三開,上,2,牙音,全清,ㄱ,牙音,全清,歯音,全清
3264,3570,爰,yuán,136,99.8789942918,WEN,エン,,en,False,y,uan,2,云元三合,平,1,喉音,次濁,ㅇ,喉音,次濁,喉音,次濁
3265,3571,蜥,xī,136,99.8793060411,SEK,セキ,s,eki,True,x,i,1,心青四開,入,4,歯音,全清,ㅅ,歯音,全清,歯音,次清
3266,3572,鏖,áo,136,99.8794619157,O,オウ,,ou,False,,ao,2,影豪一開,平,1,喉音,次濁,ㅇ,喉音,次濁,喉音,次濁
3267,3573,恁,nèn,136,99.8796177904,IM,ジン,j,in,False,n,en,4,日侵三開,平,1,歯音,全濁,ㅇ,喉音,次濁,舌音,次濁
3268,3574,潸,shān,135,99.8800819758,SAN,サン,s,an,False,sh,an,1,生刪二開,平,1,歯音,全清,ㅅ,歯音,全清,歯音,次清
3269,3575,楹,yíng,135,99.8805461613,YENG,エイ,,ei,False,y,ing,2,以清三開,平,1,喉音,次濁,ㅇ,喉音,次濁,喉音,次濁
3270,3577,佗,tuó,134,99.8811616369,THA,タ,t,a,False,t,uo,2,定歌一開,平,1,舌音,全清,ㅌ,舌音,次清,舌音,次清
3271,3578,祚,zuò,134,99.881622384,CO,ソ,s,o,False,z,uo,4,從模一開,去,3,歯音,全清,ㅈ,歯音,全清,歯音,全清
3272,3579,粕,pò,133,99.8820819849,PAK,ハク,h,aku,True,p,o,4,滂唐一合,入,4,唇音,全清,ㅂ,唇音,全清,唇音,次清
3273,3580,袤,mào,133,99.8822344212,MWU,モウ,m,ou,False,m,ao,4,明侯一開,去,3,唇音,次濁,ㅁ,唇音,次濁,唇音,次濁
3274,3581,湟,huáng,133,99.8826917298,HWANG,コウ,k,ou,False,h,uang,2,匣唐一合,平,1,牙音,全清,ㅎ,喉音,次清,牙音,次清
3275,3582,趿,tā,133,99.8829966023,SAP,ソウ,s,ou,False,t,a,1,心覃一開,入,4,歯音,全清,ㅅ,歯音,全清,舌音,次清
3276,3583,斛,hú,133,99.8831490385,KOK,コク,k,oku,True,h,u,2,匣東一開,入,4,牙音,全清,ㄱ,牙音,全清,牙音,次清
3277,3584,臬,niè,133,99.883453911,EL,ゲツ,g,etsu,True,n,ie,4,疑先四開,入,4,牙音,全濁,ㅇ,喉音,次濁,舌音,次濁
3278,3585,嫠,lí,132,99.8840590713,LI,リ,r,i,False,l,i,2,來之三開,平,1,流音,次濁,ㄹ,流音,次濁,舌音,次濁
3279,3586,稹,zhěn,132,99.8843616515,CIN,シン,s,hin,False,zh,en,3,章眞三開,平,1,歯音,全清,ㅈ,歯音,全清,歯音,全清
3280,3587,隗,wěi,131,99.8848143756,OY,カイ,k,ai,False,w,ei,3,疑灰一合,上,2,牙音,全清,ㅇ,喉音,次濁,喉音,次濁
3281,3588,岫,xiù,131,99.8852648075,SWU,シュウ,s,huu,False,x,iu,4,邪尤三開,去,3,歯音,全清,ㅅ,歯音,全清,歯音,次清
3282,3589,翕,xī,131,99.8857152393,HUP,キュウ,k,yuu,False,x,i,1,曉侵三開,入,4,牙音,全清,ㅎ,喉音,次清,歯音,次清
3283,3590,酊,dīng,131,99.8858653832,CENG,テイ,t,ei,False,d,ing,1,端青四開,上,2,舌音,全清,ㅈ,歯音,全清,舌音,全清
3284,3591,爻,yáo,130,99.886164525,HYO,コウ,k,ou,False,y,ao,2,匣肴二開,平,1,牙音,全清,ㅎ,喉音,次清,喉音,次濁
3285,3592,涫,guàn,129,99.8872029252,KWAN,カン,k,an,False,g,uan,4,見桓一合,平,1,牙音,全清,ㄱ,牙音,全清,牙音,全清
3286,3593,螳,táng,129,99.8877943319,TANG,トウ,t,ou,False,t,ang,2,定唐一開,平,1,舌音,全清,ㄷ,舌音,全清,舌音,次清
3287,3594,嶂,zhàng,128,99.888381154,CANG,ショウ,s,hou,False,zh,ang,4,章陽三開,去,3,歯音,全清,ㅈ,歯音,全清,歯音,全清
3288,3595,庾,yǔ,128,99.8885278595,YU,ユ,y,u,False,y,u,3,以虞三合,上,2,喉音,次濁,ㅇ,喉音,次濁,喉音,次濁
3289,3596,泱,yāng,128,99.8886745651,ANG,オウ,,ou,False,y,ang,1,影陽三開,平,1,喉音,次濁,ㅇ,喉音,次濁,喉音,次濁
3290,3597,歙,shè,127,99.889552506,HUP,キュウ,k,yuu,False,sh,e,4,曉侵三開,入,4,牙音,全清,ㅎ,喉音,次清,歯音,次清
3291,3599,遑,huáng,127,99.8899891842,HWANG,コウ,k,ou,False,h,uang,2,匣唐一合,平,1,牙音,全清,ㅎ,喉音,次清,牙音,次清
3292,3600,菠,bō,126,99.8902791569,PHA,ハ,h,a,False,b,o,1,幫戈一合,平,1,唇音,全清,ㅍ,唇音,次清,唇音,全清
3293,3601,玖,jiǔ,126,99.8904235702,KWU,ク,k,u,True,j,iu,3,見尤三開,上,2,牙音,全清,ㄱ,牙音,全清,歯音,全清
3294,3603,妯,zhóu,126,99.8907123967,CHWUK,チク,c,hiku,True,zh,ou,2,徹尤三開,平,1,舌音,全清,ㅊ,歯音,次清,歯音,全清
3295,3604,俎,zǔ,126,99.891434463,CO,ソ,s,o,False,z,u,3,莊魚三開,上,2,歯音,全清,ㅈ,歯音,全清,歯音,全清
3296,3605,妗,jìn,125,99.8917209973,KUM,セン,s,en,False,j,in,4,昌鹽三開,平,1,歯音,全清,ㄱ,牙音,全清,歯音,全清
3297,3606,倨,jù,125,99.8918642644,KE,キョ,k,yo,False,j,u,4,見魚三開,去,3,牙音,全清,ㄱ,牙音,全清,歯音,全清
3298,3607,郃,hé,124,99.8921496525,HAP,キョウ,k,you,False,h,e,2,匣覃一開,入,4,牙音,全清,ㅎ,喉音,次清,牙音,次清
3299,3608,祗,zhī,124,99.8922917735,CI,シ,s,hi,False,zh,i,1,章脂三開,平,1,歯音,全清,ㅈ,歯音,全清,歯音,全清
3300,3609,膘,biāo,123,99.8931433533,PHYO,ヒョウ,h,you,False,b,iao,1,並宵三開,上,2,唇音,全清,ㅍ,唇音,次清,唇音,全清
3301,3610,蚨,fú,123,99.8939892024,PWU,フ,f,u,False,f,u,2,並虞三合,平,1,唇音,全清,ㅂ,唇音,全清,唇音,次清
3302,3611,醪,láo,123,99.8941301773,LYO,ロウ,r,ou,False,l,ao,2,來豪一開,平,1,流音,次濁,ㄹ,流音,次濁,舌音,次濁
3303,3612,踽,jǔ,123,99.8942711522,WU,ク,k,u,True,j,u,3,溪虞三合,上,2,牙音,全清,ㅇ,喉音,次濁,歯音,全清
3304,3613,雒,luò,123,99.894412127,LAK,ラク,r,aku,True,l,uo,4,來唐一開,入,4,流音,次濁,ㄹ,流音,次濁,舌音,次濁
3305,3614,夤,yín,122,99.8946917844,IN,イン,,in,False,y,in,2,以眞三開,平,1,喉音,次濁,ㅇ,喉音,次濁,喉音,次濁
3306,3615,箸,zhù,122,99.8951112706,CE,チョ,c,ho,False,zh,u,4,知魚三開,去,3,舌音,全清,ㅈ,歯音,全清,歯音,全清
3307,3616,俳,pái,121,99.8953897819,PAY,ハイ,h,ai,False,p,ai,2,並皆二開,平,1,唇音,全清,ㅂ,唇音,全清,唇音,次清
3308,3617,淦,gàn,121,99.895667147,KEM,カン,k,an,False,g,an,4,見覃一開,平,1,牙音,全清,ㄱ,牙音,全清,牙音,全清
3309,3618,槎,chá,121,99.8958058296,CHA,サ,s,a,False,ch,a,2,崇麻二開,平,1,歯音,全清,ㅊ,歯音,次清,歯音,次清
3310,3619,縯,yǎn,120,99.8960820486,YEN,イン,,in,False,y,an,3,以眞三開,上,2,喉音,次濁,ㅇ,喉音,次濁,喉音,次濁
3311,3620,醴,lǐ,120,99.8969072673,LYEY,レイ,r,ei,False,l,i,3,來齊四開,上,2,流音,次濁,ㄹ,流音,次濁,舌音,次濁
3312,3622,濠,háo,119,99.8974539747,HO,ゴウ,g,ou,False,h,ao,2,匣豪一開,平,1,牙音,全濁,ㅎ,喉音,次清,牙音,次清
3313,3623,宥,yòu,119,99.897590365,YU,ユウ,y,uu,False,y,ou,4,云尤三開,去,3,喉音,次濁,ㅇ,喉音,次濁,喉音,次濁
3314,3624,蛩,qióng,119,99.8978631456,KONG,キョウ,k,you,False,q,iong,2,群鍾三開,平,1,牙音,全清,ㄱ,牙音,全清,歯音,次清
3315,3625,蛞,kuò,119,99.8979995359,HWAL,カツ,k,atsu,True,k,uo,4,溪桓一合,入,4,牙音,全清,ㅎ,喉音,次清,牙音,次清
3316,3626,醢,hǎi,119,99.8982723165,HAY,カイ,k,ai,False,h,ai,3,曉咍一開,上,2,牙音,全清,ㅎ,喉音,次清,牙音,次清
3317,3627,壹,yī,118,99.8984075607,IL,イツ,,itsu,True,y,i,1,影眞三開,入,4,喉音,次濁,ㅇ,喉音,次濁,喉音,次濁
3318,3628,乜,miē,118,99.898678049,MYA,バ,b,a,False,m,ie,1,明麻三開,上,2,唇音,全濁,ㅁ,唇音,次濁,唇音,次濁
3319,3629,兖,yǎn,118,99.8988132932,YEN,エン,,en,False,y,an,3,以仙三合,上,2,喉音,次濁,ㅇ,喉音,次濁,喉音,次濁
3320,3630,苕,sháo,118,99.8989485373,CHO,ショウ,s,hou,False,sh,ao,2,定蕭四開,平,1,歯音,全清,ㅊ,歯音,次清,歯音,次清
3321,3631,渚,zhǔ,118,99.8992190257,CE,ショ,s,ho,False,zh,u,3,章魚三開,上,2,歯音,全清,ㅈ,歯音,全清,歯音,全清
3322,3632,覃,tán,118,99.899489514,TAM,タン,t,an,False,t,an,2,定覃一開,平,1,舌音,全清,ㄷ,舌音,全清,舌音,次清
3323,3633,踔,chuō,117,99.9000259061,THAK,タク,t,aku,True,ch,uo,1,徹肴二開,去,3,舌音,全清,ㅌ,舌音,次清,歯音,次清
3324,3635,洹,huán,116,99.9010918136,WEN,エン,,en,False,h,uan,2,云元三合,平,1,喉音,次濁,ㅇ,喉音,次濁,牙音,次清
3325,3636,濯,zhuó,116,99.9012247655,THAK,タク,t,aku,True,zh,uo,2,澄肴二開,去,3,舌音,全清,ㅌ,舌音,次清,歯音,全清
3326,3637,逖,tì,116,99.9013577174,CEK,テキ,t,eki,True,t,i,4,透青四開,入,4,舌音,全清,ㅈ,歯音,全清,舌音,次清
3327,3638,楂,zhā,116,99.9014906692,SA,サ,s,a,False,zh,a,1,崇麻二開,平,1,歯音,全清,ㅅ,歯音,全清,歯音,全清
3328,3639,佻,tiāo,115,99.9021519903,CO,チョウ,c,hou,False,t,iao,1,透蕭四開,平,1,舌音,全清,ㅈ,歯音,全清,舌音,次清
3329,3640,矍,jué,115,99.9022837961,HWAK,カク,k,aku,True,j,ue,2,見陽三合,入,4,牙音,全清,ㅎ,喉音,次清,歯音,全清
3330,3641,囿,yòu,115,99.9024156018,YU,ユウ,y,uu,False,y,ou,4,云尤三開,去,3,喉音,次濁,ㅇ,喉音,次濁,喉音,次濁
3331,3642,酩,mǐng,114,99.9030711922,MYENG,メイ,m,ei,False,m,ing,3,明青四開,上,2,唇音,次濁,ㅁ,唇音,次濁,唇音,次濁
3332,3643,毖,bì,113,99.9032007057,PI,ヒ,h,i,False,b,i,4,幫脂三開,去,3,唇音,全清,ㅂ,唇音,全清,唇音,全清
3333,3645,陂,pí,113,99.9034597326,PHI,ヒ,h,i,False,p,i,2,幫支三開,平,1,唇音,全清,ㅍ,唇音,次清,唇音,次清
3334,3646,苡,yǐ,113,99.9035892461,I,イ,,i,False,y,i,3,以之三開,上,2,喉音,次濁,ㅇ,喉音,次濁,喉音,次濁
3335,3647,悌,tì,113,99.9037187596,CEY,テイ,t,ei,False,t,i,4,定齊四開,上,2,舌音,全清,ㅈ,歯音,全清,舌音,次清
3336,3648,秣,mò,113,99.9042368135,MAL,マツ,m,atsu,True,m,o,4,明桓一合,入,4,唇音,次濁,ㅁ,唇音,次濁,唇音,次濁
3337,3649,槊,shuò,113,99.904366327,SAK,サク,s,aku,True,sh,uo,4,生江二開,入,4,歯音,全清,ㅅ,歯音,全清,歯音,次清
3338,3651,佝,gōu,111,99.9053921197,KWU,ク,k,u,True,g,ou,1,曉侯一開,去,3,牙音,全清,ㄱ,牙音,全清,牙音,全清
3339,3652,鄣,zhāng,111,99.9055193409,CANG,ショウ,s,hou,False,zh,ang,1,章陽三開,平,1,歯音,全清,ㅈ,歯音,全清,歯音,全清
3340,3653,寮,liáo,111,99.9056465621,LYO,リョウ,r,you,False,l,iao,2,來蕭四開,平,1,流音,次濁,ㄹ,流音,次濁,舌音,次濁
3341,3654,褓,bǎo,111,99.9059010045,PO,ホウ,h,ou,False,b,ao,3,幫豪一開,上,2,唇音,全清,ㅂ,唇音,全清,唇音,全清
3342,3655,跏,jiā,111,99.9061554469,KA,カ,k,a,False,j,ia,1,見麻二開,平,1,牙音,全清,ㄱ,牙音,全清,歯音,全清
3343,3656,蹼,pǔ,111,99.9062826681,POK,ボク,b,oku,True,p,u,3,幫東一開,入,4,唇音,全濁,ㅂ,唇音,全清,唇音,次清
3344,3657,魍,wǎng,111,99.9064098893,MANG,モウ,m,ou,False,w,ang,3,明陽三合,上,2,唇音,次濁,ㅁ,唇音,次濁,喉音,次濁
3345,3658,蓖,bì,110,99.9067892607,PI,ヒ,h,i,False,b,i,4,幫齊四開,平,1,唇音,全清,ㅂ,唇音,全清,唇音,全清
3346,3659,汐,xī,110,99.9070414108,SEK,セキ,s,eki,True,x,i,1,邪清三開,入,4,歯音,全清,ㅅ,歯音,全清,歯音,次清
3347,3660,芩,qín,110,99.907293561,KUM,キン,k,in,False,q,in,2,群侵三開,平,1,牙音,全清,ㄱ,牙音,全清,歯音,次清
3348,3662,笊,zhào,110,99.9077978613,CO,ソウ,s,ou,False,zh,ao,4,莊肴二開,上,2,歯音,全清,ㅈ,歯音,全清,歯音,全清
3349,3663,痔,zhì,109,99.9081749403,CHI,ジ,j,i,False,zh,i,4,澄之三開,上,2,歯音,全濁,ㅊ,歯音,次清,歯音,全清
3350,3664,呦,yōu,109,99.9082998693,YU,ユウ,y,uu,False,y,ou,1,影幽三開,平,1,喉音,次濁,ㅇ,喉音,次濁,喉音,次濁
3351,3665,獐,zhāng,109,99.9084247982,CANG,ショウ,s,hou,False,zh,ang,1,章陽三開,平,1,歯音,全清,ㅈ,歯音,全清,歯音,全清
3352,3666,翳,yì,109,99.9086746561,YEY,エイ,,ei,False,y,i,4,影齊四開,平,1,喉音,次濁,ㅇ,喉音,次濁,喉音,次濁
3353,3667,挈,qiè,109,99.908799585,SEL,ケツ,k,etsu,True,q,ie,4,溪先四開,入,4,牙音,全清,ㅅ,歯音,全清,歯音,次清
3354,3668,挈,qiè,109,99.908799585,KYEY,ケツ,k,etsu,True,q,ie,4,溪先四開,入,4,牙音,全清,ㄱ,牙音,全清,歯音,次清
3355,3669,蕨,jué,108,99.9094196452,KWEL,ケツ,k,etsu,True,j,ue,2,見元三合,入,4,牙音,全清,ㄱ,牙音,全清,歯音,全清
3356,3671,笳,jiā,108,99.9104099075,KA,カ,k,a,False,j,ia,1,見麻二開,平,1,牙音,全清,ㄱ,牙音,全清,歯音,全清
3357,3672,醮,jiào,108,99.9105336903,CHO,ショウ,s,hou,False,j,iao,4,精宵三開,平,1,歯音,全清,ㅊ,歯音,次清,歯音,全清
3358,3673,跎,tuó,108,99.9106574731,THA,タ,t,a,False,t,uo,2,定歌一開,平,1,舌音,全清,ㅌ,舌音,次清,舌音,次清
3359,3674,陲,chuí,108,99.9109050387,SWU,スイ,s,ui,False,ch,ui,2,常支三合,平,1,歯音,全清,ㅅ,歯音,全清,歯音,次清
3360,3675,郯,tán,106,99.9118849859,TAM,タン,t,an,False,t,an,2,定談一開,平,1,舌音,全清,ㄷ,舌音,全清,舌音,次清
3361,3676,匏,páo,106,99.9122494575,PHO,ホウ,h,ou,False,p,ao,2,並肴二開,平,1,唇音,全清,ㅍ,唇音,次清,唇音,次清
3362,3678,榧,fěi,106,99.9124924385,PI,ヒ,h,i,False,f,ei,3,幫微三合,上,2,唇音,全清,ㅂ,唇音,全清,唇音,次清
3363,3679,翦,jiǎn,106,99.9129784006,CEN,セン,s,en,False,j,ian,3,精仙三開,上,2,歯音,全清,ㅈ,歯音,全清,歯音,全清
3364,3680,雎,jū,106,99.9130998911,CE,ショ,s,ho,False,j,u,1,清魚三開,平,1,歯音,全清,ㅈ,歯音,全清,歯音,全清
3365,3681,堋,péng,105,99.9132202355,PWUL,ホウ,h,ou,False,p,eng,2,並登一開,平,1,唇音,全清,ㅂ,唇音,全清,唇音,次清
3366,3682,遨,áo,105,99.9133405799,O,ゴウ,g,ou,False,,ao,2,疑豪一開,平,1,牙音,全濁,ㅇ,喉音,次濁,喉音,次濁
3367,3683,媾,gòu,105,99.9135812687,KWU,コウ,k,ou,False,g,ou,4,見侯一開,去,3,牙音,全清,ㄱ,牙音,全清,牙音,全清
3368,3684,牖,yǒu,105,99.9137016131,YU,ユウ,y,uu,False,y,ou,3,以尤三開,上,2,喉音,次濁,ㅇ,喉音,次濁,喉音,次濁
3369,3685,掾,yuàn,105,99.9139423018,YEN,エン,,en,False,y,uan,4,以仙三合,去,3,喉音,次濁,ㅇ,喉音,次濁,喉音,次濁
3370,3686,孱,chán,104,99.9141806983,CAN,セン,s,en,False,ch,an,2,崇山二開,平,1,歯音,全清,ㅈ,歯音,全清,歯音,次清
3371,3687,娉,pīng,104,99.9142998966,PING,ヘイ,h,ei,False,p,ing,1,滂清三開,去,3,唇音,全清,ㅂ,唇音,全清,唇音,次清
3372,3688,胱,guāng,104,99.9145382931,KWANG,コウ,k,ou,False,g,uang,1,見唐一合,平,1,牙音,全清,ㄱ,牙音,全清,牙音,全清
3373,3689,稔,rěn,104,99.9148958878,YEM,ジン,j,in,False,r,en,3,日侵三開,上,2,歯音,全濁,ㅇ,喉音,次濁,歯音,次濁
3374,3690,稔,rěn,104,99.9148958878,IM,ジン,j,in,False,r,en,3,日侵三開,上,2,歯音,全濁,ㅇ,喉音,次濁,歯音,次濁
3375,3691,襁,qiǎng,104,99.9150150861,KANG,キョウ,k,you,False,q,iang,3,見陽三開,上,2,牙音,全清,ㄱ,牙音,全清,歯音,次清
3376,3692,邨,cūn,104,99.9153726808,CHON,ソン,s,on,False,c,un,1,定魂一合,平,1,歯音,全清,ㅊ,歯音,次清,歯音,次清
3377,3693,卣,yǒu,103,99.9154907329,YU,ユウ,y,uu,False,y,ou,3,以尤三開,平,1,喉音,次濁,ㅇ,喉音,次濁,喉音,次濁
3378,3694,芾,fèi,103,99.9156087851,PI,ヒ,h,i,False,f,ei,4,幫微三合,去,3,唇音,全清,ㅂ,唇音,全清,唇音,次清
3379,3695,葩,pā,103,99.9157268372,PHA,ハ,h,a,False,p,a,1,滂麻二開,平,1,唇音,全清,ㅍ,唇音,次清,唇音,次清
3380,3696,睇,dì,103,99.9158448893,CEY,テイ,t,ei,False,d,i,4,透齊四開,平,1,舌音,全清,ㅈ,歯音,全清,舌音,全清
3381,3697,癯,qú,103,99.9159629414,KWU,ク,k,u,True,q,u,2,群虞三合,平,1,牙音,全清,ㄱ,牙音,全清,歯音,次清
3382,3698,劭,shào,102,99.9164328576,CHO,ショウ,s,hou,False,sh,ao,4,常宵三開,去,3,歯音,全清,ㅊ,歯音,次清,歯音,次清
3383,3699,濉,suī,102,99.9165497636,SWU,スイ,s,ui,False,s,ui,1,心脂三合,平,1,歯音,全清,ㅅ,歯音,全清,歯音,次清
3384,3700,肱,gōng,102,99.9169004815,KOYNG,コウ,k,ou,False,g,ong,1,見登一合,平,1,牙音,全清,ㄱ,牙音,全清,牙音,全清
3385,3701,缶,fǒu,102,99.9174850114,PWU,カン,k,an,False,f,ou,3,幫尤三開,上,2,牙音,全清,ㅂ,唇音,全清,唇音,次清
3386,3702,餮,tiè,102,99.9176019173,CHEL,テツ,t,etsu,True,t,ie,4,透先四開,入,4,舌音,全清,ㅊ,歯音,次清,舌音,次清
3387,3703,蹴,cù,101,99.9187595157,CHWUK,シュウ,s,huu,False,c,u,4,清東三開,入,4,歯音,全清,ㅊ,歯音,次清,歯音,次清
3388,3704,髁,kē,101,99.9188752756,HWA,カ,k,a,False,k,e,1,溪戈一合,平,1,牙音,全清,ㅎ,喉音,次清,牙音,次清
3389,3705,髁,kē,101,99.9188752756,KWA,カ,k,a,False,k,e,1,溪戈一合,平,1,牙音,全清,ㄱ,牙音,全清,牙音,次清
3390,3706,魃,bá,101,99.9189910354,PAL,バツ,b,atsu,True,b,a,2,並桓一合,入,4,唇音,全濁,ㅂ,唇音,全清,唇音,全清
3391,3708,彀,gòu,100,99.9196798638,KWU,コウ,k,ou,False,g,ou,4,見侯一開,去,3,牙音,全清,ㄱ,牙音,全清,牙音,全清
3392,3709,鞫,jū,100,99.9201383186,KWU,キク,k,iku,True,j,u,1,見東三開,入,4,牙音,全清,ㄱ,牙音,全清,歯音,全清
3393,3710,劬,qú,99,99.9202517861,KWU,ク,k,u,True,q,u,2,群虞三合,平,1,牙音,全清,ㄱ,牙音,全清,歯音,次清
3394,3711,汨,mì,99,99.9205921888,KOL,ベキ,b,eki,True,m,i,4,云眞三合,入,4,唇音,全濁,ㄱ,牙音,全清,唇音,次濁
3395,3712,汨,mì,99,99.9205921888,MYEK,ベキ,b,eki,True,m,i,4,云眞三合,入,4,唇音,全濁,ㅁ,唇音,次濁,唇音,次濁
3396,3713,袢,pàn,99,99.9209325915,PEN,ハン,h,an,False,p,an,4,並元三合,平,1,唇音,全清,ㅂ,唇音,全清,唇音,次清
3397,3715,鞴,bèi,99,99.9212729942,PI,ビ,b,i,False,b,ei,4,並脂三開,去,3,唇音,全濁,ㅂ,唇音,全清,唇音,全清
3398,3716,僦,jiù,99,99.9213864618,CHWU,シュウ,s,huu,False,j,iu,4,精尤三開,去,3,歯音,全清,ㅊ,歯音,次清,歯音,全清
3399,3717,焱,yàn,99,99.9216133969,HYEK,エン,,en,False,y,an,4,以鹽三開,去,3,喉音,次濁,ㅎ,喉音,次清,喉音,次濁
3400,3718,匚,fāng,98,99.9219515073,PANG,ホウ,h,ou,False,f,ang,1,幫陽三合,平,1,唇音,全清,ㅂ,唇音,全清,唇音,次清
3401,3719,壅,yōng,98,99.9220638288,ONG,ヨウ,y,ou,False,y,ong,1,影鍾三開,平,1,喉音,次濁,ㅇ,喉音,次濁,喉音,次濁
3402,3720,嗌,ài,98,99.922400793,AYK,エキ,,eki,True,,ai,4,影清三開,入,4,喉音,次濁,ㅇ,喉音,次濁,喉音,次濁
3403,3721,嗌,ài,98,99.922400793,I,エキ,,eki,True,,ai,4,影清三開,入,4,喉音,次濁,ㅇ,喉音,次濁,喉音,次濁
3404,3722,簟,diàn,98,99.9228500788,CEM,テン,t,en,False,d,ian,4,定添四開,上,2,舌音,全清,ㅈ,歯音,全清,舌音,全清
3405,3723,舂,chōng,98,99.9229624002,YONG,ショウ,s,hou,False,ch,ong,1,書鍾三開,平,1,歯音,全清,ㅇ,喉音,次濁,歯音,次清
3406,3724,柢,dǐ,97,99.9231847508,CE,テイ,t,ei,False,d,i,3,端齊四開,平,1,舌音,全清,ㅈ,歯音,全清,舌音,全清
3407,3725,牝,pìn,97,99.9232959261,PIN,ヒン,h,in,False,p,in,4,並脂三開,上,2,唇音,全清,ㅂ,唇音,全清,唇音,次清
3408,3726,堀,kū,97,99.9240741531,KWUL,クツ,k,utsu,True,k,u,1,群文三合,入,4,牙音,全清,ㄱ,牙音,全清,牙音,次清
3409,3727,莒,jǔ,96,99.9242942114,KE,キョ,k,yo,False,j,u,3,見魚三開,上,2,牙音,全清,ㄱ,牙音,全清,歯音,全清
3410,3728,嗉,sù,96,99.9244042406,SO,ソ,s,o,False,s,u,4,心模一開,去,3,歯音,全清,ㅅ,歯音,全清,歯音,次清
3411,3729,杷,pá,96,99.9245142697,PHA,ハ,h,a,False,p,a,2,並麻二開,平,1,唇音,全清,ㅍ,唇音,次清,唇音,次清
3412,3730,嗾,sǒu,95,99.9249509479,CWU,ソウ,s,ou,False,s,ou,3,心侯一開,上,2,歯音,全清,ㅈ,歯音,全清,歯音,次清
3413,3731,嶝,dèng,95,99.925604246,TUNG,トウ,t,ou,False,d,eng,4,端登一開,去,3,舌音,全清,ㄷ,舌音,全清,舌音,全清
3414,3732,苜,mù,94,99.9257119829,MOK,モク,m,oku,True,m,u,4,明東三開,入,4,唇音,次濁,ㅁ,唇音,次濁,唇音,次濁
3415,3733,狎,xiá,94,99.9258197198,AP,コウ,k,ou,False,x,ia,2,匣銜二開,入,4,牙音,全清,ㅇ,喉音,次濁,歯音,次清
3416,3734,蠲,juān,94,99.9260351935,KYEN,ケイ,k,ei,False,j,uan,1,見先四合,平,1,牙音,全清,ㄱ,牙音,全清,歯音,全清
3417,3735,黍,shǔ,93,99.9264638488,SE,ショ,s,ho,False,sh,u,3,書魚三開,上,2,歯音,全清,ㅅ,歯音,全清,歯音,次清
3418,3736,吒,zhā,93,99.9265704395,THAK,タ,t,a,False,zh,a,1,知麻二開,去,3,舌音,全清,ㅌ,舌音,次清,歯音,全清
3419,3737,吒,zhā,93,99.9265704395,THA,タ,t,a,False,zh,a,1,知麻二開,去,3,舌音,全清,ㅌ,舌音,次清,歯音,全清
3420,3738,梏,gù,93,99.9268902118,KOK,コク,k,oku,True,g,u,4,見冬一開,入,4,牙音,全清,ㄱ,牙音,全清,牙音,全清
3421,3739,槭,qì,93,99.9269968025,SAYK,サク,s,aku,True,q,i,4,精東三開,入,4,歯音,全清,ㅅ,歯音,全清,歯音,次清
3422,3740,槭,cù,93,99.9269968025,CHWUK,サク,s,aku,True,c,u,4,精東三開,入,4,歯音,全清,ㅊ,歯音,次清,歯音,次清
3423,3741,槭,cù,93,99.9269968025,SAYK,サク,s,aku,True,c,u,4,精東三開,入,4,歯音,全清,ㅅ,歯音,全清,歯音,次清
3424,3742,槭,qì,93,99.9269968025,CHWUK,サク,s,aku,True,q,i,4,精東三開,入,4,歯音,全清,ㅊ,歯音,次清,歯音,次清
3425,3743,裾,jū,93,99.927209984,KE,キョ,k,yo,False,j,u,1,見魚三開,平,1,牙音,全清,ㄱ,牙音,全清,歯音,全清
3426,3744,逶,wēi,92,99.9278426516,WI,イ,,i,False,w,ei,1,影支三合,平,1,喉音,次濁,ㅇ,喉音,次濁,喉音,次濁
3427,3745,珈,jiā,92,99.9279480962,KA,カ,k,a,False,j,ia,1,見麻二開,平,1,牙音,全清,ㄱ,牙音,全清,歯音,全清
3428,3746,肫,zhūn,92,99.9280535408,SWUN,ジュン,j,un,False,zh,un,1,章諄三合,平,1,歯音,全濁,ㅅ,歯音,全清,歯音,全清
3429,3747,笪,dá,92,99.92826443,TAL,タツ,t,atsu,True,d,a,2,端寒一開,上,2,舌音,全清,ㄷ,舌音,全清,舌音,全清
3430,3748,笪,dá,92,99.92826443,TAN,タツ,t,atsu,True,d,a,2,端寒一開,上,2,舌音,全清,ㄷ,舌音,全清,舌音,全清
3431,3751,獯,xūn,91,99.9287870685,HWUN,クン,k,un,False,x,un,1,曉文三合,平,1,牙音,全清,ㅎ,喉音,次清,歯音,次清
3432,3752,炷,zhù,91,99.9292042624,CWU,シュ,s,hu,False,zh,u,4,章虞三合,上,2,歯音,全清,ㅈ,歯音,全清,歯音,全清
3433,3754,巽,xùn,91,99.9295171578,SON,ソン,s,on,False,x,un,4,心魂一合,去,3,歯音,全清,ㅅ,歯音,全清,歯音,次清
3434,3755,圜,huán,91,99.9296214563,HWAN,エン,,en,False,h,uan,2,匣刪二合,平,1,喉音,次濁,ㅎ,喉音,次清,牙音,次清
3435,3756,圜,huán,91,99.9296214563,WEN,エン,,en,False,h,uan,2,匣刪二合,平,1,喉音,次濁,ㅇ,喉音,次濁,牙音,次清
3436,3757,刖,yuè,91,99.9297257547,WEL,ゲツ,g,etsu,True,y,ue,4,疑元三合,入,4,牙音,全濁,ㅇ,喉音,次濁,喉音,次濁
3437,3758,啖,dàn,90,99.9300363579,TAM,タン,t,an,False,d,an,4,定談一開,上,2,舌音,全清,ㄷ,舌音,全清,舌音,全清
3438,3759,愀,qiǎo,90,99.9301395102,CHO,シュウ,s,huu,False,q,iao,3,清宵三開,上,2,歯音,全清,ㅊ,歯音,次清,歯音,次清
3439,3760,琰,yǎn,90,99.9307584242,YEM,エン,,en,False,y,an,3,以鹽三開,上,2,喉音,次濁,ㅇ,喉音,次濁,喉音,次濁
3440,3761,繇,yáo,90,99.9311710335,YO,ヨウ,y,ou,False,y,ao,2,以宵三開,平,1,喉音,次濁,ㅇ,喉音,次濁,喉音,次濁
3441,3762,赧,nǎn,90,99.9312741859,NAN,タン,t,an,False,n,an,3,娘刪二開,上,2,舌音,全清,ㄴ,舌音,次濁,舌音,次濁
3442,3763,菅,jiān,89,99.9315824967,KWAN,カン,k,an,False,j,ian,1,見刪二開,平,1,牙音,全清,ㄱ,牙音,全清,歯音,全清
3443,3764,槿,jǐn,89,99.9319905215,KUN,キン,k,in,False,j,in,3,見欣三開,上,2,牙音,全清,ㄱ,牙音,全清,歯音,全清
3444,3766,噱,xué,88,99.9328019865,KYAK,キャク,k,yaku,True,x,ue,2,群陽三開,入,4,牙音,全清,ㄱ,牙音,全清,歯音,次清
3445,3768,噌,cēng,87,99.9331022744,CUNG,ソ,s,o,False,c,eng,1,初耕二開,平,1,歯音,全清,ㅈ,歯音,全清,歯音,次清
3446,3769,噌,cēng,87,99.9331022744,CAYNG,ソ,s,o,False,c,eng,1,初耕二開,平,1,歯音,全清,ㅈ,歯音,全清,歯音,次清
3447,3770,燧,suì,87,99.9332019883,SWU,スイ,s,ui,False,s,ui,4,邪脂三合,去,3,歯音,全清,ㅅ,歯音,全清,歯音,次清
3448,3771,鏊,ào,87,99.9335011301,O,ゴウ,g,ou,False,,ao,4,疑豪一開,去,3,牙音,全濁,ㅇ,喉音,次濁,喉音,次濁
3449,3772,勰,xié,86,99.9335996979,HYEP,キョウ,k,you,False,x,ie,2,匣添四開,入,4,牙音,全清,ㅎ,喉音,次清,歯音,次清
3450,3773,盍,hé,86,99.9340925368,HAP,コウ,k,ou,False,h,e,2,匣談一開,入,4,牙音,全清,ㅎ,喉音,次清,牙音,次清
3451,3774,曷,hé,86,99.9343882401,KAL,カツ,k,atsu,True,h,e,2,匣寒一開,入,4,牙音,全清,ㄱ,牙音,全清,牙音,次清
3452,3775,鬯,chàng,85,99.9345842296,CHENG,チョウ,c,hou,False,ch,ang,4,徹陽三開,去,3,舌音,全清,ㅊ,歯音,次清,歯音,次清
3453,3776,畚,běn,85,99.9346816512,PWUN,ホン,h,on,False,b,en,3,幫魂一合,上,2,唇音,全清,ㅂ,唇音,全清,唇音,全清
3454,3777,芨,jī,85,99.9347790729,KUP,キュウ,k,yuu,False,j,i,1,見侵三開,入,4,牙音,全清,ㄱ,牙音,全清,歯音,全清
3455,3778,芟,shān,85,99.9348764945,SAM,サン,s,an,False,sh,an,1,生銜二開,平,1,歯音,全清,ㅅ,歯音,全清,歯音,次清
3456,3779,旃,zhān,85,99.9350713378,CEN,セン,s,en,False,zh,an,1,章仙三開,平,1,歯音,全清,ㅈ,歯音,全清,歯音,全清
3457,3780,畛,zhěn,85,99.9351687594,CIN,シン,s,hin,False,zh,en,3,章眞三開,平,1,歯音,全清,ㅈ,歯音,全清,歯音,全清
3458,3781,魈,xiāo,85,99.9353636027,SO,ショウ,s,hou,False,x,iao,1,心宵三開,平,1,歯音,全清,ㅅ,歯音,全清,歯音,次清
3459,3782,牯,gǔ,85,99.9354610244,KO,コ,k,o,False,g,u,3,見模一開,上,2,牙音,全清,ㄱ,牙音,全清,牙音,全清
3460,3783,啁,zhāo,84,99.9358472726,CO,トウ,t,ou,False,zh,ao,1,知肴二開,平,1,舌音,全清,ㅈ,歯音,全清,歯音,全清
3461,3784,啁,zhāo,84,99.9358472726,CWU,トウ,t,ou,False,zh,ao,1,知肴二開,平,1,舌音,全清,ㅈ,歯音,全清,歯音,全清
3462,3785,湫,jiǎo,84,99.9360398236,CHWU,シュウ,s,huu,False,j,iao,3,清尤三開,平,1,歯音,全清,ㅊ,歯音,次清,歯音,全清
3463,3786,枇,pí,84,99.9362323746,PI,ビ,b,i,False,p,i,2,並脂三開,平,1,唇音,全濁,ㅂ,唇音,全清,唇音,次清
3464,3788,仟,qiān,83,99.9370954158,CHEN,セン,s,en,False,q,ian,1,清先四開,平,1,歯音,全清,ㅊ,歯音,次清,歯音,次清
3465,3789,芫,yán,83,99.9372856745,WEN,ゲン,g,en,False,y,an,2,疑元三合,平,1,牙音,全濁,ㅇ,喉音,次濁,喉音,次濁
3466,3790,呤,lìng,83,99.9373808039,LYENG,レイ,r,ei,False,l,ing,4,來青四開,平,1,流音,次濁,ㄹ,流音,次濁,舌音,次濁
3467,3791,悒,yì,83,99.9375710626,UP,ユウ,y,uu,False,y,i,4,影侵三開,入,4,喉音,次濁,ㅇ,喉音,次濁,喉音,次濁
3468,3792,篾,miè,83,99.9379515801,MYEL,ベツ,b,etsu,True,m,ie,4,明先四開,入,4,唇音,全濁,ㅁ,唇音,次濁,唇音,次濁
3469,3793,箝,qián,83,99.9383320976,KYEM,カン,k,an,False,q,ian,2,群鹽三開,平,1,牙音,全清,ㄱ,牙音,全清,歯音,次清
3470,3794,囟,xìn,82,99.9385212102,SIN,シン,s,hin,False,x,in,4,心眞三開,去,3,歯音,全清,ㅅ,歯音,全清,歯音,次清
3471,3795,芰,jì,82,99.9386151935,KI,キ,k,i,True,j,i,4,群支三開,去,3,牙音,全清,ㄱ,牙音,全清,歯音,全清
3472,3796,莠,yǒu,82,99.9387091767,YU,ユウ,y,uu,False,y,ou,3,以尤三開,上,2,喉音,次濁,ㅇ,喉音,次濁,喉音,次濁
3473,3797,喁,yóng,82,99.9388031599,WU,ギョウ,g,you,False,y,ong,2,疑鍾三開,平,1,牙音,全濁,ㅇ,喉音,次濁,喉音,次濁
3474,3798,喁,yóng,82,99.9388031599,ONG,ギョウ,g,you,False,y,ong,2,疑鍾三開,平,1,牙音,全濁,ㅇ,喉音,次濁,喉音,次濁
3475,3799,慊,qiàn,82,99.9388971432,KYEM,ケン,k,en,False,q,ian,4,溪添四開,上,2,牙音,全清,ㄱ,牙音,全清,歯音,次清
3476,3800,慊,qiàn,82,99.9388971432,HYEP,ケン,k,en,False,q,ian,4,溪添四開,上,2,牙音,全清,ㅎ,喉音,次清,歯音,次清
3477,3801,旆,pèi,82,99.9390851096,PHAY,ハイ,h,ai,False,p,ei,4,並泰一開,去,3,唇音,全清,ㅍ,唇音,次清,唇音,次清
3478,3802,穰,ráng,82,99.9392730761,YANG,ジョウ,j,ou,False,r,ang,2,日陽三開,平,1,歯音,全濁,ㅇ,喉音,次濁,歯音,次濁
3479,3803,柞,zhà,81,99.9395538797,CHAYK,サク,s,aku,True,zh,a,4,精唐一開,入,4,歯音,全清,ㅊ,歯音,次清,歯音,全清
3480,3804,柞,zhà,81,99.9395538797,CAK,サク,s,aku,True,zh,a,4,精唐一開,入,4,歯音,全清,ㅈ,歯音,全清,歯音,全清
3481,3806,鄢,yān,81,99.9399252281,EN,エン,,en,False,y,an,1,影仙三開,平,1,喉音,次濁,ㅇ,喉音,次濁,喉音,次濁
3482,3807,吡,bǐ,81,99.9400180652,PHIL,ヒツ,h,itsu,True,b,i,3,滂支三開,上,2,唇音,全清,ㅍ,唇音,次清,唇音,全清
3483,3808,隳,huī,81,99.9402037394,HYU,キ,k,i,True,h,ui,1,曉支三合,平,1,牙音,全清,ㅎ,喉音,次清,牙音,次清
3484,3809,枰,píng,81,99.9402965765,PHYENG,ヘイ,h,ei,False,p,ing,2,並庚三開,平,1,唇音,全清,ㅍ,唇音,次清,唇音,次清
3485,3810,阡,qiān,80,99.9407573236,CHEN,セン,s,en,False,q,ian,1,清先四開,平,1,歯音,全清,ㅊ,歯音,次清,歯音,次清
3486,3811,菹,zū,80,99.9409407055,CE,シャ,s,ha,False,z,u,1,莊魚三開,平,1,歯音,全清,ㅈ,歯音,全清,歯音,全清
3487,3812,菹,jū,80,99.9409407055,CE,シャ,s,ha,False,j,u,1,莊魚三開,平,1,歯音,全清,ㅈ,歯音,全清,歯音,全清
3488,3814,涑,sù,80,99.9412157784,SO,ソク,s,oku,True,s,u,4,心侯一開,平,1,歯音,全清,ㅅ,歯音,全清,歯音,次清
3489,3815,瑭,táng,80,99.9413074693,TANG,トウ,t,ou,False,t,ang,2,定唐一開,平,1,舌音,全清,ㄷ,舌音,全清,舌音,次清
3490,3816,饔,yōng,80,99.9414908513,ONG,ヨウ,y,ou,False,y,ong,1,影鍾三開,平,1,喉音,次濁,ㅇ,喉音,次濁,喉音,次濁
3491,3817,妊,rèn,80,99.9415825422,IM,ニン,n,in,False,r,en,4,日侵三開,去,3,舌音,次濁,ㅇ,喉音,次濁,歯音,次濁
3492,3818,艮,gěn,80,99.9416742332,KAN,コン,k,on,False,g,en,3,見痕一開,去,3,牙音,全清,ㄱ,牙音,全清,牙音,全清
3493,3819,芪,qí,79,99.9419470138,KI,キ,k,i,True,q,i,2,群支三開,平,1,牙音,全清,ㄱ,牙音,全清,歯音,次清
3494,3820,菽,shū,79,99.9420375586,SWU,シュク,s,huku,True,sh,u,1,書東三開,入,4,歯音,全清,ㅅ,歯音,全清,歯音,次清
3495,3821,桎,zhì,79,99.9422186483,CIL,シツ,s,hitsu,True,zh,i,4,章眞三開,入,4,歯音,全清,ㅈ,歯音,全清,歯音,全清
3496,3822,窀,zhūn,79,99.9423091931,TWUN,チュン,c,hun,False,zh,un,1,知諄三合,平,1,舌音,全清,ㄷ,舌音,全清,歯音,全清
3497,3823,蚴,yòu,79,99.9423997379,YU,ユウ,y,uu,False,y,ou,4,影幽三開,上,2,喉音,次濁,ㅇ,喉音,次濁,喉音,次濁
3498,3824,萸,yú,78,99.9426702262,YU,ユ,y,u,False,y,u,2,以虞三合,平,1,喉音,次濁,ㅇ,喉音,次濁,喉音,次濁
3499,3825,嵬,wéi,78,99.9427596249,OY,カイ,k,ai,False,w,ei,2,疑灰一合,平,1,牙音,全清,ㅇ,喉音,次濁,喉音,次濁
3500,3826,痍,yí,78,99.9429384223,I,イ,,i,False,y,i,2,以脂三開,平,1,喉音,次濁,ㅇ,喉音,次濁,喉音,次濁
3501,3827,磔,zhé,78,99.9433854157,CHAYK,タク,t,aku,True,zh,e,2,知庚二開,入,4,舌音,全清,ㅊ,歯音,次清,歯音,全清
3502,3828,罘,fú,78,99.9434748144,PWU,フ,f,u,False,f,u,2,並尤三開,平,1,唇音,全清,ㅂ,唇音,全清,唇音,次清
3503,3829,泠,líng,77,99.9440043297,LYENG,リョウ,r,you,False,l,ing,2,來青四開,平,1,流音,次濁,ㄹ,流音,次濁,舌音,次濁
3504,3830,蟊,máo,77,99.9441808348,MO,ボウ,b,ou,False,m,ao,2,明尤三開,平,1,唇音,全濁,ㅁ,唇音,次濁,唇音,次濁
3505,3831,帑,tǎng,77,99.9444455925,NO,ド,d,o,False,t,ang,3,泥模一開,平,1,舌音,全濁,ㄴ,舌音,次濁,舌音,次清
3506,3832,帑,tǎng,77,99.9444455925,THANG,ド,d,o,False,t,ang,3,泥模一開,平,1,舌音,全濁,ㅌ,舌音,次清,舌音,次清
3507,3833,聃,dān,77,99.944533845,TAM,タン,t,an,False,d,an,1,透談一開,平,1,舌音,全清,ㄷ,舌音,全清,舌音,全清
3508,3834,珩,héng,77,99.9446220976,HYENG,ギョウ,g,you,False,h,eng,2,匣庚二開,平,1,牙音,全濁,ㅎ,喉音,次清,牙音,次清
3509,3835,訇,hōng,76,99.944709204,KOYNG,キン,k,in,False,h,ong,1,匣先四合,平,1,牙音,全清,ㄱ,牙音,全清,牙音,次清
3510,3836,狷,juàn,76,99.9448834168,KYEN,ケン,k,en,False,j,uan,4,見先四合,去,3,牙音,全清,ㄱ,牙音,全清,歯音,全清
3511,3837,淝,féi,76,99.9450576297,PI,ヒ,h,i,False,f,ei,2,並微三合,平,1,唇音,全清,ㅂ,唇音,全清,唇音,次清
3512,3838,灞,bà,76,99.9451447361,PHA,ハ,h,a,False,b,a,4,幫麻二開,去,3,唇音,全清,ㅍ,唇音,次清,唇音,全清
3513,3839,玳,dài,76,99.9453189489,TAY,タイ,t,ai,False,d,ai,4,定咍一開,去,3,舌音,全清,ㄷ,舌音,全清,舌音,全清
3514,3840,觳,hú,76,99.9454060553,KOK,カク,k,aku,True,h,u,2,匣東一開,入,4,牙音,全清,ㄱ,牙音,全清,牙音,次清
3515,3841,愆,qiān,76,99.9454931617,KEN,ケン,k,en,False,q,ian,1,溪仙三開,平,1,牙音,全清,ㄱ,牙音,全清,歯音,次清
3516,3842,蹰,chú,76,99.9458415874,CWU,チュ,c,hu,False,ch,u,2,澄虞三合,平,1,舌音,全清,ㅈ,歯音,全清,歯音,次清
3517,3843,捌,bā,75,99.9460146541,PHAL,ハチ,h,achi,True,b,a,1,幫山二開,入,4,唇音,全清,ㅍ,唇音,次清,唇音,全清
3518,3844,倥,kǒng,75,99.9461006143,KONG,コウ,k,ou,False,k,ong,3,溪東一開,平,1,牙音,全清,ㄱ,牙音,全清,牙音,次清
3519,3845,羸,léi,75,99.9461865746,LI,ルイ,r,ui,False,l,ei,2,來支三合,平,1,流音,次濁,ㄹ,流音,次濁,舌音,次濁
3520,3846,痂,jiā,75,99.946616376,KA,カ,k,a,False,j,ia,1,見麻二開,平,1,牙音,全清,ㄱ,牙音,全清,歯音,全清
3521,3847,俅,qiú,74,99.9468719646,KWU,キュウ,k,yuu,False,q,iu,2,群尤三開,平,1,牙音,全清,ㄱ,牙音,全清,歯音,次清
3522,3848,芡,qiàn,74,99.9469567787,KEM,ケン,k,en,False,q,ian,4,群鹽三開,上,2,牙音,全清,ㄱ,牙音,全清,歯音,次清
3523,3849,薜,bì,74,99.9470415928,PYEK,ヘイ,h,ei,False,b,i,4,並齊四開,去,3,唇音,全清,ㅂ,唇音,全清,唇音,全清
3524,3850,薜,bì,74,99.9470415928,PHYEY,ヘイ,h,ei,False,b,i,4,並齊四開,去,3,唇音,全清,ㅍ,唇音,次清,唇音,全清
3525,3851,罟,gǔ,74,99.9472960353,KO,コ,k,o,False,g,u,3,見模一開,上,2,牙音,全清,ㄱ,牙音,全清,牙音,全清
3526,3852,萋,qī,74,99.9473808494,CHE,セイ,s,ei,False,q,i,1,清齊四開,平,1,歯音,全清,ㅊ,歯音,次清,歯音,次清
3527,3853,菔,fú,73,99.9474645174,POK,フク,f,uku,True,f,u,2,並東三開,入,4,唇音,全清,ㅂ,唇音,全清,唇音,次清
3528,3854,罾,zēng,73,99.9477155214,CUNG,ソウ,s,ou,False,z,eng,1,精登一開,平,1,歯音,全清,ㅈ,歯音,全清,歯音,全清
3529,3855,鞣,róu,73,99.9478828574,YU,ジュウ,j,uu,False,r,ou,2,日尤三開,平,1,歯音,全濁,ㅇ,喉音,次濁,歯音,次濁
3530,3856,郴,chēn,73,99.9479665254,CHIM,チン,c,hin,False,ch,en,1,徹侵三開,平,1,舌音,全清,ㅊ,歯音,次清,歯音,次清
3531,3857,邈,miǎo,73,99.9481338614,MAK,バク,b,aku,True,m,iao,3,明江二開,入,4,唇音,全濁,ㅁ,唇音,次濁,唇音,次濁
3532,3858,唳,lì,72,99.9482989052,LYE,レイ,r,ei,False,l,i,4,來齊四開,去,3,流音,次濁,ㄹ,流音,次濁,舌音,次濁
3533,3859,薨,hōng,72,99.9488765582,HWUNG,コウ,k,ou,False,h,ong,1,曉登一合,平,1,牙音,全清,ㅎ,喉音,次清,牙音,次清
3534,3860,薨,hōng,72,99.9488765582,HOYNG,コウ,k,ou,False,h,ong,1,曉登一合,平,1,牙音,全清,ㅎ,喉音,次清,牙音,次清
3535,3861,禳,ráng,72,99.9489590801,YANG,ジョウ,j,ou,False,r,ang,2,日陽三開,平,1,歯音,全濁,ㅇ,喉音,次濁,歯音,次濁
3536,3862,摭,zhí,71,99.949284583,CHEK,セキ,s,eki,True,zh,i,2,章清三開,入,4,歯音,全清,ㅊ,歯音,次清,歯音,全清
3537,3863,圄,yǔ,71,99.9493659587,E,ギョ,g,yo,False,y,u,3,疑魚三開,上,2,牙音,全濁,ㅇ,喉音,次濁,喉音,次濁
3538,3864,獬,xiè,71,99.9494473344,HAY,カイ,k,ai,False,x,ie,4,匣佳二開,上,2,牙音,全清,ㅎ,喉音,次清,歯音,次清
3539,3865,嬖,bì,71,99.9496100859,PHYEY,ヘイ,h,ei,False,b,i,4,幫齊四開,去,3,唇音,全清,ㅍ,唇音,次清,唇音,全清
3540,3866,晟,chéng,71,99.9497728374,SENG,セイ,s,ei,False,ch,eng,2,常清三開,去,3,歯音,全清,ㅅ,歯音,全清,歯音,次清
3541,3867,磬,qìng,71,99.9500169645,KYENG,ケイ,k,ei,False,q,ing,4,溪青四開,去,3,牙音,全清,ㄱ,牙音,全清,歯音,次清
3542,3868,跣,xiǎn,71,99.9500983403,SEN,セン,s,en,False,x,ian,3,心先四開,上,2,歯音,全清,ㅅ,歯音,全清,歯音,次清
3543,3870,仞,rèn,70,99.9503413213,IN,ジン,j,in,False,r,en,4,日眞三開,去,3,歯音,全濁,ㅇ,喉音,次濁,歯音,次濁
3544,3871,芊,qiān,70,99.9504215509,CHEN,セン,s,en,False,q,ian,1,清先四開,平,1,歯音,全清,ㅊ,歯音,次清,歯音,次清
3545,3872,菖,chāng,70,99.9505017805,CHANG,ショウ,s,hou,False,ch,ang,1,昌陽三開,平,1,歯音,全清,ㅊ,歯音,次清,歯音,次清
3546,3873,拊,fǔ,70,99.9505820101,PWU,フ,f,u,False,f,u,3,滂虞三合,上,2,唇音,全清,ㅂ,唇音,全清,唇音,次清
3547,3874,醵,jù,70,99.9509831581,KYAK,キョ,k,yo,False,j,u,4,群魚三開,平,1,牙音,全清,ㄱ,牙音,全清,歯音,全清
3548,3875,醵,jù,70,99.9509831581,KE,キョ,k,yo,False,j,u,4,群魚三開,平,1,牙音,全清,ㄱ,牙音,全清,歯音,全清
3549,3876,嘏,gǔ,69,99.9512227007,KA,カ,k,a,False,g,u,3,見麻二開,上,2,牙音,全清,ㄱ,牙音,全清,牙音,全清
3550,3877,嘏,gǔ,69,99.9512227007,HA,カ,k,a,False,g,u,3,見麻二開,上,2,牙音,全清,ㅎ,喉音,次清,牙音,全清
3551,3878,卟,bǔ,69,99.9513808676,KEY,ケイ,k,ei,False,b,u,3,見齊四開,平,1,牙音,全清,ㄱ,牙音,全清,唇音,全清
3552,3879,囹,líng,69,99.9514599511,LYENG,レイ,r,ei,False,l,ing,2,來青四開,平,1,流音,次濁,ㄹ,流音,次濁,舌音,次濁
3553,3880,猢,hú,69,99.9515390345,HO,コ,k,o,False,h,u,2,匣模一開,平,1,牙音,全清,ㅎ,喉音,次清,牙音,次清
3554,3881,桁,héng,69,99.951618118,HYENG,コウ,k,ou,False,h,eng,2,匣唐一開,平,1,牙音,全清,ㅎ,喉音,次清,牙音,次清
3555,3882,桁,héng,69,99.951618118,HANG,コウ,k,ou,False,h,eng,2,匣唐一開,平,1,牙音,全清,ㅎ,喉音,次清,牙音,次清
3556,3883,粢,zī,69,99.9516972014,CA,シ,s,hi,False,z,i,1,精脂三開,平,1,歯音,全清,ㅈ,歯音,全清,歯音,全清
3557,3884,葺,qì,68,99.952011243,CUP,シュウ,s,huu,False,q,i,4,清侵三開,入,4,歯音,全清,ㅈ,歯音,全清,歯音,次清
3558,3885,菟,tù,67,99.9527871777,TO,ト,t,o,False,t,u,4,定模一開,平,1,舌音,全清,ㄷ,舌音,全清,舌音,次清
3559,3886,嘬,zuō,67,99.9528639689,CHOY,サイ,s,ai,False,z,uo,1,初夬二合,去,3,歯音,全清,ㅊ,歯音,次清,歯音,全清
3560,3887,寤,wù,67,99.9529407601,O,ゴ,g,o,False,w,u,4,疑模一開,去,3,牙音,全濁,ㅇ,喉音,次濁,喉音,次濁
3561,3888,瘀,yū,67,99.9531711336,E,オ,,o,False,y,u,1,影魚三開,去,3,喉音,次濁,ㅇ,喉音,次濁,喉音,次濁
3562,3889,痼,gù,66,99.9541568115,KO,コ,k,o,False,g,u,4,見模一開,去,3,牙音,全清,ㄱ,牙音,全清,牙音,全清
3563,3890,羯,jié,66,99.9542324565,KAL,カツ,k,atsu,True,j,ie,2,見元三開,入,4,牙音,全清,ㄱ,牙音,全清,歯音,全清
3564,3891,躅,zhú,66,99.9543837466,CHOK,チョク,c,hoku,True,zh,u,2,澄鍾三開,入,4,舌音,全清,ㅊ,歯音,次清,歯音,全清
3565,3892,眦,zì,66,99.9544593916,CA,シ,s,hi,False,z,i,4,崇佳二開,去,3,歯音,全清,ㅈ,歯音,全清,歯音,全清
3566,3893,墀,chí,66,99.9545350367,CI,チ,c,hi,True,ch,i,2,澄脂三開,平,1,舌音,全清,ㅈ,歯音,全清,歯音,次清
3567,3894,鼗,táo,65,99.9547596795,TO,トウ,t,ou,False,t,ao,2,定豪一開,平,1,舌音,全清,ㄷ,舌音,全清,舌音,次清
3568,3896,徉,yáng,65,99.9549831763,YANG,ヨウ,y,ou,False,y,ang,2,以陽三開,平,1,喉音,次濁,ㅇ,喉音,次濁,喉音,次濁
3569,3898,舸,gě,65,99.9554301697,KA,カ,k,a,False,g,e,3,見歌一開,上,2,牙音,全清,ㄱ,牙音,全清,牙音,全清
3570,3899,鼙,pí,65,99.9555791675,PI,バイ,b,ai,False,p,i,2,並齊四開,平,1,唇音,全濁,ㅂ,唇音,全清,唇音,次清
3571,3900,綦,qí,65,99.9556536664,KI,キ,k,i,True,q,i,2,群之三開,平,1,牙音,全清,ㄱ,牙音,全清,歯音,次清
3572,3901,猊,ní,65,99.9557281653,YEY,ゲイ,g,ei,False,n,i,2,疑齊四開,平,1,牙音,全濁,ㅇ,喉音,次濁,舌音,次濁
3573,3902,芎,xiōng,64,99.9558015181,KWUNG,キュウ,k,yuu,False,x,iong,1,溪東三開,平,1,牙音,全清,ㄱ,牙音,全清,歯音,次清
3574,3903,芎,qiōng,64,99.9558015181,KWUNG,キュウ,k,yuu,False,q,iong,1,溪東三開,平,1,牙音,全清,ㄱ,牙音,全清,歯音,次清
3575,3904,蕖,qú,64,99.9558748709,KE,キョ,k,yo,False,q,u,2,群魚三開,平,1,牙音,全清,ㄱ,牙音,全清,歯音,次清
3576,3905,琮,cóng,64,99.9560215764,CONG,ソウ,s,ou,False,c,ong,2,從冬一開,平,1,歯音,全清,ㅈ,歯音,全清,歯音,次清
3577,3906,柘,zhè,64,99.9560949292,CA,シャ,s,ha,False,zh,e,4,章麻三開,去,3,歯音,全清,ㅈ,歯音,全清,歯音,全清
3578,3909,珞,luò,63,99.957113845,LAK,ラク,r,aku,True,l,uo,4,來唐一開,入,4,流音,次濁,ㄹ,流音,次濁,舌音,次濁
3579,3910,槲,hú,63,99.9571860516,KOK,コク,k,oku,True,h,u,2,匣東一開,入,4,牙音,全清,ㄱ,牙音,全清,牙音,次清
3580,3911,衿,jīn,63,99.9574026715,KUM,キン,k,in,False,j,in,1,見侵三開,平,1,牙音,全清,ㄱ,牙音,全清,歯音,全清
3581,3912,跫,qióng,63,99.9575470848,KONG,キョウ,k,you,False,q,iong,2,溪江二開,平,1,牙音,全清,ㄱ,牙音,全清,歯音,次清
3582,3913,肄,yì,63,99.9576192914,I,イ,,i,False,y,i,4,以脂三開,去,3,喉音,次濁,ㅇ,喉音,次濁,喉音,次濁
3583,3914,髑,dú,63,99.957691498,CHOK,ドク,d,oku,True,d,u,2,定東一開,入,4,舌音,全濁,ㅊ,歯音,次清,舌音,全清
3584,3915,邰,tái,63,99.9577637047,THAY,タイ,t,ai,False,t,ai,2,透咍一開,平,1,舌音,全清,ㅌ,舌音,次清,舌音,次清
3585,3916,倬,zhuō,62,99.9578347652,THAK,タク,t,aku,True,zh,uo,1,知江二開,入,4,舌音,全清,ㅌ,舌音,次清,歯音,全清
3586,3917,疴,kē,62,99.9582611281,A,ア,,a,False,k,e,1,溪麻二開,去,3,喉音,次濁,ㅇ,喉音,次濁,牙音,次清
3587,3918,荏,rěn,61,99.958402103,IM,ジン,j,in,False,r,en,3,日侵三開,上,2,歯音,全濁,ㅇ,喉音,次濁,歯音,次濁
3588,3919,葑,fēng,61,99.9584720173,PHWUNG,ホウ,h,ou,False,f,eng,1,幫鍾三開,平,1,唇音,全清,ㅍ,唇音,次清,唇音,次清
3589,3920,玎,dīng,61,99.9586118461,CENG,テイ,t,ei,False,d,ing,1,知耕二開,平,1,舌音,全清,ㅈ,歯音,全清,舌音,全清
3590,3921,炅,jiǒng,61,99.9586817604,KYENG,ケイ,k,ei,False,j,iong,3,見青四合,上,2,牙音,全清,ㄱ,牙音,全清,歯音,全清
3591,3922,焯,chāo,61,99.9588215891,CAK,シャク,s,haku,True,ch,ao,1,章陽三開,入,4,歯音,全清,ㅈ,歯音,全清,歯音,次清
3592,3923,茱,zhū,60,99.9591001004,SWU,シュ,s,hu,False,zh,u,1,常虞三合,平,1,歯音,全清,ㅅ,歯音,全清,歯音,全清
3593,3924,昴,mǎo,60,99.9592376369,MYO,ボウ,b,ou,False,m,ao,3,明肴二開,上,2,唇音,全濁,ㅁ,唇音,次濁,唇音,次濁
3594,3925,涪,fú,60,99.9595127098,PWU,フ,f,u,False,f,u,2,並尤三開,平,1,唇音,全清,ㅂ,唇音,全清,唇音,次清
3595,3926,澍,shù,60,99.959581478,CWU,ジュ,j,u,False,sh,u,4,常虞三合,去,3,歯音,全濁,ㅈ,歯音,全清,歯音,次清
3596,3930,蘼,mí,59,99.9599872105,MI,ビ,b,i,False,m,i,2,明支三開,平,1,唇音,全濁,ㅁ,唇音,次濁,唇音,次濁
3597,3931,孳,zī,59,99.9601224547,CA,ジ,j,i,False,z,i,1,精之三開,平,1,歯音,全濁,ㅈ,歯音,全清,歯音,全清
3598,3932,椴,duàn,59,99.9601900767,TAN,ダン,d,an,False,d,uan,4,定桓一合,去,3,舌音,全濁,ㄷ,舌音,全清,舌音,全清
3599,3933,祜,hù,59,99.9607310534,HO,コ,k,o,False,h,u,4,匣模一開,上,2,牙音,全清,ㅎ,喉音,次清,牙音,次清
3600,3934,鬟,huán,59,99.9607986755,HWAN,カン,k,an,False,h,uan,2,匣刪二合,平,1,牙音,全清,ㅎ,喉音,次清,牙音,次清
3601,3935,蒺,jí,58,99.9609981033,CIL,シツ,s,hitsu,True,j,i,2,從眞三開,入,4,歯音,全清,ㅈ,歯音,全清,歯音,全清
3602,3936,徜,cháng,58,99.9610645793,SANG,ショウ,s,hou,False,ch,ang,2,常陽三開,平,1,歯音,全清,ㅅ,歯音,全清,歯音,次清
3603,3937,黧,lí,58,99.961396959,LYE,リ,r,i,False,l,i,2,來齊四開,平,1,流音,次濁,ㄹ,流音,次濁,舌音,次濁
3604,3938,黧,lí,58,99.961396959,LAY,リ,r,i,False,l,i,2,來齊四開,平,1,流音,次濁,ㄹ,流音,次濁,舌音,次濁
3605,3939,黧,lí,58,99.961396959,LI,リ,r,i,False,l,i,2,來齊四開,平,1,流音,次濁,ㄹ,流音,次濁,舌音,次濁
3606,3940,娠,shēn,58,99.961463435,SIN,シン,s,hin,False,sh,en,1,書眞三開,平,1,歯音,全清,ㅅ,歯音,全清,歯音,次清
3607,3941,帙,zhì,58,99.9615299109,CEL,チツ,c,hitsu,True,zh,i,4,澄眞三開,入,4,舌音,全清,ㅈ,歯音,全清,歯音,全清
3608,3942,帙,zhì,58,99.9615299109,CIL,チツ,c,hitsu,True,zh,i,4,澄眞三開,入,4,舌音,全清,ㅈ,歯音,全清,歯音,全清
3609,3944,嬲,niǎo,57,99.9617912302,NYO,ジョウ,j,ou,False,n,iao,3,泥蕭四開,上,2,歯音,全濁,ㄴ,舌音,次濁,舌音,次濁
3610,3945,杓,sháo,57,99.9619218898,CAK,シャク,s,haku,True,sh,ao,2,幫宵三開,平,1,歯音,全清,ㅈ,歯音,全清,歯音,次清
3611,3946,杓,sháo,57,99.9619218898,PHYO,シャク,s,haku,True,sh,ao,2,幫宵三開,平,1,歯音,全清,ㅍ,唇音,次清,歯音,次清
3612,3947,杓,biāo,57,99.9619218898,CAK,シャク,s,haku,True,b,iao,1,幫宵三開,平,1,歯音,全清,ㅈ,歯音,全清,唇音,全清
3613,3948,杓,biāo,57,99.9619218898,PHYO,シャク,s,haku,True,b,iao,1,幫宵三開,平,1,歯音,全清,ㅍ,唇音,次清,唇音,全清
3614,3949,楦,xuàn,57,99.9619872196,WEN,ケン,k,en,False,x,uan,4,曉元三合,去,3,牙音,全清,ㅇ,喉音,次濁,歯音,次清
3615,3950,耒,lěi,57,99.9621178792,LOY,ライ,r,ai,False,l,ei,3,來脂三合,上,2,流音,次濁,ㄹ,流音,次濁,舌音,次濁
3616,3951,挹,yì,57,99.9622485388,UP,ユウ,y,uu,False,y,i,4,影侵三開,入,4,喉音,次濁,ㅇ,喉音,次濁,喉音,次濁
3617,3952,悱,fěi,57,99.9623138686,PI,ヒ,h,i,False,f,ei,3,滂微三合,上,2,唇音,全清,ㅂ,唇音,全清,唇音,次清
3618,3953,疥,jiè,56,99.9626393716,KAY,カイ,k,ai,False,j,ie,4,見皆二開,去,3,牙音,全清,ㄱ,牙音,全清,歯音,全清
3619,3954,曛,xūn,56,99.9630244736,HWUN,クン,k,un,False,x,un,1,曉文三合,平,1,牙音,全清,ㅎ,喉音,次清,歯音,次清
3620,3955,隹,zhuī,56,99.9632812083,CHWU,サイ,s,ai,False,zh,ui,1,章脂三合,平,1,歯音,全清,ㅊ,歯音,次清,歯音,全清
3621,3956,鞔,mán,56,99.9634095756,MAN,バン,b,an,False,m,an,2,明桓一合,平,1,唇音,全濁,ㅁ,唇音,次濁,唇音,次濁
3622,3957,汞,gǒng,56,99.9634737593,HONG,コウ,k,ou,False,g,ong,3,匣東一開,上,2,牙音,全清,ㅎ,喉音,次清,牙音,全清
3623,3958,殳,shū,56,99.9636021266,SWI,シュ,s,hu,False,sh,u,1,常虞三合,平,1,歯音,全清,ㅅ,歯音,全清,歯音,次清
3624,3959,堞,dié,55,99.9636651642,CHEP,チョウ,c,hou,False,d,ie,2,定添四開,入,4,舌音,全清,ㅊ,歯音,次清,舌音,全清
3625,3960,跆,tái,55,99.9640433894,THAY,タイ,t,ai,False,t,ai,2,定咍一開,平,1,舌音,全清,ㅌ,舌音,次清,舌音,次清
3626,3961,捩,liè,55,99.9641064269,LYEL,レイ,r,ei,False,l,ie,4,來齊四開,去,3,流音,次濁,ㄹ,流音,次濁,舌音,次濁
3627,3962,蹉,cuō,55,99.9641694645,CHA,サ,s,a,False,c,uo,1,清歌一開,平,1,歯音,全清,ㅊ,歯音,次清,歯音,次清
3628,3963,楮,chǔ,55,99.964232502,CE,チョ,c,ho,False,ch,u,3,徹魚三開,上,2,舌音,全清,ㅈ,歯音,全清,歯音,次清
3629,3964,髀,bì,55,99.9642955395,PI,ヒ,h,i,False,b,i,4,幫支三開,上,2,唇音,全清,ㅂ,唇音,全清,唇音,全清
3630,3965,髀,bì,55,99.9642955395,PHYEY,ヒ,h,i,False,b,i,4,幫支三開,上,2,唇音,全清,ㅍ,唇音,次清,唇音,全清
3631,3966,莩,fú,54,99.9644193223,PHYO,フ,f,u,False,f,u,2,滂虞三合,平,1,唇音,全清,ㅍ,唇音,次清,唇音,次清
3632,3967,莩,fú,54,99.9644193223,PWU,フ,f,u,False,f,u,2,滂虞三合,平,1,唇音,全清,ㅂ,唇音,全清,唇音,次清
3633,3968,崤,xiáo,54,99.9645431051,HYO,コウ,k,ou,False,x,iao,2,匣肴二開,平,1,牙音,全清,ㅎ,喉音,次清,歯音,次清
3634,3969,瞽,gǔ,54,99.9648525621,KO,コ,k,o,False,g,u,3,見模一開,上,2,牙音,全清,ㄱ,牙音,全清,牙音,全清
3635,3970,踟,chí,54,99.9650382363,CI,チ,c,hi,True,ch,i,2,澄支三開,平,1,舌音,全清,ㅈ,歯音,全清,歯音,次清
3636,3971,岵,hù,54,99.9651001277,HO,コ,k,o,False,h,u,4,匣模一開,上,2,牙音,全清,ㅎ,喉音,次清,牙音,次清
3637,3972,殄,tiǎn,54,99.9651620191,CIN,テン,t,en,False,t,ian,3,定先四開,上,2,舌音,全清,ㅈ,歯音,全清,舌音,次清
3638,3973,皤,pó,54,99.9652239105,PHA,ハ,h,a,False,p,o,2,並戈一合,平,1,唇音,全清,ㅍ,唇音,次清,唇音,次清
3639,3974,儋,dān,54,99.9653476933,TAM,タン,t,an,False,d,an,1,端談一開,平,1,舌音,全清,ㄷ,舌音,全清,舌音,全清
3640,3975,褫,chǐ,54,99.9654095847,CHI,チ,c,hi,True,ch,i,3,澄支三開,平,1,舌音,全清,ㅊ,歯音,次清,歯音,次清
3641,3976,畀,bì,54,99.9654714761,PI,ヒ,h,i,False,b,i,4,幫脂三開,去,3,唇音,全清,ㅂ,唇音,全清,唇音,全清
3642,3977,蘩,fán,53,99.9656548581,PEN,ハン,h,an,False,f,an,2,並元三合,平,1,唇音,全清,ㅂ,唇音,全清,唇音,次清
3643,3979,肭,nà,53,99.9659585844,NWUL,ドツ,d,otsu,True,n,a,4,娘東三開,入,4,舌音,全濁,ㄴ,舌音,次濁,舌音,次濁
3644,3980,窳,yǔ,53,99.9662623107,YU,ユ,y,u,False,y,u,3,以虞三合,上,2,喉音,次濁,ㅇ,喉音,次濁,喉音,次濁
3645,3981,艚,cáo,53,99.9663230559,CO,ソウ,s,ou,False,c,ao,2,從豪一開,平,1,歯音,全清,ㅈ,歯音,全清,歯音,次清
3646,3982,迓,yà,53,99.9664445465,A,ガ,g,a,False,y,a,4,疑麻二開,去,3,牙音,全濁,ㅇ,喉音,次濁,喉音,次濁
3647,3983,眇,miǎo,53,99.9665052917,MYO,ビョウ,b,you,False,m,iao,3,明宵三開,上,2,唇音,全濁,ㅁ,唇音,次濁,唇音,次濁
3648,3984,枸,gǒu,52,99.9668032873,KWU,ク,k,u,True,g,ou,3,見侯一開,平,1,牙音,全清,ㄱ,牙音,全清,牙音,全清
3649,3985,糅,róu,52,99.967101283,YU,ジュウ,j,uu,False,r,ou,2,娘尤三開,去,3,歯音,全濁,ㅇ,喉音,次濁,歯音,次濁
3650,3986,葭,jiā,52,99.9671608821,KA,カ,k,a,False,j,ia,1,見麻二開,平,1,牙音,全清,ㄱ,牙音,全清,歯音,全清
3651,3987,廛,chán,52,99.9672204812,CEN,テン,t,en,False,ch,an,2,澄仙三開,平,1,舌音,全清,ㅈ,歯音,全清,歯音,次清
3652,3988,衽,rèn,52,99.9674588777,IM,ジン,j,in,False,r,en,4,日侵三開,去,3,歯音,全濁,ㅇ,喉音,次濁,歯音,次濁
3653,3989,黼,fǔ,52,99.967578076,PO,フ,f,u,False,f,u,3,幫虞三合,上,2,唇音,全清,ㅂ,唇音,全清,唇音,次清
3654,3990,茯,fú,51,99.9676949819,POK,ブク,b,uku,True,f,u,2,並東三開,入,4,唇音,全濁,ㅂ,唇音,全清,唇音,次清
3655,3991,堇,jǐn,51,99.9678118879,KUN,キン,k,in,False,j,in,3,群眞三開,平,1,牙音,全清,ㄱ,牙音,全清,歯音,全清
3656,3992,迕,wǔ,51,99.9679287939,O,ゴ,g,o,False,w,u,3,疑模一開,去,3,牙音,全濁,ㅇ,喉音,次濁,喉音,次濁
3657,3993,欹,qī,51,99.9680456999,UY,イ,,i,False,q,i,1,影支三開,平,1,喉音,次濁,ㅇ,喉音,次濁,歯音,次清
3658,3995,墉,yōng,51,99.9683964178,YONG,ヨウ,y,ou,False,y,ong,1,以鍾三開,平,1,喉音,次濁,ㅇ,喉音,次濁,喉音,次濁
3659,3996,矇,méng,50,99.9686875366,MONG,モウ,m,ou,False,m,eng,2,明東一開,平,1,唇音,次濁,ㅁ,唇音,次濁,唇音,次濁
3660,3997,滁,chú,50,99.9687448435,CE,チョ,c,ho,False,ch,u,2,澄魚三開,平,1,舌音,全清,ㅈ,歯音,全清,歯音,次清
3661,3998,侔,móu,50,99.9688021503,MO,ボウ,b,ou,False,m,ou,2,明尤三開,平,1,唇音,全濁,ㅁ,唇音,次濁,唇音,次濁
3662,3999,亳,bó,50,99.9688594572,PAK,ハク,h,aku,True,b,o,2,並唐一合,入,4,唇音,全清,ㅂ,唇音,全清,唇音,全清
3663,4000,鄞,yín,50,99.968916764,UN,ギン,g,in,False,y,in,2,疑眞三開,平,1,牙音,全濁,ㅇ,喉音,次濁,喉音,次濁
3664,4001,洮,táo,50,99.9690886846,TO,トウ,t,ou,False,t,ao,2,以宵三開,平,1,舌音,全清,ㄷ,舌音,全清,舌音,次清
3665,4002,婧,jìng,50,99.9691459914,CENG,セイ,s,ei,False,j,ing,4,精清三開,平,1,歯音,全清,ㅈ,歯音,全清,歯音,全清
3666,4003,擘,bò,50,99.9692032983,PYEK,ハク,h,aku,True,b,o,4,幫耕二開,入,4,唇音,全清,ㅂ,唇音,全清,唇音,全清
3667,4004,祉,zhǐ,50,99.9693752188,CI,シ,s,hi,False,zh,i,3,徹之三開,上,2,歯音,全清,ㅈ,歯音,全清,歯音,全清
3668,4005,類,lèi,50,99.9694898325,LYU,ルイ,r,ui,False,l,ei,4,來脂三合,去,3,流音,次濁,ㄹ,流音,次濁,舌音,次濁
3669,4006,鬣,liè,50,99.9696044462,LYEP,リョウ,r,you,False,l,ie,4,來鹽三開,入,4,流音,次濁,ㄹ,流音,次濁,舌音,次濁
3670,4007,蹀,dié,50,99.9697190599,CEP,チョウ,c,hou,False,d,ie,2,定添四開,入,4,舌音,全清,ㅈ,歯音,全清,舌音,全清
3671,4008,蒯,kuǎi,50,99.9697763668,KOY,カイ,k,ai,False,k,uai,3,溪皆二合,去,3,牙音,全清,ㄱ,牙音,全清,牙音,次清
3672,4009,偬,zǒng,49,99.9700021558,CHONG,ソウ,s,ou,False,z,ong,3,精東一開,上,2,歯音,全清,ㅊ,歯音,次清,歯音,全清
3673,4010,膂,lǚ,49,99.9703391201,LYE,リョ,r,yo,False,l,ü,3,來魚三開,上,2,流音,次濁,ㄹ,流音,次濁,舌音,次濁
3674,4011,虺,huǐ,49,99.9705637629,HWEY,カイ,k,ai,False,h,ui,3,曉皆二合,平,1,牙音,全清,ㅎ,喉音,次清,牙音,次清
3675,4012,鼬,yòu,49,99.9706199236,YU,ユウ,y,uu,False,y,ou,4,以尤三開,去,3,喉音,次濁,ㅇ,喉音,次濁,喉音,次濁
3676,4013,姝,shū,49,99.9706760843,CWU,シュ,s,hu,False,sh,u,1,昌虞三合,平,1,歯音,全清,ㅈ,歯音,全清,歯音,次清
3677,4014,暝,míng,49,99.9707322451,MYENG,メイ,m,ei,False,m,ing,2,明青四開,平,1,唇音,次濁,ㅁ,唇音,次濁,唇音,次濁
3678,4015,艟,chōng,49,99.9707884058,TONG,ドウ,d,ou,False,ch,ong,1,昌鍾三開,平,1,舌音,全濁,ㄷ,舌音,全清,歯音,次清
3679,4016,杼,zhù,48,99.9709545956,CE,ジョ,j,o,False,zh,u,4,澄魚三開,上,2,歯音,全濁,ㅈ,歯音,全清,歯音,全清
3680,4017,楝,liàn,48,99.9710096102,LYEN,レン,r,en,False,l,ian,4,來先四開,去,3,流音,次濁,ㄹ,流音,次濁,舌音,次濁
3681,4018,砬,lá,48,99.9710646248,LIP,リュウ,r,yuu,False,l,a,2,來侵三開,入,4,流音,次濁,ㄹ,流音,次濁,舌音,次濁
3682,4019,秫,shú,48,99.9711746539,CHWUL,ジュツ,j,utsu,True,sh,u,2,船諄三合,入,4,歯音,全濁,ㅊ,歯音,次清,歯音,次清
3683,4020,稞,kē,48,99.9712296685,KWA,カ,k,a,False,k,e,1,溪戈一合,平,1,牙音,全清,ㄱ,牙音,全清,牙音,次清
3684,4021,蝮,fù,48,99.9714497268,POK,フク,f,uku,True,f,u,4,滂東三開,入,4,唇音,全清,ㅂ,唇音,全清,唇音,次清
3685,4022,銎,qióng,48,99.9715047414,KONG,ク,k,u,True,q,iong,2,曉鍾三開,平,1,牙音,全清,ㄱ,牙音,全清,歯音,次清
3686,4023,暾,tūn,48,99.9716697851,TON,トン,t,on,False,t,un,1,透魂一合,平,1,舌音,全清,ㄷ,舌音,全清,舌音,次清
3687,4024,佶,jí,47,99.9717786682,KIL,キツ,k,itsu,True,j,i,2,群眞三開,入,4,牙音,全清,ㄱ,牙音,全清,歯音,全清
3688,4025,郅,zhì,47,99.9718325366,CIL,シツ,s,hitsu,True,zh,i,4,章眞三開,入,4,歯音,全清,ㅈ,歯音,全清,歯音,全清
3689,4026,汜,sì,47,99.971886405,SA,シ,s,hi,False,s,i,4,邪之三開,上,2,歯音,全清,ㅅ,歯音,全清,歯音,次清
3690,4027,湓,pén,47,99.9719402735,PWUN,フン,f,un,False,p,en,2,並魂一合,平,1,唇音,全清,ㅂ,唇音,全清,唇音,次清
3691,4028,睥,pì,47,99.9721557472,PI,ヘイ,h,ei,False,p,i,4,滂齊四開,去,3,唇音,全清,ㅂ,唇音,全清,唇音,次清
3692,4030,麇,jūn,47,99.9723173526,KWUN,キン,k,in,False,j,un,1,見眞三合,平,1,牙音,全清,ㄱ,牙音,全清,歯音,全清
3693,4031,麇,jūn,47,99.9723173526,KYUN,キン,k,in,False,j,un,1,見眞三合,平,1,牙音,全清,ㄱ,牙音,全清,歯音,全清
3694,4032,侉,kuǎ,46,99.9725855486,KWA,カ,k,a,False,k,ua,3,影歌一開,去,3,牙音,全清,ㄱ,牙音,全清,牙音,次清
3695,4033,逑,qiú,46,99.9727964378,KWU,キュウ,k,yuu,False,q,iu,2,群尤三開,平,1,牙音,全清,ㄱ,牙音,全清,歯音,次清
3696,4034,旒,liú,46,99.9728491601,LYU,リュウ,r,yuu,False,l,iu,2,來尤三開,平,1,流音,次濁,ㄹ,流音,次濁,舌音,次濁
3697,4035,蚰,yóu,46,99.973007327,YU,ユウ,y,uu,False,y,ou,2,以尤三開,平,1,喉音,次濁,ㅇ,喉音,次濁,喉音,次濁
3698,4037,陟,zhì,46,99.9731127716,CHEK,チョク,c,hoku,True,zh,i,4,知蒸三開,入,4,舌音,全清,ㅊ,歯音,次清,歯音,全清
3699,4039,螟,míng,45,99.9733740909,MYENG,メイ,m,ei,False,m,ing,2,明青四開,平,1,唇音,次濁,ㅁ,唇音,次濁,唇音,次濁
3700,4040,蒡,bàng,45,99.973425667,PANG,ボウ,b,ou,False,b,ang,4,並庚二開,平,1,唇音,全濁,ㅂ,唇音,全清,唇音,全清
3701,4041,溘,kè,45,99.9736319717,HAP,コウ,k,ou,False,k,e,4,溪泰一開,去,3,牙音,全清,ㅎ,喉音,次清,牙音,次清
3702,4042,楸,qiū,45,99.9736835479,CHWU,シュウ,s,huu,False,q,iu,1,清尤三開,平,1,歯音,全清,ㅊ,歯音,次清,歯音,次清
3703,4043,胙,zuò,45,99.9737867002,CO,ソ,s,o,False,z,uo,4,從模一開,去,3,歯音,全清,ㅈ,歯音,全清,歯音,全清
3704,4044,欷,xī,45,99.9738382764,HUY,キ,k,i,True,x,i,1,曉微三開,平,1,牙音,全清,ㅎ,喉音,次清,歯音,次清
3705,4045,蜉,fú,45,99.9738898525,PWU,フ,f,u,False,f,u,2,並尤三開,平,1,唇音,全清,ㅂ,唇音,全清,唇音,次清
3706,4046,遒,qiú,45,99.9739414287,CWU,シュウ,s,huu,False,q,iu,2,精尤三開,平,1,歯音,全清,ㅈ,歯音,全清,歯音,次清
3707,4048,茴,huí,44,99.9740938649,HOY,ウイ,,ui,False,h,ui,2,匣灰一合,平,1,喉音,次濁,ㅎ,喉音,次清,牙音,次清
3708,4049,菘,sōng,44,99.974144295,SWUNG,シュウ,s,huu,False,s,ong,1,心東三開,平,1,歯音,全清,ㅅ,歯音,全清,歯音,次清
3709,4050,褰,qiān,44,99.974194725,KEN,ケン,k,en,False,q,ian,1,溪仙三開,平,1,牙音,全清,ㄱ,牙音,全清,歯音,次清
3710,4051,榱,cuī,44,99.974295585,CHOY,スイ,s,ui,False,c,ui,1,生脂三合,平,1,歯音,全清,ㅊ,歯音,次清,歯音,次清
3711,4052,旰,gàn,44,99.9743460151,KAN,カン,k,an,False,g,an,4,見寒一開,去,3,牙音,全清,ㄱ,牙音,全清,牙音,全清
3712,4053,晷,guǐ,44,99.9743964451,KWI,キ,k,i,True,g,ui,3,見脂三合,上,2,牙音,全清,ㄱ,牙音,全清,牙音,全清
3713,4054,髟,biāo,44,99.9745477352,PHYO,ヒョウ,h,you,False,b,iao,1,幫宵三開,平,1,唇音,全清,ㅍ,唇音,次清,唇音,全清
3714,4055,敉,mǐ,44,99.9746990253,MI,ビ,b,i,False,m,i,3,明支三開,上,2,唇音,全濁,ㅁ,唇音,次濁,唇音,次濁
3715,4056,狺,yín,43,99.9748961608,UN,ギン,g,in,False,y,in,2,疑眞三開,平,1,牙音,全濁,ㅇ,喉音,次濁,喉音,次濁
3716,4057,猗,yī,43,99.9749454447,UY,イ,,i,False,y,i,1,影支三開,平,1,喉音,次濁,ㅇ,喉音,次濁,喉音,次濁
3717,4058,猗,yī,43,99.9749454447,A,イ,,i,False,y,i,1,影支三開,平,1,喉音,次濁,ㅇ,喉音,次濁,喉音,次濁
3718,4059,碓,duì,43,99.9750440125,TAY,タイ,t,ai,False,d,ui,4,端灰一合,去,3,舌音,全清,ㄷ,舌音,全清,舌音,全清
3719,4060,瓠,hù,43,99.9751425803,HO,コ,k,o,False,h,u,4,匣模一開,平,1,牙音,全清,ㅎ,喉音,次清,牙音,次清
3720,4061,篦,bì,43,99.9751918642,PI,ヘイ,h,ei,False,b,i,4,幫齊四開,平,1,唇音,全清,ㅂ,唇音,全清,唇音,全清
3721,4062,趼,jiǎn,43,99.9753889998,KYEN,ゲン,g,en,False,j,ian,3,疑先四開,平,1,牙音,全濁,ㄱ,牙音,全清,歯音,全清
3722,4063,苴,jū,43,99.9754875675,CE,ショ,s,ho,False,j,u,1,清魚三開,平,1,歯音,全清,ㅈ,歯音,全清,歯音,全清
3723,4064,褊,biǎn,42,99.9757763941,PHYEN,ヘン,h,en,False,b,ian,3,幫仙三開,上,2,唇音,全清,ㅍ,唇音,次清,唇音,全清
3724,4065,怙,hù,42,99.9759208073,HO,コ,k,o,False,h,u,4,匣模一開,上,2,牙音,全清,ㅎ,喉音,次清,牙音,次清
3725,4066,曩,nǎng,42,99.9760652206,NANG,ドウ,d,ou,False,n,ang,3,泥唐一開,上,2,舌音,全濁,ㄴ,舌音,次濁,舌音,次濁
3726,4067,澌,sī,42,99.9761133584,SI,サイ,s,ai,False,s,i,1,心支三開,去,3,歯音,全清,ㅅ,歯音,全清,歯音,次清
3727,4068,孥,nú,42,99.9761614961,NO,ド,d,o,False,n,u,2,泥模一開,平,1,舌音,全濁,ㄴ,舌音,次濁,舌音,次濁
3728,4069,畋,tián,42,99.9762577716,CEN,デン,d,en,False,t,ian,2,定先四開,平,1,舌音,全濁,ㅈ,歯音,全清,舌音,次清
3729,4070,燹,xiǎn,42,99.9763540471,HUY,セン,s,en,False,x,ian,3,心先四開,上,2,歯音,全清,ㅎ,喉音,次清,歯音,次清
3730,4071,圮,pǐ,41,99.9764010388,PI,ビ,b,i,False,p,i,3,並脂三開,上,2,唇音,全濁,ㅂ,唇音,全清,唇音,次清
3731,4073,泔,gān,41,99.976495022,KEM,カン,k,an,False,g,an,1,見談一開,平,1,牙音,全清,ㄱ,牙音,全清,牙音,全清
3732,4074,枋,fāng,41,99.9765890052,PANG,ホウ,h,ou,False,f,ang,1,幫陽三合,平,1,唇音,全清,ㅂ,唇音,全清,唇音,次清
3733,4075,旄,máo,41,99.9766829885,MO,ボウ,b,ou,False,m,ao,2,明豪一開,平,1,唇音,全濁,ㅁ,唇音,次濁,唇音,次濁
3734,4076,醍,tí,41,99.9767769717,CEY,ダイ,d,ai,False,t,i,2,定齊四開,平,1,舌音,全濁,ㅈ,歯音,全清,舌音,次清
3735,4077,髂,qià,41,99.9768239633,KA,カ,k,a,False,q,ia,4,溪麻二開,去,3,牙音,全清,ㄱ,牙音,全清,歯音,次清
3736,4078,佴,nài,41,99.9769649382,I,ジ,j,i,False,n,ai,4,日之三開,去,3,歯音,全濁,ㅇ,喉音,次濁,舌音,次濁
3737,4079,戢,jí,41,99.9770119298,CIP,シュウ,s,huu,False,j,i,2,莊侵三開,入,4,歯音,全清,ㅈ,歯音,全清,歯音,全清
3738,4080,垓,gāi,40,99.9771036207,HAY,ガイ,g,ai,False,g,ai,1,見咍一開,平,1,牙音,全濁,ㅎ,喉音,次清,牙音,全清
3739,4081,溧,lì,40,99.9772411572,LYUL,リツ,r,itsu,True,l,i,4,來眞三開,入,4,流音,次濁,ㄹ,流音,次濁,舌音,次濁
3740,4082,甓,pì,40,99.9772870027,PYEK,ヘキ,h,eki,True,p,i,4,並青四開,入,4,唇音,全清,ㅂ,唇音,全清,唇音,次清
3741,4083,祆,xiān,40,99.9773328482,CHEN,ケン,k,en,False,x,ian,1,曉先四開,平,1,牙音,全清,ㅊ,歯音,次清,歯音,次清
3742,4084,跬,kuǐ,40,99.9774245391,KYU,キ,k,i,True,k,ui,3,溪支三合,上,2,牙音,全清,ㄱ,牙音,全清,牙音,次清
3743,4085,窆,biǎn,40,99.9775620756,PHYEM,ヘン,h,en,False,b,ian,3,幫鹽三開,去,3,唇音,全清,ㅍ,唇音,次清,唇音,全清
3744,4086,蘧,qú,40,99.977607921,KE,キョ,k,yo,False,q,u,2,群魚三開,平,1,牙音,全清,ㄱ,牙音,全清,歯音,次清
3745,4087,嘌,piào,39,99.9777867184,PHYO,ヒョウ,h,you,False,p,iao,4,滂宵三開,平,1,唇音,全清,ㅍ,唇音,次清,唇音,次清
3746,4088,杪,miǎo,39,99.9778314178,CHO,ビョウ,b,you,False,m,iao,3,明宵三開,上,2,唇音,全濁,ㅊ,歯音,次清,唇音,次濁
3747,4089,歃,shà,39,99.9778761171,SAP,ソウ,s,ou,False,sh,a,4,生鹽三開,入,4,歯音,全清,ㅅ,歯音,全清,歯音,次清
3748,4090,窬,yú,39,99.9779208164,YU,トウ,t,ou,False,y,u,2,以虞三合,平,1,舌音,全清,ㅇ,喉音,次濁,喉音,次濁
3749,4091,醐,hú,39,99.9779655158,HO,ゴ,g,o,False,h,u,2,匣模一開,平,1,牙音,全濁,ㅎ,喉音,次清,牙音,次清
3750,4092,趵,bào,39,99.9780102151,PAK,ヒョウ,h,you,False,b,ao,4,幫江二開,入,4,唇音,全清,ㅂ,唇音,全清,唇音,全清
3751,4093,趵,bào,39,99.9780102151,CAK,ヒョウ,h,you,False,b,ao,4,幫江二開,入,4,唇音,全清,ㅈ,歯音,全清,唇音,全清
3752,4094,柙,xiá,39,99.9780996138,HAP,コウ,k,ou,False,x,ia,2,匣銜二開,入,4,牙音,全清,ㅎ,喉音,次清,歯音,次清
3753,4095,殍,piǎo,39,99.9781443132,PHYO,ヒョウ,h,you,False,p,iao,3,滂虞三合,平,1,唇音,全清,ㅍ,唇音,次清,唇音,次清
3754,4096,貢,gòng,39,99.9783231105,KONG,コウ,k,ou,False,g,ong,4,見東一開,去,3,牙音,全清,ㄱ,牙音,全清,牙音,全清
3755,4097,菰,gū,38,99.9783666637,KO,コ,k,o,False,g,u,1,見模一開,平,1,牙音,全清,ㄱ,牙音,全清,牙音,全清
3756,4098,崦,yān,38,99.9784537702,EM,エン,,en,False,y,an,1,影鹽三開,平,1,喉音,次濁,ㅇ,喉音,次濁,喉音,次濁
3757,4099,嵯,cuó,38,99.9784973234,CHI,サ,s,a,False,c,uo,2,初支三開,平,1,歯音,全清,ㅊ,歯音,次清,歯音,次清
3758,4100,嵯,cuó,38,99.9784973234,CHA,サ,s,a,False,c,uo,2,初支三開,平,1,歯音,全清,ㅊ,歯音,次清,歯音,次清
3759,4102,洇,yīn,38,99.9785844298,IN,イン,,in,False,y,in,1,影眞三開,平,1,喉音,次濁,ㅇ,喉音,次濁,喉音,次濁
3760,4103,枳,zhǐ,38,99.9786715362,KI,キ,k,i,True,zh,i,3,章支三開,上,2,牙音,全清,ㄱ,牙音,全清,歯音,全清
3761,4104,枳,zhǐ,38,99.9786715362,CI,キ,k,i,True,zh,i,3,章支三開,上,2,牙音,全清,ㅈ,歯音,全清,歯音,全清
3762,4105,盱,xū,38,99.9787150894,YU,ク,k,u,True,x,u,1,曉虞三合,平,1,牙音,全清,ㅇ,喉音,次濁,歯音,次清
3763,4106,蚍,pí,38,99.9788021958,PI,ヒ,h,i,False,p,i,2,並脂三開,平,1,唇音,全清,ㅂ,唇音,全清,唇音,次清
3764,4107,穀,gǔ,38,99.9789328554,KOK,コク,k,oku,True,g,u,3,見東一開,入,4,牙音,全清,ㄱ,牙音,全清,牙音,全清
3765,4108,穀,gǔ,38,99.9789328554,KWU,コク,k,oku,True,g,u,3,見東一開,入,4,牙音,全清,ㄱ,牙音,全清,牙音,全清
3766,4109,僬,jiāo,38,99.9789764086,CHO,ショウ,s,hou,False,j,iao,1,從宵三開,平,1,歯音,全清,ㅊ,歯音,次清,歯音,全清
3767,4111,郜,gào,38,99.9791070683,KO,コウ,k,ou,False,g,ao,4,見豪一開,去,3,牙音,全清,ㄱ,牙音,全清,牙音,全清
3768,4112,菡,hàn,37,99.9791494753,HAM,カン,k,an,False,h,an,4,匣覃一開,上,2,牙音,全清,ㅎ,喉音,次清,牙音,次清
3769,4113,跗,fū,37,99.9793191036,PWU,フ,f,u,False,f,u,1,幫虞三合,平,1,唇音,全清,ㅂ,唇音,全清,唇音,次清
3770,4114,妣,bǐ,37,99.9794463248,PI,ヒ,h,i,False,b,i,3,幫脂三開,上,2,唇音,全清,ㅂ,唇音,全清,唇音,全清
3771,4115,藿,huò,37,99.979531139,KWAK,カク,k,aku,True,h,uo,4,曉唐一合,入,4,牙音,全清,ㄱ,牙音,全清,牙音,次清
3772,4116,彘,zhì,36,99.979614807,CHEY,テイ,t,ei,False,zh,i,4,澄祭三開,去,3,舌音,全清,ㅊ,歯音,次清,歯音,全清
3773,4117,愍,mǐn,36,99.9796560679,MIN,ビン,b,in,False,m,in,3,明眞三開,上,2,唇音,全濁,ㅁ,唇音,次濁,唇音,次濁
3774,4118,筮,shì,36,99.9796973288,SE,ゼイ,z,ei,False,sh,i,4,常祭三開,去,3,歯音,全濁,ㅅ,歯音,全清,歯音,次清
3775,4119,跽,jì,36,99.9797385898,KI,キ,k,i,True,j,i,4,群脂三開,上,2,牙音,全清,ㄱ,牙音,全清,歯音,全清
3776,4120,哿,gě,36,99.9797798507,KA,カ,k,a,False,g,e,3,見歌一開,上,2,牙音,全清,ㄱ,牙音,全清,牙音,全清
3777,4121,疸,dǎn,36,99.9798623726,TAL,タン,t,an,False,d,an,3,端寒一開,上,2,舌音,全清,ㄷ,舌音,全清,舌音,全清
3778,4122,蕰,wēn,36,99.9799036335,ON,ウン,,un,False,w,en,1,影魂一合,平,1,喉音,次濁,ㅇ,喉音,次濁,喉音,次濁
3779,4124,侑,yòu,35,99.9801076459,YU,ユウ,y,uu,False,y,ou,4,云尤三開,去,3,喉音,次濁,ㅇ,喉音,次濁,喉音,次濁
3780,4125,湔,jiān,35,99.9801878755,CEN,セン,s,en,False,j,ian,1,從先四開,平,1,歯音,全清,ㅈ,歯音,全清,歯音,全清
3781,4126,桴,fú,35,99.9802681051,PWU,フ,f,u,False,f,u,2,滂虞三合,平,1,唇音,全清,ㅂ,唇音,全清,唇音,次清
3782,4127,腱,jiàn,35,99.9803884494,KEN,キン,k,in,False,j,ian,4,見元三開,平,1,牙音,全清,ㄱ,牙音,全清,歯音,全清
3783,4128,骶,dǐ,35,99.980468679,CE,テイ,t,ei,False,d,i,3,端齊四開,去,3,舌音,全清,ㅈ,歯音,全清,舌音,全清
3784,4129,骶,dǐ,35,99.980468679,CEY,テイ,t,ei,False,d,i,3,端齊四開,去,3,舌音,全清,ㅈ,歯音,全清,舌音,全清
3785,4130,莪,é,35,99.9805890234,A,ガ,g,a,False,,e,2,疑歌一開,平,1,牙音,全濁,ㅇ,喉音,次濁,喉音,次濁
3786,4131,苒,rǎn,34,99.9807082217,YEM,ゼン,z,en,False,r,an,3,日鹽三開,上,2,歯音,全濁,ㅇ,喉音,次濁,歯音,次濁
3787,4132,跖,zhí,34,99.980903065,CHEK,セキ,s,eki,True,zh,i,2,章清三開,入,4,歯音,全清,ㅊ,歯音,次清,歯音,全清
3788,4133,鞬,jiān,34,99.9810979083,KEN,ケン,k,en,False,j,ian,1,見元三開,平,1,牙音,全清,ㄱ,牙音,全清,歯音,全清
3789,4134,劂,jué,33,99.9811735533,KWEY,ケツ,k,etsu,True,j,ue,2,見元三合,入,4,牙音,全清,ㄱ,牙音,全清,歯音,全清
3790,4135,磴,dèng,33,99.9812870209,TUNG,トウ,t,ou,False,d,eng,4,端登一開,去,3,舌音,全清,ㄷ,舌音,全清,舌音,全清
3791,4136,罨,yǎn,33,99.9813248434,EM,アン,,an,False,y,an,3,影鹽三開,上,2,喉音,次濁,ㅇ,喉音,次濁,喉音,次濁
3792,4137,仵,wǔ,33,99.981438311,O,ゴ,g,o,False,w,u,3,疑模一開,上,2,牙音,全濁,ㅇ,喉音,次濁,喉音,次濁
3793,4138,皴,cūn,33,99.9814761335,CWUN,シュン,s,hun,False,c,un,1,清諄三合,平,1,歯音,全清,ㅈ,歯音,全清,歯音,次清
3794,4139,俜,pīng,33,99.981513956,PING,ヘイ,h,ei,False,p,ing,1,滂青四開,平,1,唇音,全清,ㅂ,唇音,全清,唇音,次清
3795,4140,瞋,chēn,33,99.9816274236,CIN,シン,s,hin,False,ch,en,1,昌眞三開,平,1,歯音,全清,ㅈ,歯音,全清,歯音,次清
3796,4141,鵰,diāo,33,99.9817408911,CO,チョウ,c,hou,False,d,iao,1,端蕭四開,平,1,舌音,全清,ㅈ,歯音,全清,舌音,全清
3797,4142,袴,kù,32,99.9817775675,KO,コ,k,o,False,k,u,4,溪模一開,去,3,牙音,全清,ㄱ,牙音,全清,牙音,次清
3798,4143,谿,xī,32,99.9818142439,KYEY,ケイ,k,ei,False,x,i,1,溪齊四開,平,1,牙音,全清,ㄱ,牙音,全清,歯音,次清
3799,4144,岣,gǒu,32,99.9819242731,KWU,コウ,k,ou,False,g,ou,3,見虞三合,平,1,牙音,全清,ㄱ,牙音,全清,牙音,全清
3800,4145,姒,sì,32,99.9820343022,SA,ジ,j,i,False,s,i,4,邪之三開,上,2,歯音,全濁,ㅅ,歯音,全清,歯音,次清
3801,4147,晡,bū,32,99.9821443314,PHO,ホ,h,o,False,b,u,1,幫模一開,平,1,唇音,全清,ㅍ,唇音,次清,唇音,全清
3802,4149,螭,chī,32,99.9824010661,LI,チ,c,hi,True,ch,i,1,徹支三開,平,1,舌音,全清,ㄹ,流音,次濁,歯音,次清
3803,4150,貪,tān,32,99.9824744188,THAM,タン,t,an,False,t,an,1,透覃一開,平,1,舌音,全清,ㅌ,舌音,次清,舌音,次清
3804,4151,荑,tí,31,99.9825833018,CEY,テイ,t,ei,False,t,i,2,以脂三開,平,1,舌音,全清,ㅈ,歯音,全清,舌音,次清
3805,4152,荑,tí,31,99.9825833018,I,テイ,t,ei,False,t,i,2,以脂三開,平,1,舌音,全清,ㅇ,喉音,次濁,舌音,次清
3806,4153,蓼,liǎo,31,99.9826188321,LYO,リク,r,iku,True,l,iao,3,來蕭四開,上,2,流音,次濁,ㄹ,流音,次濁,舌音,次濁
3807,4154,洙,zhū,31,99.9826898926,SWU,シュ,s,hu,False,zh,u,1,常虞三合,平,1,歯音,全清,ㅅ,歯音,全清,歯音,全清
3808,4155,渫,xiè,31,99.9827609531,CEP,セツ,s,etsu,True,x,ie,4,心仙三開,入,4,歯音,全清,ㅈ,歯音,全清,歯音,次清
3809,4156,渫,xiè,31,99.9827609531,SEL,セツ,s,etsu,True,x,ie,4,心仙三開,入,4,歯音,全清,ㅅ,歯音,全清,歯音,次清
3810,4157,濞,bì,31,99.9827964833,PI,ハイ,h,ai,False,b,i,4,滂脂三開,去,3,唇音,全清,ㅂ,唇音,全清,唇音,全清
3811,4158,耦,ǒu,31,99.9830096648,WU,グウ,g,uu,False,,ou,3,疑侯一開,上,2,牙音,全濁,ㅇ,喉音,次濁,喉音,次濁
3812,4159,舳,zhú,31,99.9830451951,CHWUK,ジク,j,iku,True,zh,u,2,澄東三開,入,4,歯音,全濁,ㅊ,歯音,次清,歯音,全清
3813,4160,糗,qiǔ,31,99.9830807253,KWU,キュウ,k,yuu,False,q,iu,3,溪尤三開,上,2,牙音,全清,ㄱ,牙音,全清,歯音,次清
3814,4161,訾,zǐ,31,99.9831162556,CA,シ,s,hi,False,z,i,3,精支三開,平,1,歯音,全清,ㅈ,歯音,全清,歯音,全清
3815,4162,獒,áo,31,99.9831873161,O,ゴウ,g,ou,False,,ao,2,疑豪一開,平,1,牙音,全濁,ㅇ,喉音,次濁,喉音,次濁
3816,4163,祧,tiāo,31,99.9832228463,CO,チョウ,c,hou,False,t,iao,1,透蕭四開,平,1,舌音,全清,ㅈ,歯音,全清,舌音,次清
3817,4164,葚,rèn,31,99.9832583765,SIM,シン,s,hin,False,r,en,4,船侵三開,上,2,歯音,全清,ㅅ,歯音,全清,歯音,次濁
3818,4165,觚,gū,31,99.9833649673,KO,コ,k,o,False,g,u,1,見模一開,平,1,牙音,全清,ㄱ,牙音,全清,牙音,全清
3819,4166,徼,jiào,31,99.9834004975,YO,キョウ,k,you,False,j,iao,4,見蕭四開,平,1,牙音,全清,ㅇ,喉音,次濁,歯音,全清
3820,4168,砑,yà,30,99.983538034,A,ガ,g,a,False,y,a,4,疑麻二開,去,3,牙音,全濁,ㅇ,喉音,次濁,喉音,次濁
3821,4169,縻,mí,30,99.9837099545,MI,ビ,b,i,False,m,i,2,明支三開,平,1,唇音,全濁,ㅁ,唇音,次濁,唇音,次濁
3822,4170,傺,chì,30,99.9838131069,CEY,テイ,t,ei,False,ch,i,4,徹祭三開,去,3,舌音,全清,ㅈ,歯音,全清,歯音,次清
3823,4171,枘,ruì,30,99.9838818751,YEY,ゼイ,z,ei,False,r,ui,4,日祭三合,去,3,歯音,全濁,ㅇ,喉音,次濁,歯音,次濁
3824,4172,彖,tuàn,30,99.9839162592,TAN,タン,t,an,False,t,uan,4,透桓一合,去,3,舌音,全清,ㄷ,舌音,全清,舌音,次清
3825,4173,蓊,wěng,29,99.9839838813,ONG,オウ,,ou,False,w,eng,3,影東一開,平,1,喉音,次濁,ㅇ,喉音,次濁,喉音,次濁
3826,4174,妁,shuò,29,99.9840171193,CAK,シャク,s,haku,True,sh,uo,4,章陽三開,入,4,歯音,全清,ㅈ,歯音,全清,歯音,次清
3827,4175,燠,yù,29,99.9841168332,WUK,イク,,iku,True,y,u,4,影豪一開,上,2,喉音,次濁,ㅇ,喉音,次濁,喉音,次濁
3828,4176,疣,yóu,29,99.9841833091,YU,ユウ,y,uu,False,y,ou,2,云尤三開,平,1,喉音,次濁,ㅇ,喉音,次濁,喉音,次濁
3829,4177,羝,dī,29,99.9842165471,CE,テイ,t,ei,False,d,i,1,端齊四開,平,1,舌音,全清,ㅈ,歯音,全清,舌音,全清
3830,4178,沆,hàng,29,99.984283023,HANG,コウ,k,ou,False,h,ang,4,匣唐一開,平,1,牙音,全清,ㅎ,喉音,次清,牙音,次清
3831,4180,棹,zhào,29,99.9844159749,TO,トウ,t,ou,False,zh,ao,4,澄肴二開,去,3,舌音,全清,ㄷ,舌音,全清,歯音,全清
3832,4182,陬,zōu,28,99.9845477807,CHWU,スウ,s,uu,False,z,ou,1,精虞三合,平,1,歯音,全清,ㅊ,歯音,次清,歯音,全清
3833,4183,尻,kāo,28,99.9847403317,KO,コウ,k,ou,False,k,ao,1,溪豪一開,平,1,牙音,全清,ㄱ,牙音,全清,牙音,次清
3834,4184,膈,gé,28,99.9847724235,KYEK,カク,k,aku,True,g,e,2,見耕二開,入,4,牙音,全清,ㄱ,牙音,全清,牙音,全清
3835,4185,瀣,xiè,28,99.9848366072,HAY,カイ,k,ai,False,x,ie,4,匣皆二開,去,3,牙音,全清,ㅎ,喉音,次清,歯音,次清
3836,4186,畎,quǎn,28,99.9849649746,KYEN,ケン,k,en,False,q,uan,3,見先四合,上,2,牙音,全清,ㄱ,牙音,全清,歯音,次清
3837,4187,痿,wěi,28,99.9850291582,WI,イ,,i,False,w,ei,3,影支三合,平,1,喉音,次濁,ㅇ,喉音,次濁,喉音,次濁
3838,4188,顱,lú,28,99.9850933419,LO,ロ,r,o,False,l,u,2,來模一開,平,1,流音,次濁,ㄹ,流音,次濁,舌音,次濁
3839,4189,祇,qí,27,99.9851242876,KI,ギ,g,i,False,q,i,2,群支三開,平,1,牙音,全濁,ㄱ,牙音,全清,歯音,次清
3840,4190,祇,qí,27,99.9851242876,CI,ギ,g,i,False,q,i,2,群支三開,平,1,牙音,全濁,ㅈ,歯音,全清,歯音,次清
3841,4191,邳,pī,27,99.9851552333,PI,ヒ,h,i,False,p,i,1,並脂三開,平,1,唇音,全清,ㅂ,唇音,全清,唇音,次清
3842,4192,嶷,yí,27,99.9852480704,UY,ギ,g,i,False,y,i,2,疑之三開,平,1,牙音,全濁,ㅇ,喉音,次濁,喉音,次濁
3843,4193,犴,àn,27,99.9852790161,AN,カン,k,an,False,,an,4,疑寒一開,平,1,牙音,全清,ㅇ,喉音,次濁,喉音,次濁
3844,4195,泫,xuàn,27,99.9856503645,HYEN,ゲン,g,en,False,x,uan,4,匣先四合,上,2,牙音,全濁,ㅎ,喉音,次清,歯音,次清
3845,4196,淠,pì,27,99.9857741473,PI,ヒ,h,i,False,p,i,4,滂脂三開,去,3,唇音,全清,ㅂ,唇音,全清,唇音,次清
3846,4198,扃,jiōng,27,99.9858979301,KYENG,ケイ,k,ei,False,j,iong,1,見青四合,平,1,牙音,全清,ㄱ,牙音,全清,歯音,全清
3847,4199,衄,nǜ,27,99.9859288758,NYUK,ジク,j,iku,True,n,ü,4,日東三開,入,4,歯音,全濁,ㄴ,舌音,次濁,舌音,次濁
3848,4200,豳,bīn,27,99.9859907672,PIN,ヒン,h,in,False,b,in,1,幫眞三開,平,1,唇音,全清,ㅂ,唇音,全清,唇音,全清
3849,4201,睚,yá,27,99.9860217129,AY,ガイ,g,ai,False,y,a,2,疑佳二開,去,3,牙音,全濁,ㅇ,喉音,次濁,喉音,次濁
3850,4202,嫫,mó,26,99.9861111116,MO,モ,m,o,False,m,o,2,明模一開,平,1,唇音,次濁,ㅁ,唇音,次濁,唇音,次濁
3851,4203,艨,méng,26,99.9862601094,MONG,モウ,m,ou,False,m,eng,2,明東一開,平,1,唇音,次濁,ㅁ,唇音,次濁,唇音,次濁
3852,4204,萆,bì,26,99.9863197085,PI,ヒ,h,i,False,b,i,4,心之三開,上,2,唇音,全清,ㅂ,唇音,全清,唇音,全清
3853,4205,棼,fén,26,99.9863793077,PWUN,フン,f,un,False,f,en,2,並文三合,平,1,唇音,全清,ㅂ,唇音,全清,唇音,次清
3854,4206,祓,fú,26,99.9864687063,PWUL,フツ,f,utsu,True,f,u,2,滂文三合,入,4,唇音,全清,ㅂ,唇音,全清,唇音,次清
3855,4207,洄,huí,25,99.9865546666,HOY,カイ,k,ai,False,h,ui,2,匣灰一合,平,1,牙音,全清,ㅎ,喉音,次清,牙音,次清
3856,4208,瑗,yuàn,25,99.98658332,WEN,エン,,en,False,y,uan,4,云仙三合,去,3,喉音,次濁,ㅇ,喉音,次濁,喉音,次濁
3857,4209,檠,qíng,25,99.9866119735,KYENG,ケイ,k,ei,False,q,ing,2,群庚三開,平,1,牙音,全清,ㄱ,牙音,全清,歯音,次清
3858,4211,爨,cuàn,25,99.9866979337,CHAN,サン,s,an,False,c,uan,4,清桓一合,去,3,歯音,全清,ㅊ,歯音,次清,歯音,次清
3859,4212,撙,zǔn,25,99.9868985077,CWUN,ソン,s,on,False,z,un,3,精魂一合,上,2,歯音,全清,ㅈ,歯音,全清,歯音,全清
3860,4213,檎,qín,25,99.9869558146,KUM,ゴ,g,o,False,q,in,2,群侵三開,平,1,牙音,全濁,ㄱ,牙音,全清,歯音,次清
3861,4214,佾,yì,25,99.986984468,IL,イツ,,itsu,True,y,i,4,以眞三開,入,4,喉音,次濁,ㅇ,喉音,次濁,喉音,次濁
3862,4215,顒,yóng,25,99.9870990817,ONG,ギョウ,g,you,False,y,ong,2,疑鍾三開,平,1,牙音,全濁,ㅇ,喉音,次濁,喉音,次濁
3863,4216,髫,tiáo,25,99.9871277351,CHO,チョウ,c,hou,False,t,iao,2,定蕭四開,平,1,舌音,全清,ㅊ,歯音,次清,舌音,次清
3864,4217,邠,bīn,24,99.9871827497,PIN,ヒン,h,in,False,b,in,1,幫眞三開,平,1,唇音,全清,ㅂ,唇音,全清,唇音,全清
3865,4218,狴,bì,24,99.987210257,PHYEY,ヘイ,h,ei,False,b,i,4,幫齊四開,平,1,唇音,全清,ㅍ,唇音,次清,唇音,全清
3866,4219,躞,xiè,24,99.9873477934,SEP,ショウ,s,hou,False,x,ie,4,心添四開,入,4,歯音,全清,ㅅ,歯音,全清,歯音,次清
3867,4220,荇,xìng,24,99.9874303153,HAYNG,コウ,k,ou,False,x,ing,4,匣庚二開,上,2,牙音,全清,ㅎ,喉音,次清,歯音,次清
3868,4221,燔,fán,24,99.9875403445,PEN,ハン,h,an,False,f,an,2,並元三合,平,1,唇音,全清,ㅂ,唇音,全清,唇音,次清
3869,4222,鼂,cháo,24,99.987595359,CO,チョウ,c,hou,False,ch,ao,2,澄宵三開,平,1,舌音,全清,ㅈ,歯音,全清,歯音,次清
3870,4223,葳,wēi,23,99.9876217202,WI,イ,,i,False,w,ei,1,影微三合,平,1,喉音,次濁,ㅇ,喉音,次濁,喉音,次濁
3871,4225,澶,chán,23,99.9876744425,CEN,セン,s,en,False,ch,an,2,常仙三開,平,1,歯音,全清,ㅈ,歯音,全清,歯音,次清
3872,4226,桷,jué,23,99.9877271648,KAK,カク,k,aku,True,j,ue,2,見江二開,入,4,牙音,全清,ㄱ,牙音,全清,歯音,全清
3873,4227,犍,jiān,23,99.9878062482,KEN,ケン,k,en,False,j,ian,1,見元三開,平,1,牙音,全清,ㄱ,牙音,全清,歯音,全清
3874,4228,悛,quān,23,99.9879116928,CEN,シュン,s,hun,False,q,uan,1,清仙三合,平,1,歯音,全清,ㅈ,歯音,全清,歯音,次清
3875,4229,聱,áo,23,99.9879907763,O,ギュウ,g,yuu,False,,ao,2,疑肴二開,平,1,牙音,全濁,ㅇ,喉音,次濁,喉音,次濁
3876,4230,豉,chǐ,23,99.9880171375,SI,シ,s,hi,False,ch,i,3,常支三開,去,3,歯音,全清,ㅅ,歯音,全清,歯音,次清
3877,4231,徂,cú,23,99.9882280267,CO,ソ,s,o,False,c,u,2,從模一開,平,1,歯音,全清,ㅈ,歯音,全清,歯音,次清
3878,4232,蕤,ruí,22,99.9883300329,YU,スイ,s,ui,False,r,ui,2,日脂三合,平,1,歯音,全清,ㅇ,喉音,次濁,歯音,次濁
3879,4233,椁,guǒ,22,99.9883804629,KWAK,カク,k,aku,True,g,uo,3,見唐一合,入,4,牙音,全清,ㄱ,牙音,全清,牙音,全清
3880,4234,趑,zī,22,99.988506538,CA,シ,s,hi,False,z,i,1,清脂三開,平,1,歯音,全清,ㅈ,歯音,全清,歯音,全清
3881,4235,佰,bǎi,22,99.988607398,PEYK,ハク,h,aku,True,b,ai,3,明庚二開,入,4,唇音,全清,ㅂ,唇音,全清,唇音,全清
3882,4236,坻,dǐ,22,99.988657828,CI,シ,s,hi,False,d,i,3,澄脂三開,平,1,歯音,全清,ㅈ,歯音,全清,舌音,全清
3883,4237,掊,póu,22,99.9886830431,PWU,ホウ,h,ou,False,p,ou,2,並肴二開,平,1,唇音,全清,ㅂ,唇音,全清,唇音,次清
3884,4238,猱,náo,22,99.9887082581,NO,ドウ,d,ou,False,n,ao,2,泥豪一開,平,1,舌音,全濁,ㄴ,舌音,次濁,舌音,次濁
3885,4239,廨,xiè,22,99.9887334731,HAY,カイ,k,ai,False,x,ie,4,見佳二開,去,3,牙音,全清,ㅎ,喉音,次清,歯音,次清
3886,4240,溷,hùn,22,99.9887586881,HON,コン,k,on,False,h,un,4,匣魂一合,去,3,牙音,全清,ㅎ,喉音,次清,牙音,次清
3887,4241,隰,xí,22,99.9888091181,SUP,シツ,s,hitsu,True,x,i,2,邪侵三開,入,4,歯音,全清,ㅅ,歯音,全清,歯音,次清
3888,4243,蹁,pián,21,99.9890028153,PHYEN,ヘン,h,en,False,p,ian,2,並先四開,平,1,唇音,全清,ㅍ,唇音,次清,唇音,次清
3889,4245,坌,bèn,21,99.9891231597,PWUN,フン,f,un,False,b,en,4,並魂一合,去,3,唇音,全清,ㅂ,唇音,全清,唇音,全清
3890,4247,黥,qíng,21,99.9891953663,KYENG,ゲイ,g,ei,False,q,ing,2,群庚三開,平,1,牙音,全濁,ㄱ,牙音,全清,歯音,次清
3891,4248,泮,pàn,21,99.9892194352,PAN,ハン,h,an,False,p,an,4,滂桓一合,去,3,唇音,全清,ㅂ,唇音,全清,唇音,次清
3892,4249,豨,xī,20,99.9893145646,HUY,キ,k,i,True,x,i,1,曉微三開,平,1,牙音,全清,ㅎ,喉音,次清,歯音,次清
3893,4250,莨,làng,20,99.9893374873,LANG,ロウ,r,ou,False,l,ang,4,來唐一開,平,1,流音,次濁,ㄹ,流音,次濁,舌音,次濁
3894,4251,釐,xī,20,99.9893833328,HUY,リ,r,i,False,x,i,1,來之三開,平,1,流音,次濁,ㅎ,喉音,次清,歯音,次清
3895,4252,釐,lí,20,99.9893833328,LI,リ,r,i,False,l,i,2,來之三開,平,1,流音,次濁,ㄹ,流音,次濁,舌音,次濁
3896,4253,釐,xī,20,99.9893833328,LI,リ,r,i,False,x,i,1,來之三開,平,1,流音,次濁,ㄹ,流音,次濁,歯音,次清
3897,4254,釐,lí,20,99.9893833328,HUY,リ,r,i,False,l,i,2,來之三開,平,1,流音,次濁,ㅎ,喉音,次清,舌音,次濁
3898,4255,溽,rù,20,99.9894062555,YOK,ジョク,j,oku,True,r,u,4,日鍾三開,入,4,歯音,全濁,ㅇ,喉音,次濁,歯音,次濁
3899,4256,刳,kū,20,99.9895667147,KO,コ,k,o,False,k,u,1,溪模一開,平,1,牙音,全清,ㄱ,牙音,全清,牙音,次清
3900,4257,蓍,shī,20,99.9895896374,SI,シ,s,hi,False,sh,i,1,書脂三開,平,1,歯音,全清,ㅅ,歯音,全清,歯音,次清
3901,4258,拶,zā,20,99.9896125602,CHAL,サツ,s,atsu,True,z,a,1,精桓一合,入,4,歯音,全清,ㅊ,歯音,次清,歯音,全清
3902,4259,貊,mò,20,99.9897500966,MAYK,ハク,h,aku,True,m,o,4,明庚二開,入,4,唇音,全清,ㅁ,唇音,次濁,唇音,次濁
3903,4260,諡,shì,20,99.9897959421,SI,シ,s,hi,False,sh,i,4,船脂三開,去,3,歯音,全清,ㅅ,歯音,全清,歯音,次清
3904,4261,阯,zhǐ,20,99.9898417876,CI,シ,s,hi,False,zh,i,3,章之三開,上,2,歯音,全清,ㅈ,歯音,全清,歯音,全清
3905,4262,慝,tè,20,99.9898647103,THUK,トク,t,oku,True,t,e,4,透登一開,入,4,舌音,全清,ㅌ,舌音,次清,舌音,次清
3906,4263,粳,jīng,19,99.9899552552,KAYNG,コウ,k,ou,False,j,ing,1,見庚二開,平,1,牙音,全清,ㄱ,牙音,全清,歯音,全清
3907,4264,堙,yīn,19,99.9899988084,IN,イン,,in,False,y,in,1,影眞三開,平,1,喉音,次濁,ㅇ,喉音,次濁,喉音,次濁
3908,4265,邽,guī,19,99.9900423616,KYU,ケイ,k,ei,False,g,ui,1,見齊四合,平,1,牙音,全清,ㄱ,牙音,全清,牙音,全清
3909,4266,椹,shèn,19,99.9901076914,CHIM,チン,c,hin,False,sh,en,4,知侵三開,平,1,舌音,全清,ㅊ,歯音,次清,歯音,次清
3910,4267,蜊,lí,19,99.9901512446,LI,リ,r,i,False,l,i,2,來脂三開,平,1,流音,次濁,ㄹ,流音,次濁,舌音,次濁
3911,4268,舁,yú,19,99.9901730212,YE,ヨ,y,o,False,y,u,2,以魚三開,平,1,喉音,次濁,ㅇ,喉音,次濁,喉音,次濁
3912,4269,貔,pí,19,99.9902165744,PI,ヒ,h,i,False,p,i,2,並脂三開,平,1,唇音,全清,ㅂ,唇音,全清,唇音,次清
3913,4270,泐,lè,19,99.9902819042,LUK,ロク,r,oku,True,l,e,4,來登一開,入,4,流音,次濁,ㄹ,流音,次濁,舌音,次濁
3914,4272,纛,dào,19,99.9903907872,TO,トウ,t,ou,False,d,ao,4,定豪一開,去,3,舌音,全清,ㄷ,舌音,全清,舌音,全清
3915,4273,麈,zhǔ,19,99.9904125638,CWU,シュ,s,hu,False,zh,u,3,章虞三合,上,2,歯音,全清,ㅈ,歯音,全清,歯音,全清
3916,4274,坩,gān,18,99.990539785,KAM,カン,k,an,False,g,an,1,溪談一開,平,1,牙音,全清,ㄱ,牙音,全清,牙音,全清
3917,4275,豇,jiāng,18,99.9906223069,KANG,コウ,k,ou,False,j,iang,1,見江二開,平,1,牙音,全清,ㄱ,牙音,全清,歯音,全清
3918,4276,蓁,zhēn,18,99.9907460897,CIN,シン,s,hin,False,zh,en,1,莊臻三開,平,1,歯音,全清,ㅈ,歯音,全清,歯音,全清
3919,4277,蒹,jiān,18,99.9907667202,KYEM,ケン,k,en,False,j,ian,1,見添四開,平,1,牙音,全清,ㄱ,牙音,全清,歯音,全清
3920,4278,圉,yǔ,18,99.9907873506,E,ギョ,g,yo,False,y,u,3,疑魚三開,上,2,牙音,全濁,ㅇ,喉音,次濁,喉音,次濁
3921,4279,悃,kǔn,18,99.9908079811,KON,コン,k,on,False,k,un,3,溪魂一合,上,2,牙音,全清,ㄱ,牙音,全清,牙音,次清
3922,4280,眚,shěng,18,99.9908286116,SAYNG,セイ,s,ei,False,sh,eng,3,生庚三開,上,2,歯音,全清,ㅅ,歯音,全清,歯音,次清
3923,4281,茀,fú,18,99.9908698725,PWUL,ハイ,h,ai,False,f,u,2,幫微三合,去,3,唇音,全清,ㅂ,唇音,全清,唇音,次清
3924,4282,茲,zī,18,99.9909111334,CA,ジ,j,i,False,z,i,1,從之三開,平,1,歯音,全濁,ㅈ,歯音,全清,歯音,全清
3925,4283,貓,māo,18,99.9909317639,MYO,ビョウ,b,you,False,m,ao,1,明宵三開,平,1,唇音,全濁,ㅁ,唇音,次濁,唇音,次濁
3926,4284,剡,shàn,17,99.9909512482,SEM,エン,,en,False,sh,an,4,以鹽三開,上,2,喉音,次濁,ㅅ,歯音,全清,歯音,次清
3927,4286,篁,huáng,17,99.9911071229,HWANG,コウ,k,ou,False,h,uang,2,匣唐一合,平,1,牙音,全清,ㅎ,喉音,次清,牙音,次清
3928,4287,矻,kū,17,99.9911266072,KOL,カチ,k,achi,True,k,u,1,溪魂一合,入,4,牙音,全清,ㄱ,牙音,全清,牙音,次清
3929,4288,阼,zuò,17,99.9911460915,CO,サク,s,aku,True,z,uo,4,從模一開,去,3,歯音,全清,ㅈ,歯音,全清,歯音,全清
3930,4289,塍,chéng,17,99.9911850602,SUP,ショウ,s,hou,False,ch,eng,2,船蒸三開,平,1,歯音,全清,ㅅ,歯音,全清,歯音,次清
3931,4291,脩,xiū,17,99.9912435132,SWU,シュウ,s,huu,False,x,iu,1,心尤三開,平,1,歯音,全清,ㅅ,歯音,全清,歯音,次清
3932,4292,廑,jǐn,17,99.9913214505,KUN,キン,k,in,False,j,in,3,群眞三開,去,3,牙音,全清,ㄱ,牙音,全清,歯音,全清
3933,4293,黻,fú,17,99.9913799035,PWUL,フツ,f,utsu,True,f,u,2,幫文三合,入,4,唇音,全清,ㅂ,唇音,全清,唇音,次清
3934,4294,驩,huān,16,99.9914727406,HWAN,カン,k,an,False,h,uan,1,曉桓一合,平,1,牙音,全清,ㅎ,喉音,次清,牙音,次清
3935,4295,蓐,rù,16,99.991509417,YOK,ジョク,j,oku,True,r,u,4,日鍾三開,入,4,歯音,全濁,ㅇ,喉音,次濁,歯音,次濁
3936,4296,秕,bǐ,16,99.9916744607,PI,ヒ,h,i,False,b,i,3,幫脂三開,上,2,唇音,全清,ㅂ,唇音,全清,唇音,全清
3937,4298,劓,yì,16,99.9917111371,UY,ギ,g,i,False,y,i,4,疑脂三開,去,3,牙音,全濁,ㅇ,喉音,次濁,喉音,次濁
3938,4299,馘,guó,16,99.9917294753,KOYK,カク,k,aku,True,g,uo,2,見耕二合,入,4,牙音,全清,ㄱ,牙音,全清,牙音,全清
3939,4301,蹯,fán,16,99.991802828,PEN,ハン,h,an,False,f,an,2,並元三合,平,1,唇音,全清,ㅂ,唇音,全清,唇音,次清
3940,4302,怛,dá,16,99.9918211662,TAL,ダツ,d,atsu,True,d,a,2,端寒一開,入,4,舌音,全濁,ㄷ,舌音,全清,舌音,全清
3941,4303,轎,jiào,16,99.9918578426,KYO,キョウ,k,you,False,j,iao,4,群宵三開,平,1,牙音,全清,ㄱ,牙音,全清,歯音,全清
3942,4304,怍,zuò,15,99.9919266108,CAK,サク,s,aku,True,z,uo,4,從唐一開,入,4,歯音,全清,ㅈ,歯音,全清,歯音,全清
3943,4306,珥,ěr,15,99.9919609949,I,ジ,j,i,False,,er,3,日之三開,去,3,歯音,全濁,ㅇ,喉音,次濁,喉音,次濁
3944,4307,胼,pián,15,99.991978187,PYEN,ヘン,h,en,False,p,ian,2,並先四開,平,1,唇音,全清,ㅂ,唇音,全清,唇音,次清
3945,4308,襞,bì,15,99.9920125711,PYEK,ヘキ,h,eki,True,b,i,4,幫清三開,入,4,唇音,全清,ㅂ,唇音,全清,唇音,全清
3946,4309,貘,mò,15,99.9920297632,MAYK,バク,b,aku,True,m,o,4,明庚二開,入,4,唇音,全濁,ㅁ,唇音,次濁,唇音,次濁
3947,4310,柰,nài,15,99.9920641473,NAY,ダイ,d,ai,False,n,ai,4,泥泰一開,去,3,舌音,全濁,ㄴ,舌音,次濁,舌音,次濁
3948,4311,汔,qì,15,99.9920813393,HUL,キツ,k,itsu,True,q,i,4,曉欣三開,入,4,牙音,全清,ㅎ,喉音,次清,歯音,次清
3949,4312,喈,jiē,15,99.9921157234,KAY,カイ,k,ai,False,j,ie,1,見皆二開,平,1,牙音,全清,ㄱ,牙音,全清,歯音,全清
3950,4313,栲,kǎo,15,99.9921501075,KO,コウ,k,ou,False,k,ao,3,溪豪一開,上,2,牙音,全清,ㄱ,牙音,全清,牙音,次清
3951,4314,媵,yìng,15,99.9921844917,ING,ヨウ,y,ou,False,y,ing,4,以蒸三開,去,3,喉音,次濁,ㅇ,喉音,次濁,喉音,次濁
3952,4315,鞮,dī,15,99.9922016837,CEY,タイ,t,ai,False,d,i,1,端齊四開,平,1,舌音,全清,ㅈ,歯音,全清,舌音,全清
3953,4317,簋,guǐ,15,99.9922360678,KWEY,キ,k,i,True,g,ui,3,見脂三合,上,2,牙音,全清,ㄱ,牙音,全清,牙音,全清
3954,4319,髆,bó,15,99.9922704519,PAK,ハク,h,aku,True,b,o,2,幫唐一合,入,4,唇音,全清,ㅂ,唇音,全清,唇音,全清
3955,4320,縠,hú,14,99.9923025438,KOK,コク,k,oku,True,h,u,2,匣東一開,入,4,牙音,全清,ㄱ,牙音,全清,牙音,次清
3956,4321,禊,xì,14,99.9923346356,KYEY,ケイ,k,ei,False,x,i,4,匣齊四開,去,3,牙音,全清,ㄱ,牙音,全清,歯音,次清
3957,4323,裒,póu,14,99.9924309111,PWU,ホウ,h,ou,False,p,ou,2,並侯一開,平,1,唇音,全清,ㅂ,唇音,全清,唇音,次清
3958,4324,隈,wēi,14,99.992446957,OY,ワイ,w,ai,False,w,ei,1,影灰一合,平,1,喉音,次濁,ㅇ,喉音,次濁,喉音,次濁
3959,4325,瞍,sǒu,14,99.9924950948,SWU,シュ,s,hu,False,s,ou,3,心蕭四開,平,1,歯音,全清,ㅅ,歯音,全清,歯音,次清
3960,4326,簏,lù,14,99.9925432325,LOK,ロク,r,oku,True,l,u,4,來東一開,入,4,流音,次濁,ㄹ,流音,次濁,舌音,次濁
3961,4327,霪,yín,14,99.9925592785,UM,イン,,in,False,y,in,2,以侵三開,平,1,喉音,次濁,ㅇ,喉音,次濁,喉音,次濁
3962,4328,緡,mín,14,99.9925753244,MIN,ビン,b,in,False,m,in,2,明眞三開,平,1,唇音,全濁,ㅁ,唇音,次濁,唇音,次濁
3963,4329,販,fàn,14,99.9926074162,PHAN,ハン,h,an,False,f,an,4,幫元三合,去,3,唇音,全清,ㅍ,唇音,次清,唇音,次清
3964,4330,溱,qín,14,99.992655554,CIN,シン,s,hin,False,q,in,2,莊臻三開,平,1,歯音,全清,ㅈ,歯音,全清,歯音,次清
3965,4331,螽,zhōng,14,99.9926715999,CONG,シュウ,s,huu,False,zh,ong,1,章東三開,平,1,歯音,全清,ㅈ,歯音,全清,歯音,全清
3966,4332,蠃,luǒ,14,99.9927036917,LA,カ,k,a,False,l,uo,3,來戈一合,平,1,牙音,全清,ㄹ,流音,次濁,舌音,次濁
3967,4333,陴,pí,13,99.9927495372,PI,ヒ,h,i,False,p,i,2,並支三開,平,1,唇音,全清,ㅂ,唇音,全清,唇音,次清
3968,4335,眊,mào,13,99.9928836352,MO,ボウ,b,ou,False,m,ao,4,明豪一開,去,3,唇音,全濁,ㅁ,唇音,次濁,唇音,次濁
3969,4336,忮,zhì,13,99.9929283346,KI,シ,s,hi,False,zh,i,4,章支三開,去,3,歯音,全清,ㄱ,牙音,全清,歯音,全清
3970,4337,鎰,yì,13,99.9929432344,IL,イツ,,itsu,True,y,i,4,以眞三開,入,4,喉音,次濁,ㅇ,喉音,次濁,喉音,次濁
3971,4338,疝,shàn,13,99.9929581341,SAN,セン,s,en,False,sh,an,4,生山二開,平,1,歯音,全清,ㅅ,歯音,全清,歯音,次清
3972,4339,綮,qìng,13,99.9929730339,KYEY,ケイ,k,ei,False,q,ing,4,溪齊四開,上,2,牙音,全清,ㄱ,牙音,全清,歯音,次清
3973,4340,邴,bǐng,13,99.9929879337,PYENG,ヘイ,h,ei,False,b,ing,3,幫庚三開,上,2,唇音,全清,ㅂ,唇音,全清,唇音,全清
3974,4341,郤,xì,13,99.9930028335,KUK,ケキ,k,eki,True,x,i,4,溪庚三開,入,4,牙音,全清,ㄱ,牙音,全清,歯音,次清
3975,4342,殂,cú,13,99.9930326331,CO,ソ,s,o,False,c,u,2,從模一開,平,1,歯音,全清,ㅈ,歯音,全清,歯音,次清
3976,4343,襦,rú,13,99.9930624326,YU,ジュ,j,u,False,r,u,2,日虞三合,平,1,歯音,全濁,ㅇ,喉音,次濁,歯音,次濁
3977,4344,筌,quán,13,99.9930773324,CEN,セン,s,en,False,q,uan,2,清仙三合,平,1,歯音,全清,ㅈ,歯音,全清,歯音,次清
3978,4345,翮,hé,13,99.9930922322,HAYK,カク,k,aku,True,h,e,2,匣耕二開,入,4,牙音,全清,ㅎ,喉音,次清,牙音,次清
3979,4346,覩,dǔ,13,99.9931220317,TO,ト,t,o,False,d,u,3,端模一開,上,2,舌音,全清,ㄷ,舌音,全清,舌音,全清
3980,4348,蝥,máo,12,99.9932194534,MO,ボウ,b,ou,False,m,ao,2,明虞三合,平,1,唇音,全濁,ㅁ,唇音,次濁,唇音,次濁
3981,4349,靦,tiǎn,12,99.9932882216,CEN,テン,t,en,False,t,ian,3,透先四開,上,2,舌音,全清,ㅈ,歯音,全清,舌音,次清
3982,4350,眄,miǎn,12,99.9933019753,MYEN,ベン,b,en,False,m,ian,3,明先四開,上,2,唇音,全濁,ㅁ,唇音,次濁,唇音,次濁
3983,4351,眄,miàn,12,99.9933019753,MYEN,ベン,b,en,False,m,ian,4,明先四開,上,2,唇音,全濁,ㅁ,唇音,次濁,唇音,次濁
3984,4352,蘋,píng,12,99.9933157289,PIN,ヒン,h,in,False,p,ing,2,並眞三開,平,1,唇音,全清,ㅂ,唇音,全清,唇音,次清
3985,4353,阽,diàn,12,99.9933294825,CEM,エン,,en,False,d,ian,4,以鹽三開,平,1,喉音,次濁,ㅈ,歯音,全清,舌音,全清
3986,4354,陔,gāi,12,99.9933432362,HAY,ガイ,g,ai,False,g,ai,1,見咍一開,平,1,牙音,全濁,ㅎ,喉音,次清,牙音,全清
3987,4355,頫,fǔ,12,99.9933707435,PWU,チョウ,c,hou,False,f,u,3,幫虞三合,上,2,舌音,全清,ㅂ,唇音,全清,唇音,次清
3988,4356,瘰,luǒ,12,99.9933982508,LA,ルイ,r,ui,False,l,uo,3,來戈一合,上,2,流音,次濁,ㄹ,流音,次濁,舌音,次濁
3989,4357,絜,jié,12,99.9934395117,HYEL,カツ,k,atsu,True,j,ie,2,見先四開,入,4,牙音,全清,ㅎ,喉音,次清,歯音,全清
3990,4358,圬,wū,12,99.993467019,O,オ,,o,False,w,u,1,影模一開,平,1,喉音,次濁,ㅇ,喉音,次濁,喉音,次濁
3991,4359,噍,jiào,12,99.9934807726,CHO,ジョウ,j,ou,False,j,iao,4,精宵三開,平,1,歯音,全濁,ㅊ,歯音,次清,歯音,全清
3992,4360,霅,zhà,12,99.9935220336,SAP,トウ,t,ou,False,zh,a,4,心覃一開,入,4,舌音,全清,ㅅ,歯音,全清,歯音,全清
3993,4362,邾,zhū,11,99.9936022632,CWU,シュ,s,hu,False,zh,u,1,知虞三合,平,1,歯音,全清,ㅈ,歯音,全清,歯音,全清
3994,4364,芘,pí,11,99.9936274782,PI,ヒ,h,i,False,p,i,2,並脂三開,平,1,唇音,全清,ㅂ,唇音,全清,唇音,次清
3995,4365,芘,bǐ,11,99.9936274782,PI,ヒ,h,i,False,b,i,3,並脂三開,平,1,唇音,全清,ㅂ,唇音,全清,唇音,全清
3996,4366,揠,yà,11,99.9936400857,AL,アツ,,atsu,True,y,a,4,影山二開,入,4,喉音,次濁,ㅇ,喉音,次濁,喉音,次濁
3997,4367,矧,shěn,11,99.9936905157,SIN,シン,s,hin,False,sh,en,3,書眞三開,上,2,歯音,全清,ㅅ,歯音,全清,歯音,次清
3998,4368,酲,chéng,11,99.9937031232,CENG,テイ,t,ei,False,ch,eng,2,澄清三開,平,1,舌音,全清,ㅈ,歯音,全清,歯音,次清
3999,4369,蜩,tiáo,11,99.9937283382,CO,チョウ,c,hou,False,t,iao,2,定蕭四開,平,1,舌音,全清,ㅈ,歯音,全清,舌音,次清
4000,4370,麴,qū,11,99.9937409457,KWUK,キク,k,iku,True,q,u,1,溪東三開,入,4,牙音,全清,ㄱ,牙音,全清,歯音,次清
4001,4373,痤,cuó,11,99.9938418058,CWA,ザ,z,a,False,c,uo,2,從戈一合,平,1,歯音,全濁,ㅈ,歯音,全清,歯音,次清
4002,4374,篌,hóu,11,99.9938544133,HWU,コウ,k,ou,False,h,ou,2,匣侯一開,平,1,牙音,全清,ㅎ,喉音,次清,牙音,次清
4003,4375,仂,lè,11,99.9938670208,LUK,ロク,r,oku,True,l,e,4,來蒸三開,入,4,流音,次濁,ㄹ,流音,次濁,舌音,次濁
4004,4376,贇,yūn,11,99.9938796283,YUN,イン,,in,False,y,un,1,影眞三合,平,1,喉音,次濁,ㅇ,喉音,次濁,喉音,次濁
4005,4377,郫,pí,11,99.9938922358,PI,ヒ,h,i,False,p,i,2,並支三開,平,1,唇音,全清,ㅂ,唇音,全清,唇音,次清
4006,4378,埒,liè,11,99.9939048433,LAL,ラチ,r,achi,True,l,ie,4,來仙三合,入,4,流音,次濁,ㄹ,流音,次濁,舌音,次濁
4007,4379,騃,ái,11,99.9939300583,AY,ガイ,g,ai,False,,ai,2,俟之三開,上,2,牙音,全濁,ㅇ,喉音,次濁,喉音,次濁
4008,4380,膠,jiāo,11,99.9939678809,KYO,コウ,k,ou,False,j,iao,1,見肴二開,平,1,牙音,全清,ㄱ,牙音,全清,歯音,全清
4009,4381,儇,xuān,10,99.9939908036,HYEN,ケン,k,en,False,x,uan,1,曉仙三合,平,1,牙音,全清,ㅎ,喉音,次清,歯音,次清
4010,4382,茛,gèn,10,99.994002265,KAN,コン,k,on,False,g,en,4,見痕一開,去,3,牙音,全清,ㄱ,牙音,全清,牙音,全清
4011,4383,鰲,áo,10,99.9940595718,O,ゴウ,g,ou,False,,ao,2,疑豪一開,平,1,牙音,全濁,ㅇ,喉音,次濁,喉音,次濁
4012,4384,硃,zhū,10,99.9941054173,CWU,シュ,s,hu,False,zh,u,1,章虞三合,平,1,歯音,全清,ㅈ,歯音,全清,歯音,全清
4013,4385,柁,duò,10,99.9941168787,THA,ダ,d,a,False,d,uo,4,定歌一開,上,2,舌音,全濁,ㅌ,舌音,次清,舌音,全清
4014,4386,柁,tuó,10,99.9941168787,THA,ダ,d,a,False,t,uo,2,定歌一開,上,2,舌音,全濁,ㅌ,舌音,次清,舌音,次清
4015,4387,羶,shān,10,99.9941398014,CEN,セン,s,en,False,sh,an,1,書仙三開,平,1,歯音,全清,ㅈ,歯音,全清,歯音,次清
4016,4388,忭,biàn,10,99.9941971083,PYEN,ヘン,h,en,False,b,ian,4,並仙三開,去,3,唇音,全清,ㅂ,唇音,全清,唇音,全清
4017,4389,梃,tǐng,10,99.9942314924,CENG,チョウ,c,hou,False,t,ing,3,定青四開,上,2,舌音,全清,ㅈ,歯音,全清,舌音,次清
4018,4390,箜,kōng,10,99.9942658765,KONG,ク,k,u,True,k,ong,1,溪東一開,平,1,牙音,全清,ㄱ,牙音,全清,牙音,次清
4019,4391,蒐,sōu,10,99.9942887992,SWU,シュウ,s,huu,False,s,ou,1,生尤三開,平,1,歯音,全清,ㅅ,歯音,全清,歯音,次清
4020,4392,踰,yú,10,99.9943002606,YU,ユ,y,u,False,y,u,2,以虞三合,平,1,喉音,次濁,ㅇ,喉音,次濁,喉音,次濁
4021,4394,踣,bó,10,99.9943575674,POK,ハイ,h,ai,False,b,o,2,滂侯一開,去,3,唇音,全清,ㅂ,唇音,全清,唇音,全清
4022,4395,踣,bó,10,99.9943575674,PWU,ハイ,h,ai,False,b,o,2,滂侯一開,去,3,唇音,全清,ㅂ,唇音,全清,唇音,全清
4023,4396,雩,yú,10,99.9943690288,WU,ウ,,u,False,y,u,2,云虞三合,平,1,喉音,次濁,ㅇ,喉音,次濁,喉音,次濁
4024,4397,埤,pí,10,99.9943804902,PI,ヒ,h,i,False,p,i,2,並支三開,平,1,唇音,全清,ㅂ,唇音,全清,唇音,次清
4025,4398,捃,jùn,10,99.9943919516,KWUN,クン,k,un,False,j,un,4,見文三合,去,3,牙音,全清,ㄱ,牙音,全清,歯音,全清
4026,4399,睒,shǎn,9,99.9944137282,SEM,セン,s,en,False,sh,an,3,書鹽三開,上,2,歯音,全清,ㅅ,歯音,全清,歯音,次清
4027,4400,薤,xiè,9,99.9944240434,HAY,カイ,k,ai,False,x,ie,4,匣皆二開,去,3,牙音,全清,ㅎ,喉音,次清,歯音,次清
4028,4402,閟,bì,9,99.9944549891,PI,ヒ,h,i,False,b,i,4,幫脂三開,去,3,唇音,全清,ㅂ,唇音,全清,唇音,全清
4029,4403,篥,lì,9,99.9944653043,LYUL,リツ,r,itsu,True,l,i,4,來眞三開,入,4,流音,次濁,ㄹ,流音,次濁,舌音,次濁
4030,4404,蕞,zuì,9,99.9945271957,CHEY,サイ,s,ai,False,z,ui,4,從泰一合,去,3,歯音,全清,ㅊ,歯音,次清,歯音,全清
4031,4405,蝤,qiú,9,99.9945890871,YU,シュウ,s,huu,False,q,iu,2,精尤三開,平,1,歯音,全清,ㅇ,喉音,次濁,歯音,次清
4032,4406,酖,zhèn,9,99.9946200328,THAM,タン,t,an,False,zh,en,4,端覃一開,平,1,舌音,全清,ㅌ,舌音,次清,歯音,全清
4033,4407,桄,guāng,9,99.9946406633,KWANG,コウ,k,ou,False,g,uang,1,見唐一合,平,1,牙音,全清,ㄱ,牙音,全清,牙音,全清
4034,4408,邶,bèi,9,99.9946922395,PHAY,ハイ,h,ai,False,b,ei,4,並灰一合,去,3,唇音,全清,ㅍ,唇音,次清,唇音,全清
4035,4409,翛,xiāo,9,99.9947128699,SO,イク,,iku,True,x,iao,1,心蕭四開,平,1,喉音,次濁,ㅅ,歯音,全清,歯音,次清
4036,4410,輓,wǎn,9,99.9947335004,MAN,バン,b,an,False,w,an,3,明元三合,上,2,唇音,全濁,ㅁ,唇音,次濁,喉音,次濁
4037,4411,檗,bò,9,99.9947644461,PYEK,ハク,h,aku,True,b,o,4,幫耕二開,入,4,唇音,全清,ㅂ,唇音,全清,唇音,全清
4038,4412,賈,jiǎ,9,99.9947747613,KA,カ,k,a,False,j,ia,3,見模一開,上,2,牙音,全清,ㄱ,牙音,全清,歯音,全清
4039,4413,賈,jiǎ,9,99.9947747613,KO,カ,k,a,False,j,ia,3,見模一開,上,2,牙音,全清,ㄱ,牙音,全清,歯音,全清
4040,4414,輳,còu,9,99.9947850766,CWU,ソウ,s,ou,False,c,ou,4,清侯一開,去,3,歯音,全清,ㅈ,歯音,全清,歯音,次清
4041,4415,釆,biàn,9,99.9947953918,PYEN,ハン,h,an,False,b,ian,4,並山二開,去,3,唇音,全清,ㅂ,唇音,全清,唇音,全清
4042,4416,銳,ruì,9,99.994805707,YEY,エイ,,ei,False,r,ui,4,以祭三合,去,3,喉音,次濁,ㅇ,喉音,次濁,歯音,次濁
4043,4417,銳,ruì,9,99.994805707,THAY,エイ,,ei,False,r,ui,4,以祭三合,去,3,喉音,次濁,ㅌ,舌音,次清,歯音,次濁
4044,4419,邗,hán,8,99.9948515525,HAN,カン,k,an,False,h,an,2,匣寒一開,平,1,牙音,全清,ㅎ,喉音,次清,牙音,次清
4045,4420,柒,qī,8,99.9949249053,CHIL,シツ,s,hitsu,True,q,i,1,清眞三開,入,4,歯音,全清,ㅊ,歯音,次清,歯音,次清
4046,4422,鬲,gé,8,99.9949432435,KYEK,カク,k,aku,True,g,e,2,見耕二開,入,4,牙音,全清,ㄱ,牙音,全清,牙音,全清
4047,4423,兕,sì,8,99.9949524126,SI,ジ,j,i,False,s,i,4,邪脂三開,上,2,歯音,全濁,ㅅ,歯音,全清,歯音,次清
4048,4424,坫,diàn,8,99.9949615817,CEM,テン,t,en,False,d,ian,4,知侵三開,平,1,舌音,全清,ㅈ,歯音,全清,舌音,全清
4049,4425,瞢,méng,8,99.9949799199,MONG,ベツ,b,etsu,True,m,eng,2,明東三開,平,1,唇音,全濁,ㅁ,唇音,次濁,唇音,次濁
4050,4426,岈,yá,8,99.9949890889,HA,ガ,g,a,False,y,a,2,曉麻二開,平,1,牙音,全濁,ㅎ,喉音,次清,喉音,次濁
4051,4429,沔,miǎn,8,99.9950807799,MYEN,ベン,b,en,False,m,ian,3,明仙三開,上,2,唇音,全濁,ㅁ,唇音,次濁,唇音,次濁
4052,4430,洧,wěi,8,99.995089949,YU,イ,,i,False,w,ei,3,云脂三合,上,2,喉音,次濁,ㅇ,喉音,次濁,喉音,次濁
4053,4431,洫,xù,8,99.9950991181,HYEK,キョク,k,yoku,True,x,u,4,曉蒸三合,入,4,牙音,全清,ㅎ,喉音,次清,歯音,次清
4054,4433,舄,xì,8,99.99518164,SEK,セキ,s,eki,True,x,i,4,清陽三開,入,4,歯音,全清,ㅅ,歯音,全清,歯音,次清
4055,4434,胠,qū,8,99.9951999782,KE,キョ,k,yo,False,q,u,1,溪魚三開,平,1,牙音,全清,ㄱ,牙音,全清,歯音,次清
4056,4435,蕺,jí,8,99.9952091473,CUP,シュウ,s,huu,False,j,i,2,莊侵三開,入,4,歯音,全清,ㅈ,歯音,全清,歯音,全清
4057,4436,禿,tū,8,99.9952641618,TOK,トク,t,oku,True,t,u,1,透東一開,入,4,舌音,全清,ㄷ,舌音,全清,舌音,次清
4058,4437,蹠,zhí,7,99.9952985459,CHEK,セキ,s,eki,True,zh,i,2,章清三開,入,4,歯音,全清,ㅊ,歯音,次清,歯音,全清
4059,4438,埭,dài,7,99.9953065689,THAY,タイ,t,ai,False,d,ai,4,定咍一開,去,3,舌音,全清,ㅌ,舌音,次清,舌音,全清
4060,4439,駮,bó,7,99.9953145919,PAK,ハク,h,aku,True,b,o,2,幫江二開,入,4,唇音,全清,ㅂ,唇音,全清,唇音,全清
4061,4440,舡,chuán,7,99.9953466837,KANG,コウ,k,ou,False,ch,uan,2,曉江二開,平,1,牙音,全清,ㄱ,牙音,全清,歯音,次清
4062,4441,罣,guà,7,99.9953948215,KWAY,カイ,k,ai,False,g,ua,4,見齊四合,去,3,牙音,全清,ㄱ,牙音,全清,牙音,全清
4063,4442,仝,tóng,7,99.9954429592,TONG,ドウ,d,ou,False,t,ong,2,定東一開,平,1,舌音,全濁,ㄷ,舌音,全清,舌音,次清
4064,4443,莛,tíng,7,99.9954670281,CENG,テイ,t,ei,False,t,ing,2,定青四開,平,1,舌音,全清,ㅈ,歯音,全清,舌音,次清
4065,4444,迴,huí,7,99.995475051,HOY,エ,,e,False,h,ui,2,匣灰一合,平,1,喉音,次濁,ㅎ,喉音,次清,牙音,次清
4066,4445,蛸,shāo,7,99.9955312118,SO,ショウ,s,hou,False,sh,ao,1,心宵三開,平,1,歯音,全清,ㅅ,歯音,全清,歯音,次清
4067,4446,葷,hūn,7,99.9955633036,HWUN,クン,k,un,False,h,un,1,曉文三合,平,1,牙音,全清,ㅎ,喉音,次清,牙音,次清
4068,4447,蜺,ní,7,99.9955793495,YEY,ゲイ,g,ei,False,n,i,2,疑齊四開,平,1,牙音,全濁,ㅇ,喉音,次濁,舌音,次濁
4069,4448,劐,huō,7,99.9955953954,HWAK,ギャク,g,yaku,True,h,uo,1,曉唐一合,入,4,牙音,全濁,ㅎ,喉音,次清,牙音,次清
4070,4449,垤,dié,7,99.9956114413,CIL,テツ,t,etsu,True,d,ie,2,定先四開,入,4,舌音,全清,ㅈ,歯音,全清,舌音,全清
4071,4450,擐,huàn,7,99.9956194643,HWAN,カン,k,an,False,h,uan,4,見刪二合,平,1,牙音,全清,ㅎ,喉音,次清,牙音,次清
4072,4451,幞,fú,7,99.9956274873,POK,ボク,b,oku,True,f,u,2,並鍾三開,入,4,唇音,全濁,ㅂ,唇音,全清,唇音,次清
4073,4452,溏,táng,7,99.9956435332,TANG,トウ,t,ou,False,t,ang,2,定唐一開,平,1,舌音,全清,ㄷ,舌音,全清,舌音,次清
4074,4453,閤,gé,7,99.9956515561,HAP,コウ,k,ou,False,g,e,2,見覃一開,入,4,牙音,全清,ㅎ,喉音,次清,牙音,全清
4075,4454,瘳,chōu,7,99.995683648,CHWU,チュウ,c,huu,False,ch,ou,1,徹尤三開,平,1,舌音,全清,ㅊ,歯音,次清,歯音,次清
4076,4455,躐,liè,7,99.9957077169,LYEP,リョウ,r,you,False,l,ie,4,來鹽三開,入,4,流音,次濁,ㄹ,流音,次濁,舌音,次濁
4077,4456,綎,tīng,7,99.9957398087,CENG,テイ,t,ei,False,t,ing,1,定青四開,平,1,舌音,全清,ㅈ,歯音,全清,舌音,次清
4078,4458,蹟,jī,7,99.9957558546,CEK,セキ,s,eki,True,j,i,1,精清三開,入,4,歯音,全清,ㅈ,歯音,全清,歯音,全清
4079,4459,麼,me,7,99.9957638776,MA,モ,m,o,False,m,e,5,明戈一合,上,2,唇音,次濁,ㅁ,唇音,次濁,唇音,次濁
4080,4460,釘,dīng,7,99.9957719005,CENG,テイ,t,ei,False,d,ing,1,端青四開,平,1,舌音,全清,ㅈ,歯音,全清,舌音,全清
4081,4462,蕡,fén,6,99.995792531,PWUN,フン,f,un,False,f,en,2,並文三合,平,1,唇音,全清,ㅂ,唇音,全清,唇音,次清
4082,4463,鼯,wú,6,99.9958544224,O,ゴ,g,o,False,w,u,2,疑模一開,平,1,牙音,全濁,ㅇ,喉音,次濁,喉音,次濁
4083,4466,茈,cí,6,99.9958888065,CA,サイ,s,ai,False,c,i,2,從支三開,平,1,歯音,全清,ㅈ,歯音,全清,歯音,次清
4084,4467,薙,tì,6,99.9959300674,CHI,テイ,t,ei,False,t,i,4,邪脂三開,上,2,舌音,全清,ㅊ,歯音,次清,舌音,次清
4085,4468,剞,jī,6,99.9959506979,KI,キ,k,i,True,j,i,1,見支三開,上,2,牙音,全清,ㄱ,牙音,全清,歯音,全清
4086,4469,墁,màn,6,99.9959713284,MAN,バン,b,an,False,m,an,4,明桓一合,平,1,唇音,全濁,ㅁ,唇音,次濁,唇音,次濁
4087,4470,甍,méng,6,99.9959782052,MENG,ボウ,b,ou,False,m,eng,2,明耕二開,平,1,唇音,全濁,ㅁ,唇音,次濁,唇音,次濁
4088,4471,飭,chì,6,99.9960194661,CHIK,チョク,c,hoku,True,ch,i,4,徹蒸三開,入,4,舌音,全清,ㅊ,歯音,次清,歯音,次清
4089,4472,酴,tú,6,99.9960400966,TO,ズ,z,u,False,t,u,2,定模一開,平,1,歯音,全濁,ㄷ,舌音,全清,舌音,次清
4090,4473,酹,lèi,6,99.9960469734,LOY,ライ,r,ai,False,l,ei,4,來泰一合,去,3,流音,次濁,ㄹ,流音,次濁,舌音,次濁
4091,4474,睆,huàn,6,99.9960607271,HWAN,カン,k,an,False,h,uan,4,匣刪二合,上,2,牙音,全清,ㅎ,喉音,次清,牙音,次清
4092,4475,箠,chuí,6,99.9960744807,CHWU,ズイ,z,ui,False,ch,ui,2,知支三合,平,1,歯音,全濁,ㅊ,歯音,次清,歯音,次清
4093,4476,絅,jiōng,6,99.9960813575,KYENG,ケイ,k,ei,False,j,iong,1,見青四合,平,1,牙音,全清,ㄱ,牙音,全清,歯音,全清
4094,4477,誌,zhì,6,99.9960951112,CI,シ,s,hi,False,zh,i,4,章之三開,去,3,歯音,全清,ㅈ,歯音,全清,歯音,全清
4095,4478,唪,fěng,6,99.996101988,PONG,ホウ,h,ou,False,f,eng,3,並東一開,上,2,唇音,全清,ㅂ,唇音,全清,唇音,次清
4096,4479,遘,gòu,6,99.9961226185,KWU,コウ,k,ou,False,g,ou,4,見侯一開,去,3,牙音,全清,ㄱ,牙音,全清,牙音,全清
4097,4480,霑,zhān,6,99.9961432489,CEM,テン,t,en,False,zh,an,1,知鹽三開,平,1,舌音,全清,ㅈ,歯音,全清,歯音,全清
4098,4481,酤,gū,6,99.9961845099,KO,コ,k,o,False,g,u,1,見模一開,平,1,牙音,全清,ㄱ,牙音,全清,牙音,全清
4099,4482,觖,jué,6,99.9961913867,KYEL,ケツ,k,etsu,True,j,ue,2,溪支三合,去,3,牙音,全清,ㄱ,牙音,全清,歯音,全清
4100,4483,黟,yī,6,99.9961982635,I,イ,,i,False,y,i,1,影脂三開,平,1,喉音,次濁,ㅇ,喉音,次濁,喉音,次濁
4101,4484,龜,guī,6,99.9962120171,KWU,キ,k,i,True,g,ui,1,見脂三合,平,1,牙音,全清,ㄱ,牙音,全清,牙音,全清
4102,4485,龜,guī,6,99.9962120171,KWI,キ,k,i,True,g,ui,1,見脂三合,平,1,牙音,全清,ㄱ,牙音,全清,牙音,全清
4103,4486,龜,guī,6,99.9962120171,KYUN,キ,k,i,True,g,ui,1,見脂三合,平,1,牙音,全清,ㄱ,牙音,全清,牙音,全清
4104,4488,埴,zhí,6,99.9962532781,CHI,ショク,s,hoku,True,zh,i,2,昌之三開,去,3,歯音,全清,ㅊ,歯音,次清,歯音,全清
4105,4489,埴,zhí,6,99.9962532781,SIK,ショク,s,hoku,True,zh,i,2,昌之三開,去,3,歯音,全清,ㅅ,歯音,全清,歯音,全清
4106,4490,鋹,chǎng,6,99.9962601549,CHENG,チョウ,c,hou,False,ch,ang,3,徹陽三開,上,2,舌音,全清,ㅊ,歯音,次清,歯音,次清
4107,4491,腠,còu,6,99.9962670317,CWU,ソウ,s,ou,False,c,ou,4,清侯一開,去,3,歯音,全清,ㅈ,歯音,全清,歯音,次清
4108,4492,複,fù,6,99.9962807854,PWU,フク,f,uku,True,f,u,4,並尤三開,去,3,唇音,全清,ㅂ,唇音,全清,唇音,次清
4109,4493,複,fù,6,99.9962807854,POK,フク,f,uku,True,f,u,4,並尤三開,去,3,唇音,全清,ㅂ,唇音,全清,唇音,次清
4110,4494,鎌,lián,6,99.9962876622,KYEM,レン,r,en,False,l,ian,2,來鹽三開,平,1,流音,次濁,ㄱ,牙音,全清,舌音,次濁
4111,4495,隊,duì,6,99.996294539,TAY,タイ,t,ai,False,d,ui,4,定灰一合,去,3,舌音,全清,ㄷ,舌音,全清,舌音,全清
4112,4496,縡,zài,5,99.9963312154,CAY,サイ,s,ai,False,z,ai,4,精咍一開,上,2,歯音,全清,ㅈ,歯音,全清,歯音,全清
4113,4497,觱,bì,5,99.9963369461,PHIL,ヒチ,h,ichi,True,b,i,4,幫眞三開,入,4,唇音,全清,ㅍ,唇音,次清,唇音,全清
4114,4498,轘,huán,5,99.9963484075,HWAN,カン,k,an,False,h,uan,2,匣刪二合,平,1,牙音,全清,ㅎ,喉音,次清,牙音,次清
4115,4499,啉,lín,5,99.9963541381,LAM,リン,r,in,False,l,in,2,來覃一開,平,1,流音,次濁,ㄹ,流音,次濁,舌音,次濁
4116,4500,韻,yùn,5,99.9963655995,WUN,イン,,in,False,y,un,4,云文三合,去,3,喉音,次濁,ㅇ,喉音,次濁,喉音,次濁
4117,4501,貅,xiū,5,99.9963770609,HYU,キュウ,k,yuu,False,x,iu,1,曉尤三開,平,1,牙音,全清,ㅎ,喉音,次清,歯音,次清
4118,4502,謦,qìng,5,99.9963827916,KYENG,ケイ,k,ei,False,q,ing,4,溪青四開,上,2,牙音,全清,ㄱ,牙音,全清,歯音,次清
4119,4503,骯,āng,5,99.9964171757,HANG,コウ,k,ou,False,,ang,1,匣唐一開,上,2,牙音,全清,ㅎ,喉音,次清,喉音,次濁
4120,4504,脘,wǎn,5,99.9964802132,WAN,カン,k,an,False,w,an,3,見桓一合,上,2,牙音,全清,ㅇ,喉音,次濁,喉音,次濁
4121,4505,瘙,sào,5,99.9964974053,SO,ソウ,s,ou,False,s,ao,4,心豪一開,去,3,歯音,全清,ㅅ,歯音,全清,歯音,次清
4122,4506,耨,nòu,5,99.9965088666,NWU,ドウ,d,ou,False,n,ou,4,泥侯一開,去,3,舌音,全濁,ㄴ,舌音,次濁,舌音,次濁
4123,4507,矞,yù,5,99.9965375201,YUL,イツ,,itsu,True,y,u,4,以諄三合,入,4,喉音,次濁,ㅇ,喉音,次濁,喉音,次濁
4124,4509,筍,sǔn,5,99.9965489814,SWUN,ジュン,j,un,False,s,un,3,心諄三合,上,2,歯音,全濁,ㅅ,歯音,全清,歯音,次清
4125,4510,筦,guǎn,5,99.9965547121,KWAN,カン,k,an,False,g,uan,3,見桓一合,上,2,牙音,全清,ㄱ,牙音,全清,牙音,全清
4126,4511,纁,xūn,5,99.9965604428,HWUN,クン,k,un,False,x,un,1,曉文三合,平,1,牙音,全清,ㅎ,喉音,次清,歯音,次清
4127,4514,龠,yuè,5,99.9965890962,YAK,ヤク,y,aku,True,y,ue,4,以陽三開,入,4,喉音,次濁,ㅇ,喉音,次濁,喉音,次濁
4128,4515,堠,hòu,5,99.9965948269,HWU,コウ,k,ou,False,h,ou,4,匣侯一開,去,3,牙音,全清,ㅎ,喉音,次清,牙音,次清
4129,4516,澉,gǎn,5,99.996629211,KEM,カン,k,an,False,g,an,3,見談一開,上,2,牙音,全清,ㄱ,牙音,全清,牙音,全清
4130,4517,筅,xiǎn,5,99.9966750565,SEN,セン,s,en,False,x,ian,3,心先四開,上,2,歯音,全清,ㅅ,歯音,全清,歯音,次清
4131,4518,酎,zhòu,5,99.9966807872,CWU,チュウ,c,huu,False,zh,ou,4,澄尤三開,去,3,舌音,全清,ㅈ,歯音,全清,歯音,全清
4132,4519,虯,qiú,5,99.996720902,KYU,キュウ,k,yuu,False,q,iu,2,群幽三開,平,1,牙音,全清,ㄱ,牙音,全清,歯音,次清
4133,4520,砢,kē,5,99.9967839395,LA,ラ,r,a,False,k,e,1,來歌一開,上,2,流音,次濁,ㄹ,流音,次濁,牙音,次清
4134,4521,絃,xián,5,99.9967896702,HYEN,ゲン,g,en,False,x,ian,2,匣先四開,平,1,牙音,全濁,ㅎ,喉音,次清,歯音,次清
4135,4522,菉,lù,5,99.9967954009,LOK,リョク,r,yoku,True,l,u,4,來鍾三開,入,4,流音,次濁,ㄹ,流音,次濁,舌音,次濁
4136,4523,衒,xuàn,5,99.9968011316,HYEN,ゲン,g,en,False,x,uan,4,匣先四合,去,3,牙音,全濁,ㅎ,喉音,次清,歯音,次清
4137,4525,覗,sì,5,99.9968125929,SA,シ,s,hi,False,s,i,4,心之三開,平,1,歯音,全清,ㅅ,歯音,全清,歯音,次清
4138,4526,議,yì,5,99.9968183236,UY,ギ,g,i,False,y,i,4,疑支三開,去,3,牙音,全濁,ㅇ,喉音,次濁,喉音,次濁
4139,4527,驀,mò,5,99.9968469771,MAYK,バク,b,aku,True,m,o,4,明庚二開,入,4,唇音,全濁,ㅁ,唇音,次濁,唇音,次濁
4140,4528,鬘,mán,5,99.9968527077,MAN,マン,m,an,False,m,an,2,明刪二開,平,1,唇音,次濁,ㅁ,唇音,次濁,唇音,次濁
4141,4529,盤,pán,5,99.9968641691,PAN,バン,b,an,False,p,an,2,並桓一合,平,1,唇音,全濁,ㅂ,唇音,全清,唇音,次清
4142,4531,蔦,niǎo,5,99.9968985532,CO,チョウ,c,hou,False,n,iao,3,端蕭四開,上,2,舌音,全清,ㅈ,歯音,全清,舌音,次濁
4143,4532,讞,yàn,5,99.9969157453,EN,ゲン,g,en,False,y,an,4,疑仙三開,上,2,牙音,全濁,ㅇ,喉音,次濁,喉音,次濁
4144,4533,選,xuǎn,5,99.996921476,SEN,セン,s,en,False,x,uan,3,心仙三合,上,2,歯音,全清,ㅅ,歯音,全清,歯音,次清
4145,4534,籥,yuè,4,99.9969707599,YAK,ヤク,y,aku,True,y,ue,4,以陽三開,入,4,喉音,次濁,ㅇ,喉音,次濁,喉音,次濁
4146,4535,鉏,chú,4,99.996979929,SE,サ,s,a,False,ch,u,2,崇魚三開,平,1,歯音,全清,ㅅ,歯音,全清,歯音,次清
4147,4536,珙,gǒng,4,99.996989098,KONG,キョウ,k,you,False,g,ong,3,見鍾三開,平,1,牙音,全清,ㄱ,牙音,全清,牙音,全清
4148,4539,稜,léng,4,99.9970349435,LUNG,リョウ,r,you,False,l,eng,2,來登一開,平,1,流音,次濁,ㄹ,流音,次濁,舌音,次濁
4149,4540,繐,suì,4,99.9970441126,SEY,エ,,e,False,s,ui,4,匣齊四合,去,3,喉音,次濁,ㅅ,歯音,全清,歯音,次清
4150,4541,蝀,dōng,4,99.9970716199,TONG,トウ,t,ou,False,d,ong,1,端東一開,平,1,舌音,全清,ㄷ,舌音,全清,舌音,全清
4151,4542,蝟,wèi,4,99.9970762045,WI,イ,,i,False,w,ei,4,云微三合,去,3,喉音,次濁,ㅇ,喉音,次濁,喉音,次濁
4152,4543,陞,shēng,4,99.9970945427,SUNG,ショウ,s,hou,False,sh,eng,1,書蒸三開,平,1,歯音,全清,ㅅ,歯音,全清,歯音,次清
4153,4544,騾,luó,4,99.9971358036,LA,ラ,r,a,False,l,uo,2,來戈一合,平,1,流音,次濁,ㄹ,流音,次濁,舌音,次濁
4154,4545,魋,tuí,4,99.9971403881,CHWU,デ,d,e,False,t,ui,2,定灰一合,平,1,舌音,全濁,ㅊ,歯音,次清,舌音,次清
4155,4546,鼢,fén,4,99.9971495572,PWUN,フン,f,un,False,f,en,2,並文三合,平,1,唇音,全清,ㅂ,唇音,全清,唇音,次清
4156,4548,苾,bì,4,99.9971816491,PHIL,ヒツ,h,itsu,True,b,i,4,並眞三開,入,4,唇音,全清,ㅍ,唇音,次清,唇音,全清
4157,4550,褧,jiǒng,4,99.9971954027,KYENG,ケイ,k,ei,False,j,iong,3,溪青四合,上,2,牙音,全清,ㄱ,牙音,全清,歯音,全清
4158,4551,跼,jú,4,99.9972183255,KWUK,キョク,k,yoku,True,j,u,2,群鍾三開,入,4,牙音,全清,ㄱ,牙音,全清,歯音,全清
4159,4552,軿,píng,4,99.9972274945,PYENG,ヘイ,h,ei,False,p,ing,2,並先四開,平,1,唇音,全清,ㅂ,唇音,全清,唇音,次清
4160,4553,郪,qī,4,99.9972458327,CHE,セイ,s,ei,False,q,i,1,清脂三開,平,1,歯音,全清,ㅊ,歯音,次清,歯音,次清
4161,4554,庳,bì,4,99.9972550018,PI,ヒ,h,i,False,b,i,4,並支三開,上,2,唇音,全清,ㅂ,唇音,全清,唇音,全清
4162,4555,忉,dāo,4,99.9972595864,TO,トウ,t,ou,False,d,ao,1,端豪一開,平,1,舌音,全清,ㄷ,舌音,全清,舌音,全清
4163,4556,珉,mín,4,99.9972641709,MIN,ビン,b,in,False,m,in,2,明眞三開,平,1,唇音,全濁,ㅁ,唇音,次濁,唇音,次濁
4164,4557,雲,yún,4,99.9972825091,WUN,ウン,,un,False,y,un,2,云文三合,平,1,喉音,次濁,ㅇ,喉音,次濁,喉音,次濁
4165,4558,鬋,jiǎn,4,99.9973237701,CEN,セン,s,en,False,j,ian,3,精仙三開,平,1,歯音,全清,ㅈ,歯音,全清,歯音,全清
4166,4559,霈,pèi,4,99.9973329392,PHAY,ハイ,h,ai,False,p,ei,4,滂泰一開,去,3,唇音,全清,ㅍ,唇音,次清,唇音,次清
4167,4560,鏘,qiāng,4,99.9973558619,CANG,ショウ,s,hou,False,q,iang,1,清陽三開,平,1,歯音,全清,ㅈ,歯音,全清,歯音,次清
4168,4561,誥,gào,4,99.9973696155,KO,コウ,k,ou,False,g,ao,4,見豪一開,去,3,牙音,全清,ㄱ,牙音,全清,牙音,全清
4169,4562,仳,pǐ,4,99.9973925383,PI,ヒ,h,i,False,p,i,3,並脂三開,平,1,唇音,全清,ㅂ,唇音,全清,唇音,次清
4170,4563,鉤,gōu,4,99.997415461,KWU,グ,g,u,False,g,ou,1,見侯一開,平,1,牙音,全濁,ㄱ,牙音,全清,牙音,全清
4171,4565,翫,wán,4,99.997456722,WAN,ガン,g,an,False,w,an,2,疑桓一合,去,3,牙音,全濁,ㅇ,喉音,次濁,喉音,次濁
4172,4567,踆,cūn,4,99.9974796447,CWUN,シュン,s,hun,False,c,un,1,清諄三合,平,1,歯音,全清,ㅈ,歯音,全清,歯音,次清
4173,4568,遯,dùn,4,99.9974842292,TWUN,トン,t,on,False,d,un,4,定魂一合,上,2,舌音,全清,ㄷ,舌音,全清,舌音,全清
4174,4569,雰,fēn,4,99.9974979829,PWUN,フン,f,un,False,f,en,1,滂文三合,平,1,唇音,全清,ㅂ,唇音,全清,唇音,次清
4175,4570,靉,ài,4,99.997507152,AY,アイ,,ai,False,,ai,4,影微三開,上,2,喉音,次濁,ㅇ,喉音,次濁,喉音,次濁
4176,4571,禱,dǎo,4,99.9975254902,TO,トウ,t,ou,False,d,ao,3,端豪一開,上,2,舌音,全清,ㄷ,舌音,全清,舌音,全清
4177,4572,謹,jǐn,4,99.9975346593,KUN,キン,k,in,False,j,in,3,見欣三開,上,2,牙音,全清,ㄱ,牙音,全清,歯音,全清
4178,4573,遞,dì,4,99.9975392438,CHEY,テイ,t,ei,False,d,i,4,定齊四開,上,2,舌音,全清,ㅊ,歯音,次清,舌音,全清
4179,4574,錫,xī,4,99.9975438284,SEK,シャク,s,haku,True,x,i,1,心青四開,入,4,歯音,全清,ㅅ,歯音,全清,歯音,次清
4180,4575,鐓,duì,3,99.997557582,TAY,タイ,t,ai,False,d,ui,4,定灰一合,去,3,舌音,全清,ㄷ,舌音,全清,舌音,全清
4181,4576,餬,hú,3,99.9975644588,HO,コ,k,o,False,h,u,2,匣模一開,平,1,牙音,全清,ㅎ,喉音,次清,牙音,次清
4182,4577,門,mén,3,99.9975782125,MWUN,モン,m,on,False,m,en,2,明魂一合,平,1,唇音,次濁,ㅁ,唇音,次濁,唇音,次濁
4183,4578,眥,zì,3,99.9975850893,CA,サイ,s,ai,False,z,i,4,從支三開,去,3,歯音,全清,ㅈ,歯音,全清,歯音,全清
4184,4580,絙,huán,3,99.9976091582,HWAN,カン,k,an,False,h,uan,2,匣桓一合,平,1,牙音,全清,ㅎ,喉音,次清,牙音,次清
4185,4581,垸,yuàn,3,99.9976366655,WAN,カン,k,an,False,y,uan,4,匣桓一合,平,1,牙音,全清,ㅇ,喉音,次濁,喉音,次濁
4186,4583,蔟,cù,3,99.9976469807,CWU,ゾク,z,oku,True,c,u,4,清侯一開,去,3,歯音,全濁,ㅈ,歯音,全清,歯音,次清
4187,4584,掎,jǐ,3,99.9976504191,KI,キ,k,i,True,j,i,3,見支三開,平,1,牙音,全清,ㄱ,牙音,全清,歯音,全清
4188,4585,閱,yuè,3,99.9976572959,YEL,エツ,,etsu,True,y,ue,4,以仙三合,入,4,喉音,次濁,ㅇ,喉音,次濁,喉音,次濁
4189,4587,秬,jù,3,99.99769168,KE,キョ,k,yo,False,j,u,4,群魚三開,上,2,牙音,全清,ㄱ,牙音,全清,歯音,全清
4190,4588,罽,jì,3,99.9977088721,KYEY,ケイ,k,ei,False,j,i,4,見祭三開,去,3,牙音,全清,ㄱ,牙音,全清,歯音,全清
4191,4589,蝦,xiā,3,99.9977191873,HA,カ,k,a,False,x,ia,1,匣麻二開,平,1,牙音,全清,ㅎ,喉音,次清,歯音,次清
4192,4590,螘,yǐ,3,99.9977226257,UY,ギ,g,i,False,y,i,3,疑支三開,上,2,牙音,全濁,ㅇ,喉音,次濁,喉音,次濁
4193,4591,袝,fù,3,99.9977260642,PWU,フ,f,u,False,f,u,4,並虞三合,去,3,唇音,全清,ㅂ,唇音,全清,唇音,次清
4194,4592,裯,chóu,3,99.9977295026,CWU,トウ,t,ou,False,ch,ou,2,澄虞三合,平,1,舌音,全清,ㅈ,歯音,全清,歯音,次清
4195,4594,迺,nǎi,3,99.9977638867,NAY,ダイ,d,ai,False,n,ai,3,泥咍一開,上,2,舌音,全濁,ㄴ,舌音,次濁,舌音,次濁
4196,4596,遝,tà,3,99.9977707635,TAP,トウ,t,ou,False,t,a,4,定覃一開,入,4,舌音,全清,ㄷ,舌音,全清,舌音,次清
4197,4597,邇,ěr,3,99.9977742019,I,ジ,j,i,False,,er,3,日支三開,上,2,歯音,全濁,ㅇ,喉音,次濁,喉音,次濁
4198,4598,艴,fú,3,99.9977810787,PWUL,フツ,f,utsu,True,f,u,2,滂文三合,入,4,唇音,全清,ㅂ,唇音,全清,唇音,次清
4199,4599,鑑,jiàn,3,99.9977845171,KAM,カン,k,an,False,j,ian,4,見銜二開,平,1,牙音,全清,ㄱ,牙音,全清,歯音,全清
4200,4600,鑕,zhì,3,99.9977879556,CIL,シツ,s,hitsu,True,zh,i,4,章眞三開,入,4,歯音,全清,ㅈ,歯音,全清,歯音,全清
4201,4601,雚,guàn,3,99.9977982708,KWAN,カン,k,an,False,g,uan,4,見桓一合,去,3,牙音,全清,ㄱ,牙音,全清,牙音,全清
4202,4602,髣,fǎng,3,99.9978326549,PANG,ホウ,h,ou,False,f,ang,3,滂陽三合,上,2,唇音,全清,ㅂ,唇音,全清,唇音,次清
4203,4603,鼷,xī,3,99.9978395317,HYEY,ケイ,k,ei,False,x,i,1,匣齊四開,平,1,牙音,全清,ㅎ,喉音,次清,歯音,次清
4204,4604,鷲,jiù,3,99.9978464085,CHWI,ジュ,j,u,False,j,iu,4,從尤三開,去,3,歯音,全濁,ㅊ,歯音,次清,歯音,全清
4205,4605,麀,yōu,3,99.9978532854,WU,ユウ,y,uu,False,y,ou,1,影尤三開,平,1,喉音,次濁,ㅇ,喉音,次濁,喉音,次濁
4206,4607,齏,jī,3,99.9978704774,CEY,セイ,s,ei,False,j,i,1,精齊四開,平,1,歯音,全清,ㅈ,歯音,全清,歯音,全清
4207,4608,醲,nóng,3,99.9978773542,NONG,ジョウ,j,ou,False,n,ong,2,娘鍾三開,平,1,歯音,全濁,ㄴ,舌音,次濁,舌音,次濁
4208,4609,隄,tí,3,99.9978807926,CEY,テイ,t,ei,False,t,i,2,端齊四開,平,1,舌音,全清,ㅈ,歯音,全清,舌音,次清
4209,4610,隄,dī,3,99.9978807926,CEY,テイ,t,ei,False,d,i,1,端齊四開,平,1,舌音,全清,ㅈ,歯音,全清,舌音,全清
4210,4611,毳,cuì,3,99.9978842311,CHWI,ゼイ,z,ei,False,c,ui,4,清祭三合,去,3,歯音,全濁,ㅊ,歯音,次清,歯音,次清
4211,4612,臑,nào,3,99.9978979847,NO,ジ,j,i,False,n,ao,4,日虞三合,平,1,歯音,全濁,ㄴ,舌音,次濁,舌音,次濁
4212,4613,苧,zhù,3,99.9979014231,CE,チョ,c,ho,False,zh,u,4,澄魚三開,上,2,舌音,全清,ㅈ,歯音,全清,歯音,全清
4213,4614,苧,níng,3,99.9979014231,CE,チョ,c,ho,False,n,ing,2,澄魚三開,上,2,舌音,全清,ㅈ,歯音,全清,舌音,次濁
4214,4615,蒨,qiàn,3,99.9979048615,CHEN,セン,s,en,False,q,ian,4,清先四開,去,3,歯音,全清,ㅊ,歯音,次清,歯音,次清
4215,4616,埏,shān,3,99.9979117383,YEN,エン,,en,False,sh,an,1,以仙三開,平,1,喉音,次濁,ㅇ,喉音,次濁,歯音,次清
4216,4617,遡,sù,3,99.9979220536,SO,ソ,s,o,False,s,u,4,心模一開,去,3,歯音,全清,ㅅ,歯音,全清,歯音,次清
4217,4618,栝,guā,3,99.9979323688,KWAL,カツ,k,atsu,True,g,ua,1,透添四開,上,2,牙音,全清,ㄱ,牙音,全清,牙音,全清
4218,4619,餱,hóu,3,99.9979392456,HWU,コウ,k,ou,False,h,ou,2,匣侯一開,平,1,牙音,全清,ㅎ,喉音,次清,牙音,次清
4219,4620,麑,ní,3,99.9979495609,YEY,ゲイ,g,ei,False,n,i,2,疑齊四開,平,1,牙音,全濁,ㅇ,喉音,次濁,舌音,次濁
4220,4621,齧,niè,3,99.9979529993,SEL,ゲツ,g,etsu,True,n,ie,4,疑先四開,入,4,牙音,全濁,ㅅ,歯音,全清,舌音,次濁
4221,4622,睠,juàn,3,99.9979598761,KWEN,ケン,k,en,False,j,uan,4,見仙三合,去,3,牙音,全清,ㄱ,牙音,全清,歯音,全清
4222,4623,矰,zēng,3,99.9979633145,CUNG,ソウ,s,ou,False,z,eng,1,精登一開,平,1,歯音,全清,ㅈ,歯音,全清,歯音,全清
4223,4624,箇,gè,3,99.9979770682,KAY,カ,k,a,False,g,e,4,見歌一開,去,3,牙音,全清,ㄱ,牙音,全清,牙音,全清
4224,4625,絪,yīn,3,99.9979805066,IN,イン,,in,False,y,in,1,影眞三開,平,1,喉音,次濁,ㅇ,喉音,次濁,喉音,次濁
4225,4627,菴,ān,3,99.998001137,AM,アン,,an,False,,an,1,影覃一開,平,1,喉音,次濁,ㅇ,喉音,次濁,喉音,次濁
4226,4628,蓂,míng,3,99.9980045754,MYENG,ベキ,b,eki,True,m,ing,2,明青四開,平,1,唇音,全濁,ㅁ,唇音,次濁,唇音,次濁
4227,4629,託,tuō,3,99.9980183291,THAK,タク,t,aku,True,t,uo,1,透唐一開,入,4,舌音,全清,ㅌ,舌音,次清,舌音,次清
4228,4630,郵,yóu,3,99.9980458364,WU,ユウ,y,uu,False,y,ou,2,云尤三開,平,1,喉音,次濁,ㅇ,喉音,次濁,喉音,次濁
4229,4631,鉐,shí,3,99.9980492748,SEK,セキ,s,eki,True,sh,i,2,常清三開,入,4,歯音,全清,ㅅ,歯音,全清,歯音,次清
4230,4632,陼,zhǔ,3,99.9980630284,CE,ショ,s,ho,False,zh,u,3,章魚三開,上,2,歯音,全清,ㅈ,歯音,全清,歯音,全清
4231,4634,骫,wěi,3,99.9980733437,I,イ,,i,False,w,ei,3,影支三合,上,2,喉音,次濁,ㅇ,喉音,次濁,喉音,次濁
4232,4635,鶡,hé,3,99.9980802205,KAL,カイ,k,ai,False,h,e,2,匣寒一開,入,4,牙音,全清,ㄱ,牙音,全清,牙音,次清
4233,4636,臥,wò,3,99.9980870973,WA,ガ,g,a,False,w,o,4,疑戈一合,去,3,牙音,全濁,ㅇ,喉音,次濁,喉音,次濁
4234,4637,豎,shù,3,99.9980905357,SWU,ジュ,j,u,False,sh,u,4,常虞三合,上,2,歯音,全濁,ㅅ,歯音,全清,歯音,次清
4235,4638,針,zhēn,3,99.9980939741,CHIM,シン,s,hin,False,zh,en,1,章侵三開,平,1,歯音,全清,ㅊ,歯音,次清,歯音,全清
4236,4639,鋸,jù,3,99.9980974125,KE,キョ,k,yo,False,j,u,4,見魚三開,去,3,牙音,全清,ㄱ,牙音,全清,歯音,全清
4237,4640,顎,è,3,99.998100851,AK,ガク,g,aku,True,,e,4,疑唐一開,入,4,牙音,全濁,ㅇ,喉音,次濁,喉音,次濁
4238,4641,監,jiān,2,99.9981111662,KAM,カン,k,an,False,j,ian,1,見銜二開,平,1,牙音,全清,ㄱ,牙音,全清,歯音,全清
4239,4642,盻,xì,2,99.9981157507,HYEY,ケイ,k,ei,False,x,i,4,疑齊四開,去,3,牙音,全清,ㅎ,喉音,次清,歯音,次清
4240,4643,筈,kuò,2,99.9981295044,KWAL,カチ,k,achi,True,k,uo,4,見桓一合,入,4,牙音,全清,ㄱ,牙音,全清,牙音,次清
4241,4644,肅,sù,2,99.998143258,SWUK,シュク,s,huku,True,s,u,4,心東三開,入,4,歯音,全清,ㅅ,歯音,全清,歯音,次清
4242,4645,腫,zhǒng,2,99.9981501348,CONG,シュ,s,hu,False,zh,ong,3,章鍾三開,上,2,歯音,全清,ㅈ,歯音,全清,歯音,全清
4243,4647,薦,jiàn,2,99.9981638885,CHEN,セン,s,en,False,j,ian,4,精先四開,去,3,歯音,全清,ㅊ,歯音,次清,歯音,全清
4244,4648,鞦,qiū,2,99.9981799344,CHWU,シュウ,s,huu,False,q,iu,1,清尤三開,平,1,歯音,全清,ㅊ,歯音,次清,歯音,次清
4245,4649,鼈,biē,2,99.9981891035,PYEL,ベツ,b,etsu,True,b,ie,1,幫仙三開,入,4,唇音,全濁,ㅂ,唇音,全清,唇音,全清
4246,4650,蔔,bó,2,99.9981913958,POK,フク,f,uku,True,b,o,2,並登一開,入,4,唇音,全清,ㅂ,唇音,全清,唇音,全清
4247,4651,餦,zhāng,2,99.9981959803,CANG,チョウ,c,hou,False,zh,ang,1,知陽三開,平,1,舌音,全清,ㅈ,歯音,全清,歯音,全清
4248,4652,篤,dǔ,2,99.9982028572,TOK,トク,t,oku,True,d,u,3,端冬一開,入,4,舌音,全清,ㄷ,舌音,全清,舌音,全清
4249,4654,締,dì,2,99.9982234876,CHEY,テイ,t,ei,False,d,i,4,定齊四開,平,1,舌音,全清,ㅊ,歯音,次清,舌音,全清
4250,4655,膹,fèn,2,99.9982303644,PWUN,フン,f,un,False,f,en,4,並微三合,上,2,唇音,全清,ㅂ,唇音,全清,唇音,次清
4251,4656,萩,qiū,2,99.998234949,CHWU,ショウ,s,hou,False,q,iu,1,清尤三開,平,1,歯音,全清,ㅊ,歯音,次清,歯音,次清
4252,4657,蛣,qī,2,99.9982395335,KIL,キツ,k,itsu,True,q,i,1,溪眞三開,入,4,牙音,全清,ㄱ,牙音,全清,歯音,次清
4253,4658,擗,pǐ,2,99.998260164,PYEK,ヘキ,h,eki,True,p,i,3,並清三開,入,4,唇音,全清,ㅂ,唇音,全清,唇音,次清
4254,4660,躔,chán,2,99.9982945481,CEN,テン,t,en,False,ch,an,2,澄仙三開,平,1,舌音,全清,ㅈ,歯音,全清,歯音,次清
4255,4661,祕,mì,2,99.998310594,PI,ヒ,h,i,False,m,i,4,幫脂三開,去,3,唇音,全清,ㅂ,唇音,全清,唇音,次濁
4256,4662,禋,yīn,2,99.9983151786,IN,イン,,in,False,y,in,1,影眞三開,平,1,喉音,次濁,ㅇ,喉音,次濁,喉音,次濁
4257,4663,窊,wā,2,99.9983174709,WA,ワ,w,a,False,w,a,1,影麻二合,平,1,喉音,次濁,ㅇ,喉音,次濁,喉音,次濁
4258,4664,籲,yù,2,99.9983197631,YU,ユ,y,u,False,y,u,4,以虞三合,去,3,喉音,次濁,ㅇ,喉音,次濁,喉音,次濁
4259,4665,紃,xún,2,99.9983220554,SWUN,シュン,s,hun,False,x,un,2,船諄三合,平,1,歯音,全清,ㅅ,歯音,全清,歯音,次清
4260,4666,翬,huī,2,99.9983243477,HWI,キ,k,i,True,h,ui,1,曉微三合,平,1,牙音,全清,ㅎ,喉音,次清,牙音,次清
4261,4667,胾,zì,2,99.9983312245,CA,シ,s,hi,False,z,i,4,莊之三開,去,3,歯音,全清,ㅈ,歯音,全清,歯音,全清
4262,4668,脰,dòu,2,99.998335809,TWU,トウ,t,ou,False,d,ou,4,定侯一開,去,3,舌音,全清,ㄷ,舌音,全清,舌音,全清
4263,4669,苽,gū,2,99.9983472704,KO,コ,k,o,False,g,u,1,見模一開,平,1,牙音,全清,ㄱ,牙音,全清,牙音,全清
4264,4671,袪,qū,2,99.9983679009,KE,キョ,k,yo,False,q,u,1,溪魚三開,平,1,牙音,全清,ㄱ,牙音,全清,歯音,次清
4265,4672,補,bǔ,2,99.9983724854,PO,ホ,h,o,False,b,u,3,幫模一開,上,2,唇音,全清,ㅂ,唇音,全清,唇音,全清
4266,4674,軆,tǐ,2,99.9984091618,CHEY,タイ,t,ai,False,t,i,3,透齊四開,上,2,舌音,全清,ㅊ,歯音,次清,舌音,次清
4267,4675,輈,zhōu,2,99.9984114541,CWU,チュウ,c,huu,False,zh,ou,1,知尤三開,平,1,舌音,全清,ㅈ,歯音,全清,歯音,全清
4268,4676,屺,qǐ,2,99.9984297923,KI,キ,k,i,True,q,i,3,溪之三開,上,2,牙音,全清,ㄱ,牙音,全清,歯音,次清
4269,4678,顓,zhuān,2,99.9984504227,CEN,セン,s,en,False,zh,uan,1,章仙三合,平,1,歯音,全清,ㅈ,歯音,全清,歯音,全清
4270,4679,耖,chào,2,99.9984572996,CHO,ソウ,s,ou,False,ch,ao,4,初肴二開,去,3,歯音,全清,ㅊ,歯音,次清,歯音,次清
4271,4680,篪,chí,2,99.9984687609,CI,チ,c,hi,True,ch,i,2,澄支三開,平,1,舌音,全清,ㅈ,歯音,全清,歯音,次清
4272,4682,鴦,yāng,2,99.9984802223,ANG,オウ,,ou,False,y,ang,1,影陽三開,平,1,喉音,次濁,ㅇ,喉音,次濁,喉音,次濁
4273,4683,麗,lì,2,99.9984893914,LI,レイ,r,ei,False,l,i,4,來支三開,平,1,流音,次濁,ㄹ,流音,次濁,舌音,次濁
4274,4684,麗,lì,2,99.9984893914,LYE,レイ,r,ei,False,l,i,4,來支三開,平,1,流音,次濁,ㄹ,流音,次濁,舌音,次濁
4275,4685,邡,fāng,2,99.9984985605,PANG,ホウ,h,ou,False,f,ang,1,幫陽三合,平,1,唇音,全清,ㅂ,唇音,全清,唇音,次清
4276,4686,稂,láng,2,99.9985031451,LANG,ロウ,r,ou,False,l,ang,2,來唐一開,平,1,流音,次濁,ㄹ,流音,次濁,舌音,次濁
4277,4687,鬐,qí,2,99.9985054373,KI,キ,k,i,True,q,i,2,群脂三開,平,1,牙音,全清,ㄱ,牙音,全清,歯音,次清
4278,4688,訟,sòng,2,99.998519191,SONG,ショウ,s,hou,False,s,ong,4,邪鍾三開,平,1,歯音,全清,ㅅ,歯音,全清,歯音,次清
4279,4689,紵,zhù,2,99.9985375292,CE,チョ,c,ho,False,zh,u,4,澄魚三開,上,2,舌音,全清,ㅈ,歯音,全清,歯音,全清
4280,4690,緌,ruí,2,99.9985398214,YU,ズイ,z,ui,False,r,ui,2,日脂三合,平,1,歯音,全濁,ㅇ,喉音,次濁,歯音,次濁
4281,4691,罵,mà,2,99.9985421137,MAY,バ,b,a,False,m,a,4,明麻二開,上,2,唇音,全濁,ㅁ,唇音,次濁,唇音,次濁
4282,4692,耰,yōu,2,99.998544406,WU,ユウ,y,uu,False,y,ou,1,影尤三開,平,1,喉音,次濁,ㅇ,喉音,次濁,喉音,次濁
4283,4693,薑,jiāng,2,99.9985489905,KANG,キョウ,k,you,False,j,iang,1,見陽三開,平,1,牙音,全清,ㄱ,牙音,全清,歯音,全清
4284,4694,蜨,dié,2,99.9985604519,CEP,チョウ,c,hou,False,d,ie,2,心添四開,入,4,舌音,全清,ㅈ,歯音,全清,舌音,全清
4285,4696,蒴,shuò,2,99.9985787901,SAK,サク,s,aku,True,sh,uo,4,生江二開,入,4,歯音,全清,ㅅ,歯音,全清,歯音,次清
4286,4697,圊,qīng,2,99.9985810824,CHENG,セイ,s,ei,False,q,ing,1,清清三開,平,1,歯音,全清,ㅊ,歯音,次清,歯音,次清
4287,4700,闚,kuī,2,99.9985879592,KYU,キ,k,i,True,k,ui,1,溪支三合,平,1,牙音,全清,ㄱ,牙音,全清,牙音,次清
4288,4701,阤,zhì,2,99.9985902515,CHI,シ,s,hi,False,zh,i,4,澄支三開,上,2,歯音,全清,ㅊ,歯音,次清,歯音,全清
4289,4702,鬖,sān,2,99.9985971283,SAM,サン,s,an,False,s,an,1,心談一開,平,1,歯音,全清,ㅅ,歯音,全清,歯音,次清
4290,4704,盞,zhǎn,2,99.9986131742,CAN,サン,s,an,False,zh,an,3,莊山二開,上,2,歯音,全清,ㅈ,歯音,全清,歯音,全清
4291,4705,碻,què,2,99.9986223433,HWAK,カク,k,aku,True,q,ue,4,溪江二開,入,4,牙音,全清,ㅎ,喉音,次清,歯音,次清
4292,4706,磈,wěi,2,99.9986246356,OY,カイ,k,ai,False,w,ei,3,影微三合,上,2,牙音,全清,ㅇ,喉音,次濁,喉音,次濁
4293,4707,礙,ài,2,99.9986269278,AY,ガイ,g,ai,False,,ai,4,疑咍一開,去,3,牙音,全濁,ㅇ,喉音,次濁,喉音,次濁
4294,4708,稅,shuì,2,99.9986292201,SEY,ゼイ,z,ei,False,sh,ui,4,書祭三合,去,3,歯音,全濁,ㅅ,歯音,全清,歯音,次清
4295,4709,稅,shuì,2,99.9986292201,THAL,ゼイ,z,ei,False,sh,ui,4,書祭三合,去,3,歯音,全濁,ㅌ,舌音,次清,歯音,次清
4296,4710,窅,yǎo,2,99.9986315124,YO,ヨウ,y,ou,False,y,ao,3,影肴二開,平,1,喉音,次濁,ㅇ,喉音,次濁,喉音,次濁
4297,4711,箾,shuò,2,99.9986360969,SO,ショウ,s,hou,False,sh,uo,4,心蕭四開,平,1,歯音,全清,ㅅ,歯音,全清,歯音,次清
4298,4712,篩,shāi,2,99.9986383892,SA,シ,s,hi,False,sh,ai,1,生脂三開,平,1,歯音,全清,ㅅ,歯音,全清,歯音,次清
4299,4714,翣,shà,2,99.9986590197,SAP,ショウ,s,hou,False,sh,a,4,生銜二開,入,4,歯音,全清,ㅅ,歯音,全清,歯音,次清
4300,4716,茝,chǎi,2,99.9986750656,CHAY,シ,s,hi,False,ch,ai,3,章之三開,上,2,歯音,全清,ㅊ,歯音,次清,歯音,次清
4301,4717,蜑,dàn,2,99.998686527,TAN,タン,t,an,False,d,an,4,定寒一開,上,2,舌音,全清,ㄷ,舌音,全清,舌音,全清
4302,4718,褌,kūn,2,99.9987025729,KON,コン,k,on,False,k,un,1,見魂一合,平,1,牙音,全清,ㄱ,牙音,全清,牙音,次清
4303,4719,覈,hé,2,99.9987071574,HAYK,カク,k,aku,True,h,e,2,匣先四開,入,4,牙音,全清,ㅎ,喉音,次清,牙音,次清
4304,4720,跂,qí,2,99.9987254956,KI,キ,k,i,True,q,i,2,群支三開,平,1,牙音,全清,ㄱ,牙音,全清,歯音,次清
4305,4721,邅,zhān,2,99.9987392493,CEN,テン,t,en,False,zh,an,1,知仙三開,平,1,舌音,全清,ㅈ,歯音,全清,歯音,全清
4306,4722,鍼,zhēn,2,99.9987507106,CHIM,シン,s,hin,False,zh,en,1,章侵三開,平,1,歯音,全清,ㅊ,歯音,次清,歯音,全清
4307,4723,鍼,zhēn,2,99.9987507106,KAM,シン,s,hin,False,zh,en,1,章侵三開,平,1,歯音,全清,ㄱ,牙音,全清,歯音,全清
4308,4724,鐄,huáng,2,99.9987552952,HOYNG,コウ,k,ou,False,h,uang,2,匣庚二合,平,1,牙音,全清,ㅎ,喉音,次清,牙音,次清
4309,4725,鑣,biāo,2,99.9987575875,PHYO,ヒョウ,h,you,False,b,iao,1,幫宵三開,平,1,唇音,全清,ㅍ,唇音,次清,唇音,全清
4310,4726,閭,lǘ,2,99.998762172,LYE,リョ,r,yo,False,l,ü,2,來魚三開,平,1,流音,次濁,ㄹ,流音,次濁,舌音,次濁
4311,4727,頞,è,2,99.9987782179,AL,アツ,,atsu,True,,e,4,影寒一開,入,4,喉音,次濁,ㅇ,喉音,次濁,喉音,次濁
4312,4728,駉,jiōng,2,99.9987850948,KYENG,ケイ,k,ei,False,j,iong,1,見青四合,平,1,牙音,全清,ㄱ,牙音,全清,歯音,全清
4313,4729,骹,qiāo,2,99.9987896793,HYO,コウ,k,ou,False,q,iao,1,溪肴二開,平,1,牙音,全清,ㅎ,喉音,次清,歯音,次清
4314,4730,骹,qiāo,2,99.9987896793,KYO,コウ,k,ou,False,q,iao,1,溪肴二開,平,1,牙音,全清,ㄱ,牙音,全清,歯音,次清
4315,4731,鯁,gěng,2,99.9987988484,KYENG,コウ,k,ou,False,g,eng,3,見庚二開,上,2,牙音,全清,ㄱ,牙音,全清,牙音,全清
4316,4732,鱻,xiān,2,99.9988011407,SEN,セン,s,en,False,x,ian,1,心仙三開,平,1,歯音,全清,ㅅ,歯音,全清,歯音,次清
4317,4734,瞼,jiǎn,2,99.9988080175,KEM,ケン,k,en,False,j,ian,3,見鹽三開,上,2,牙音,全清,ㄱ,牙音,全清,歯音,全清
4318,4735,膿,nóng,2,99.9988148943,NONG,ノウ,n,ou,False,n,ong,2,泥冬一開,平,1,舌音,次濁,ㄴ,舌音,次濁,舌音,次濁
4319,4736,詭,guǐ,2,99.9988240634,KWEY,キ,k,i,True,g,ui,3,見支三合,上,2,牙音,全清,ㄱ,牙音,全清,牙音,全清
4320,4737,蹌,qiāng,2,99.998828648,CHANG,ソウ,s,ou,False,q,iang,1,清陽三開,平,1,歯音,全清,ㅊ,歯音,次清,歯音,次清
4321,4738,銑,xiǎn,2,99.9988332325,SEN,セン,s,en,False,x,ian,3,心先四開,上,2,歯音,全清,ㅅ,歯音,全清,歯音,次清
4322,4739,鍔,è,2,99.9988355248,AK,ガク,g,aku,True,,e,4,疑唐一開,入,4,牙音,全濁,ㅇ,喉音,次濁,喉音,次濁
4323,4741,矯,jiǎo,2,99.9988492784,KYO,キョウ,k,you,False,j,iao,3,見宵三開,上,2,牙音,全清,ㄱ,牙音,全清,歯音,全清
4324,4742,績,jī,2,99.9988515707,CEK,セキ,s,eki,True,j,i,1,精青四開,入,4,歯音,全清,ㅈ,歯音,全清,歯音,全清
4325,4743,誕,dàn,2,99.9988584475,THAN,タン,t,an,False,d,an,4,定寒一開,上,2,舌音,全清,ㅌ,舌音,次清,舌音,全清
4326,4744,誡,jiè,2,99.9988607398,KYEY,カイ,k,ai,False,j,ie,4,見皆二開,去,3,牙音,全清,ㄱ,牙音,全清,歯音,全清
4327,4745,貧,pín,2,99.9988630321,PIN,ヒン,h,in,False,p,in,2,並眞三開,平,1,唇音,全清,ㅂ,唇音,全清,唇音,次清
4328,4746,賜,cì,2,99.9988653243,SA,シ,s,hi,False,c,i,4,心支三開,去,3,歯音,全清,ㅅ,歯音,全清,歯音,次清
4329,4747,踐,jiàn,2,99.9988699089,CHEN,セン,s,en,False,j,ian,4,從仙三開,上,2,歯音,全清,ㅊ,歯音,次清,歯音,全清
4330,4748,蹣,mán,2,99.9988744934,MAN,マン,m,an,False,m,an,2,並桓一合,平,1,唇音,次濁,ㅁ,唇音,次濁,唇音,次濁
4331,4749,蹣,pán,2,99.9988744934,MAN,マン,m,an,False,p,an,2,並桓一合,平,1,唇音,次濁,ㅁ,唇音,次濁,唇音,次清
4332,4750,輾,zhǎn,2,99.9988767857,CEN,テン,t,en,False,zh,an,3,知仙三開,上,2,舌音,全清,ㅈ,歯音,全清,歯音,全清
4333,4751,還,hái,2,99.9988813703,SEN,カン,k,an,False,h,ai,2,匣刪二合,平,1,牙音,全清,ㅅ,歯音,全清,牙音,次清
4334,4752,還,hái,2,99.9988813703,HWAN,カン,k,an,False,h,ai,2,匣刪二合,平,1,牙音,全清,ㅎ,喉音,次清,牙音,次清
4335,4753,鈍,dùn,2,99.9988836625,TWUN,ドン,d,on,False,d,un,4,定魂一合,去,3,舌音,全濁,ㄷ,舌音,全清,舌音,全清
4336,4754,錐,zhuī,2,99.9988859548,CHWU,スイ,s,ui,False,zh,ui,1,章脂三合,平,1,歯音,全清,ㅊ,歯音,次清,歯音,全清
4337,4755,鏤,lòu,2,99.9988882471,LWU,ル,r,u,False,l,ou,4,來虞三合,平,1,流音,次濁,ㄹ,流音,次濁,舌音,次濁
4338,4756,鑄,zhù,2,99.9988905394,CWU,シュ,s,hu,False,zh,u,4,章虞三合,去,3,歯音,全清,ㅈ,歯音,全清,歯音,全清
4339,4757,閣,gé,2,99.9988928316,KAK,カク,k,aku,True,g,e,2,見唐一開,入,4,牙音,全清,ㄱ,牙音,全清,牙音,全清
4340,4758,闇,àn,2,99.9988951239,AM,アン,,an,False,,an,4,影覃一開,去,3,喉音,次濁,ㅇ,喉音,次濁,喉音,次濁
4341,4759,隸,lì,2,99.9988974162,LYEY,レイ,r,ei,False,l,i,4,來齊四開,去,3,流音,次濁,ㄹ,流音,次濁,舌音,次濁
4342,4760,頁,yè,2,99.9988997085,HYEL,ケツ,k,etsu,True,y,e,4,匣先四開,入,4,牙音,全清,ㅎ,喉音,次清,喉音,次濁
4343,4761,鴉,yā,2,99.998904293,A,ア,,a,False,y,a,1,影麻二開,平,1,喉音,次濁,ㅇ,喉音,次濁,喉音,次濁
4344,4762,禫,dàn,1,99.9989272157,TAM,タン,t,an,False,d,an,4,定覃一開,上,2,舌音,全清,ㄷ,舌音,全清,舌音,全清
4345,4763,秢,líng,1,99.9989306542,LYENG,レイ,r,ei,False,l,ing,2,來青四開,平,1,流音,次濁,ㄹ,流音,次濁,舌音,次濁
4346,4764,稧,xì,1,99.9989318003,SEL,ケイ,k,ei,False,x,i,4,匣齊四開,去,3,牙音,全清,ㅅ,歯音,全清,歯音,次清
4347,4767,籜,tuò,1,99.9989455539,THAK,タク,t,aku,True,t,uo,4,透唐一開,入,4,舌音,全清,ㅌ,舌音,次清,舌音,次清
4348,4768,籠,lóng,1,99.9989478462,LONG,ロウ,r,ou,False,l,ong,2,來東一開,平,1,流音,次濁,ㄹ,流音,次濁,舌音,次濁
4349,4769,約,yuē,1,99.9989524308,YO,ヤク,y,aku,True,y,ue,1,影宵三開,去,3,喉音,次濁,ㅇ,喉音,次濁,喉音,次濁
4350,4770,約,yuē,1,99.9989524308,YAK,ヤク,y,aku,True,y,ue,1,影宵三開,去,3,喉音,次濁,ㅇ,喉音,次濁,喉音,次濁
4351,4771,綠,lǜ,1,99.9989535769,LOK,リョク,r,yoku,True,l,ü,4,來鍾三開,入,4,流音,次濁,ㄹ,流音,次濁,舌音,次濁
4352,4772,綿,mián,1,99.9989570153,MYEN,メン,m,en,False,m,ian,2,明仙三開,平,1,唇音,次濁,ㅁ,唇音,次濁,唇音,次濁
4353,4773,緄,gǔn,1,99.9989581614,KON,コン,k,on,False,g,un,3,見魂一合,上,2,牙音,全清,ㄱ,牙音,全清,牙音,全清
4354,4774,緊,jǐn,1,99.9989593076,KIN,キン,k,in,False,j,in,3,見眞三開,上,2,牙音,全清,ㄱ,牙音,全清,歯音,全清
4355,4775,緗,xiāng,1,99.9989604537,SANG,ショウ,s,hou,False,x,iang,1,心陽三開,平,1,歯音,全清,ㅅ,歯音,全清,歯音,次清
4356,4776,緼,yùn,1,99.9989615999,ON,ウン,,un,False,y,un,4,影文三合,平,1,喉音,次濁,ㅇ,喉音,次濁,喉音,次濁
4357,4777,縁,yuán,1,99.998962746,YEN,エン,,en,False,y,uan,2,以仙三合,去,3,喉音,次濁,ㅇ,喉音,次濁,喉音,次濁
4358,4778,縁,yuán,1,99.998962746,TAN,エン,,en,False,y,uan,2,以仙三合,去,3,喉音,次濁,ㄷ,舌音,全清,喉音,次濁
4359,4779,縋,zhuì,1,99.9989638921,CHWU,ツイ,ts,ui,False,zh,ui,4,澄支三合,去,3,舌音,全清,ㅊ,歯音,次清,歯音,全清
4360,4780,縞,gǎo,1,99.9989650383,HO,コウ,k,ou,False,g,ao,3,見豪一開,上,2,牙音,全清,ㅎ,喉音,次清,牙音,全清
4361,4781,縫,fèng,1,99.9989661844,PONG,ホウ,h,ou,False,f,eng,4,並鍾三開,平,1,唇音,全清,ㅂ,唇音,全清,唇音,次清
4362,4782,繤,zuǎn,1,99.9989673305,CHAN,サン,s,an,False,z,uan,3,精桓一合,上,2,歯音,全清,ㅊ,歯音,次清,歯音,全清
4363,4783,纉,zuǎn,1,99.9989730612,CHAN,サン,s,an,False,z,uan,3,精桓一合,上,2,歯音,全清,ㅊ,歯音,次清,歯音,全清
4364,4784,蓆,xí,1,99.9989936917,SEK,セキ,s,eki,True,x,i,2,邪清三開,入,4,歯音,全清,ㅅ,歯音,全清,歯音,次清
4365,4785,襖,ǎo,1,99.9990017147,O,オウ,,ou,False,,ao,3,影豪一開,上,2,喉音,次濁,ㅇ,喉音,次濁,喉音,次濁
4366,4786,誇,kuā,1,99.9990028608,KWA,コ,k,o,False,k,ua,1,溪麻二合,平,1,牙音,全清,ㄱ,牙音,全清,牙音,次清
4367,4787,讙,huān,1,99.9990062992,HWEN,カン,k,an,False,h,uan,1,曉元三合,平,1,牙音,全清,ㅎ,喉音,次清,牙音,次清
4368,4788,讙,huān,1,99.9990062992,HWAN,カン,k,an,False,h,uan,1,曉元三合,平,1,牙音,全清,ㅎ,喉音,次清,牙音,次清
4369,4791,鎚,chuí,1,99.9990154683,CHWU,ツイ,ts,ui,False,ch,ui,2,澄脂三合,平,1,舌音,全清,ㅊ,歯音,次清,歯音,次清
4370,4792,鎚,chuí,1,99.9990154683,THOY,ツイ,ts,ui,False,ch,ui,2,澄脂三合,平,1,舌音,全清,ㅌ,舌音,次清,歯音,次清
4371,4793,韆,qiān,1,99.9990166144,CHEN,セン,s,en,False,q,ian,1,清仙三開,平,1,歯音,全清,ㅊ,歯音,次清,歯音,次清
4372,4796,靜,jìng,1,99.9990349526,CENG,セイ,s,ei,False,j,ing,4,從清三開,上,2,歯音,全清,ㅈ,歯音,全清,歯音,全清
4373,4797,給,gěi,1,99.999038391,KUP,キュウ,k,yuu,False,g,ei,3,見侵三開,入,4,牙音,全清,ㄱ,牙音,全清,牙音,全清
4374,4798,磽,qiāo,1,99.9990429756,KYO,コウ,k,ou,False,q,iao,1,溪肴二開,平,1,牙音,全清,ㄱ,牙音,全清,歯音,次清
4375,4800,絕,jué,1,99.9990452679,CEL,ゼツ,z,etsu,True,j,ue,2,從仙三合,入,4,歯音,全濁,ㅈ,歯音,全清,歯音,全清
4376,4801,艤,yǐ,1,99.9990509985,UY,ギ,g,i,False,y,i,3,疑支三開,上,2,牙音,全濁,ㅇ,喉音,次濁,喉音,次濁
4377,4805,訂,dìng,1,99.9990624599,CENG,テイ,t,ei,False,d,ing,4,透青四開,平,1,舌音,全清,ㅈ,歯音,全清,舌音,全清
4378,4806,哳,zhā,1,99.9990681906,CHAL,タツ,t,atsu,True,zh,a,1,知刪二開,入,4,舌音,全清,ㅊ,歯音,次清,歯音,全清
4379,4810,鑵,guàn,1,99.9990762136,KWAN,カン,k,an,False,g,uan,4,見桓一合,去,3,牙音,全清,ㄱ,牙音,全清,牙音,全清
4380,4811,楗,jiàn,1,99.9990773597,KEN,ケン,k,en,False,j,ian,4,群元三開,上,2,牙音,全清,ㄱ,牙音,全清,歯音,全清
4381,4812,隩,ào,1,99.9990785058,O,イク,,iku,True,,ao,4,影豪一開,去,3,喉音,次濁,ㅇ,喉音,次濁,喉音,次濁
4382,4813,颺,yáng,1,99.9990830904,YANG,ヨウ,y,ou,False,y,ang,2,以陽三開,平,1,喉音,次濁,ㅇ,喉音,次濁,喉音,次濁
4383,4815,饐,yì,1,99.9990911133,UY,イ,,i,False,y,i,4,影脂三開,去,3,喉音,次濁,ㅇ,喉音,次濁,喉音,次濁
4384,4816,痃,xuán,1,99.9990922595,HYEN,ケン,k,en,False,x,uan,2,匣先四開,平,1,牙音,全清,ㅎ,喉音,次清,歯音,次清
4385,4817,駞,tuó,1,99.9990934056,THA,ダ,d,a,False,t,uo,2,定歌一開,平,1,舌音,全濁,ㅌ,舌音,次清,舌音,次清
4386,4818,鴨,yā,1,99.9991037209,AP,オウ,,ou,False,y,a,1,影銜二開,入,4,喉音,次濁,ㅇ,喉音,次濁,喉音,次濁
4387,4819,睍,xiàn,1,99.9991105977,HYEN,ケン,k,en,False,x,ian,4,匣先四開,上,2,牙音,全清,ㅎ,喉音,次清,歯音,次清
4388,4820,碭,dàng,1,99.9991117438,THANG,トウ,t,ou,False,d,ang,4,定唐一開,平,1,舌音,全清,ㅌ,舌音,次清,舌音,全清
4389,4821,磻,pán,1,99.9991151822,PAN,ハン,h,an,False,p,an,2,並桓一合,平,1,唇音,全清,ㅂ,唇音,全清,唇音,次清
4390,4822,磻,pán,1,99.9991151822,PEN,ハン,h,an,False,p,an,2,並桓一合,平,1,唇音,全清,ㅂ,唇音,全清,唇音,次清
4391,4824,筥,jǔ,1,99.9991243513,KE,キョ,k,yo,False,j,u,3,見魚三開,上,2,牙音,全清,ㄱ,牙音,全清,歯音,全清
4392,4825,粦,lín,1,99.9991323743,LIN,リン,r,in,False,l,in,2,來眞三開,去,3,流音,次濁,ㄹ,流音,次濁,舌音,次濁
4393,4826,絍,rèn,1,99.9991346665,IM,ジン,j,in,False,r,en,4,日侵三開,去,3,歯音,全濁,ㅇ,喉音,次濁,歯音,次濁
4394,4827,緩,huǎn,1,99.9991369588,WAN,カン,k,an,False,h,uan,3,匣桓一合,上,2,牙音,全清,ㅇ,喉音,次濁,牙音,次清
4395,4828,縢,téng,1,99.9991392511,TUNG,トウ,t,ou,False,t,eng,2,定登一開,平,1,舌音,全清,ㄷ,舌音,全清,舌音,次清
4396,4829,繃,bēng,1,99.9991415434,PWUNG,ホウ,h,ou,False,b,eng,1,幫耕二開,平,1,唇音,全清,ㅂ,唇音,全清,唇音,全清
4397,4830,繃,běng,1,99.9991415434,PWUNG,ホウ,h,ou,False,b,eng,3,幫耕二開,平,1,唇音,全清,ㅂ,唇音,全清,唇音,全清
4398,4831,繒,zēng,1,99.9991438356,CUNG,ショウ,s,hou,False,z,eng,1,從蒸三開,平,1,歯音,全清,ㅈ,歯音,全清,歯音,全清
4399,4832,耇,gǒu,1,99.9991472741,KWU,コウ,k,ou,False,g,ou,3,見侯一開,上,2,牙音,全清,ㄱ,牙音,全清,牙音,全清
4400,4833,脧,juān,1,99.9991518586,SEN,サイ,s,ai,False,j,uan,1,精灰一合,平,1,歯音,全清,ㅅ,歯音,全清,歯音,全清
4401,4834,脧,juān,1,99.9991518586,CHOY,サイ,s,ai,False,j,uan,1,精灰一合,平,1,歯音,全清,ㅊ,歯音,次清,歯音,全清
4402,4835,莿,cì,1,99.9991598816,CA,シ,s,hi,False,c,i,4,清支三開,去,3,歯音,全清,ㅈ,歯音,全清,歯音,次清
4403,4837,蓯,cōng,1,99.9991667584,CHONG,ソウ,s,ou,False,c,ong,1,精東一開,上,2,歯音,全清,ㅊ,歯音,次清,歯音,次清
4404,4838,蛻,tuì,1,99.9991747813,SEY,ゼイ,z,ei,False,t,ui,4,書祭三合,去,3,歯音,全濁,ㅅ,歯音,全清,舌音,次清
4405,4839,蜆,xiàn,1,99.9991759275,HYEN,ケン,k,en,False,x,ian,4,匣先四開,上,2,牙音,全清,ㅎ,喉音,次清,歯音,次清
4406,4840,袛,dī,1,99.9991839504,CE,テイ,t,ei,False,d,i,1,端齊四開,平,1,舌音,全清,ㅈ,歯音,全清,舌音,全清
4407,4841,裏,lǐ,1,99.9991862427,LI,リ,r,i,False,l,i,3,來之三開,上,2,流音,次濁,ㄹ,流音,次濁,舌音,次濁
4408,4842,訐,jié,1,99.9991919734,AL,コチ,k,ochi,True,j,ie,2,見祭三開,去,3,牙音,全清,ㅇ,喉音,次濁,歯音,全清
4409,4843,訔,yín,1,99.9991931195,UN,ギン,g,in,False,y,in,2,疑眞三開,平,1,牙音,全濁,ㅇ,喉音,次濁,喉音,次濁
4410,4844,詖,bì,1,99.9991942657,PHI,ヒ,h,i,False,b,i,4,幫支三開,平,1,唇音,全清,ㅍ,唇音,次清,唇音,全清
4411,4845,詗,xiòng,1,99.9991954118,HYENG,ケイ,k,ei,False,x,iong,4,曉青四合,上,2,牙音,全清,ㅎ,喉音,次清,歯音,次清
4412,4846,諑,zhuó,1,99.9991999964,CHAK,タク,t,aku,True,zh,uo,2,知江二開,入,4,舌音,全清,ㅊ,歯音,次清,歯音,全清
4413,4847,讌,yàn,1,99.9992022886,YEN,エン,,en,False,y,an,4,影先四開,去,3,喉音,次濁,ㅇ,喉音,次濁,喉音,次濁
4414,4848,貯,zhù,1,99.9992080193,CE,チョ,c,ho,False,zh,u,4,知魚三開,上,2,舌音,全清,ㅈ,歯音,全清,歯音,全清
4415,4849,贋,yàn,1,99.9992103116,AN,ガン,g,an,False,y,an,4,疑刪二開,去,3,牙音,全濁,ㅇ,喉音,次濁,喉音,次濁
4416,4850,冱,hù,1,99.9992114577,HO,コ,k,o,False,h,u,4,匣模一開,去,3,牙音,全清,ㅎ,喉音,次清,牙音,次清
4417,4851,迋,wàng,1,99.9992183346,WANG,オウ,,ou,False,w,ang,4,見陽三合,上,2,喉音,次濁,ㅇ,喉音,次濁,喉音,次濁
4418,4852,鄺,kuàng,1,99.9992252114,KWANG,コウ,k,ou,False,k,uang,4,曉唐一合,平,1,牙音,全清,ㄱ,牙音,全清,牙音,次清
4419,4854,醜,chǒu,1,99.9992309421,CHWU,シュウ,s,huu,False,ch,ou,3,昌尤三開,上,2,歯音,全清,ㅊ,歯音,次清,歯音,次清
4420,4855,鈇,fū,1,99.9992320882,PWU,フ,f,u,False,f,u,1,幫虞三合,平,1,唇音,全清,ㅂ,唇音,全清,唇音,次清
4421,4856,鐐,liáo,1,99.9992366727,LYO,リョウ,r,you,False,l,iao,2,來蕭四開,平,1,流音,次濁,ㄹ,流音,次濁,舌音,次濁
4422,4857,靺,mò,1,99.9992401112,MAL,マツ,m,atsu,True,m,o,4,明桓一合,入,4,唇音,次濁,ㅁ,唇音,次濁,唇音,次濁
4423,4858,鞄,páo,1,99.9992412573,PHO,ハク,h,aku,True,p,ao,2,並肴二開,平,1,唇音,全清,ㅍ,唇音,次清,唇音,次清
4424,4859,鞨,hé,1,99.9992424034,KAL,カツ,k,atsu,True,h,e,2,匣寒一開,入,4,牙音,全清,ㄱ,牙音,全清,牙音,次清
4425,4860,韺,yīng,1,99.9992435496,YENG,エイ,,ei,False,y,ing,1,影庚三開,平,1,喉音,次濁,ㅇ,喉音,次濁,喉音,次濁
4426,4861,癃,lóng,1,99.9992504264,LYUNG,リュウ,r,yuu,False,l,ong,2,來東三開,平,1,流音,次濁,ㄹ,流音,次濁,舌音,次濁
4427,4862,髽,zhuā,1,99.9992538648,CWA,サ,s,a,False,zh,ua,1,莊麻二合,平,1,歯音,全清,ㅈ,歯音,全清,歯音,全清
4428,4863,鯀,gǔn,1,99.9992584493,KON,コン,k,on,False,g,un,3,見魂一合,上,2,牙音,全清,ㄱ,牙音,全清,牙音,全清
4429,4864,鷱,gāo,1,99.9992664723,KO,コウ,k,ou,False,g,ao,1,見豪一開,平,1,牙音,全清,ㄱ,牙音,全清,牙音,全清
4430,4866,龔,gōng,1,99.9992744953,KONG,キョウ,k,you,False,g,ong,1,見鍾三開,平,1,牙音,全清,ㄱ,牙音,全清,牙音,全清
4431,4868,纔,cái,1,99.9992836644,CAY,サイ,s,ai,False,c,ai,2,從咍一開,平,1,歯音,全清,ㅈ,歯音,全清,歯音,次清
4432,4869,袗,zhěn,1,99.9992859566,CIN,シン,s,hin,False,zh,en,3,章眞三開,上,2,歯音,全清,ㅈ,歯音,全清,歯音,全清
4433,4870,闕,què,1,99.999289395,KWEL,ケツ,k,etsu,True,q,ue,4,溪元三合,入,4,牙音,全清,ㄱ,牙音,全清,歯音,次清
4434,4871,鵬,péng,1,99.9992928335,PWUNG,ホウ,h,ou,False,p,eng,2,並登一開,平,1,唇音,全清,ㅂ,唇音,全清,唇音,次清
4435,4872,礎,chǔ,1,99.9992939796,CHO,ソ,s,o,False,ch,u,3,初魚三開,上,2,歯音,全清,ㅊ,歯音,次清,歯音,次清
4436,4873,禔,zhī,1,99.9992951257,CEY,シ,s,hi,False,zh,i,1,章支三開,平,1,歯音,全清,ㅈ,歯音,全清,歯音,全清
4437,4874,禔,zhī,1,99.9992951257,SI,シ,s,hi,False,zh,i,1,章支三開,平,1,歯音,全清,ㅅ,歯音,全清,歯音,全清
4438,4876,詣,yì,1,99.9993077332,YEY,ケイ,k,ei,False,y,i,4,疑齊四開,去,3,牙音,全清,ㅇ,喉音,次濁,喉音,次濁
4439,4877,賚,lài,1,99.9993111717,LOY,ライ,r,ai,False,l,ai,4,來咍一開,去,3,流音,次濁,ㄹ,流音,次濁,舌音,次濁
4440,4878,鵄,chī,1,99.9993146101,CHI,シ,s,hi,False,ch,i,1,昌脂三開,平,1,歯音,全清,ㅊ,歯音,次清,歯音,次清
4441,4880,穵,wā,1,99.9993203407,AL,ワツ,w,atsu,True,w,a,1,影山二合,入,4,喉音,次濁,ㅇ,喉音,次濁,喉音,次濁
4442,4881,築,zhú,1,99.9993214869,CHWUK,チク,c,hiku,True,zh,u,2,知東三開,入,4,舌音,全清,ㅊ,歯音,次清,歯音,全清
4443,4884,糴,dí,1,99.9993260714,CEK,テキ,t,eki,True,d,i,2,定青四開,入,4,舌音,全清,ㅈ,歯音,全清,舌音,全清
4444,4885,絛,tāo,1,99.9993272176,CO,ジョウ,j,ou,False,t,ao,1,透豪一開,平,1,歯音,全濁,ㅈ,歯音,全清,舌音,次清
4445,4887,罇,zūn,1,99.9993329483,CWUN,ソン,s,on,False,z,un,1,精魂一合,平,1,歯音,全清,ㅈ,歯音,全清,歯音,全清
4446,4888,耑,duān,1,99.9993352405,TAN,タン,t,an,False,d,uan,1,端桓一合,平,1,舌音,全清,ㄷ,舌音,全清,舌音,全清
4447,4890,蘭,lán,1,99.9993409712,LAN,ラン,r,an,False,l,an,2,來寒一開,平,1,流音,次濁,ㄹ,流音,次濁,舌音,次濁
4448,4891,蠶,cán,1,99.9993432635,CAM,サン,s,an,False,c,an,2,從覃一開,平,1,歯音,全清,ㅈ,歯音,全清,歯音,次清
4449,4892,裀,yīn,1,99.9993444096,IN,イン,,in,False,y,in,1,影眞三開,平,1,喉音,次濁,ㅇ,喉音,次濁,喉音,次濁
4450,4893,詵,shēn,1,99.9993455558,SEN,シン,s,hin,False,sh,en,1,生臻三開,平,1,歯音,全清,ㅅ,歯音,全清,歯音,次清
4451,4894,譔,zhuàn,1,99.9993467019,SEN,セン,s,en,False,zh,uan,4,清仙三合,平,1,歯音,全清,ㅅ,歯音,全清,歯音,全清
4452,4895,貍,lí,1,99.9993489942,LI,リ,r,i,False,l,i,2,來之三開,平,1,流音,次濁,ㄹ,流音,次濁,舌音,次濁
4453,4896,趙,zhào,1,99.9993501403,CO,チョウ,c,hou,False,zh,ao,4,澄宵三開,上,2,舌音,全清,ㅈ,歯音,全清,歯音,全清
4454,4897,辢,là,1,99.9993535787,LAL,ラツ,r,atsu,True,l,a,4,來寒一開,入,4,流音,次濁,ㄹ,流音,次濁,舌音,次濁
4455,4898,揲,dié,1,99.9993547249,SEL,セツ,s,etsu,True,d,ie,2,船仙三開,入,4,歯音,全清,ㅅ,歯音,全清,舌音,全清
4456,4899,適,shì,1,99.999355871,CHEK,テキ,t,eki,True,sh,i,4,書清三開,入,4,舌音,全清,ㅊ,歯音,次清,歯音,次清
4457,4900,適,shì,1,99.999355871,CEK,テキ,t,eki,True,sh,i,4,書清三開,入,4,舌音,全清,ㅈ,歯音,全清,歯音,次清
4458,4901,醃,yān,1,99.9993570171,EM,エン,,en,False,y,an,1,影鹽三開,平,1,喉音,次濁,ㅇ,喉音,次濁,喉音,次濁
4459,4902,錞,chún,1,99.9993604555,TAY,デ,d,e,False,ch,un,2,常諄三合,平,1,舌音,全濁,ㄷ,舌音,全清,歯音,次清
4460,4903,錞,chún,1,99.9993604555,SWUN,デ,d,e,False,ch,un,2,常諄三合,平,1,舌音,全濁,ㅅ,歯音,全清,歯音,次清
4461,4904,鍮,tōu,1,99.9993616017,YU,チュウ,c,huu,False,t,ou,1,透侯一開,平,1,舌音,全清,ㅇ,喉音,次濁,舌音,次清
4462,4905,闍,dū,1,99.9993661862,TO,ジャ,j,a,False,d,u,1,端模一開,平,1,歯音,全濁,ㄷ,舌音,全清,舌音,全清
4463,4906,瘕,jiǎ,1,99.9993719169,HA,カ,k,a,False,j,ia,3,見麻二開,平,1,牙音,全清,ㅎ,喉音,次清,歯音,全清
4464,4907,髲,bì,1,99.9993742092,PHI,ヒ,h,i,False,b,i,4,並支三開,去,3,唇音,全清,ㅍ,唇音,次清,唇音,全清
4465,4908,鷇,kòu,1,99.9993799399,KWU,コウ,k,ou,False,k,ou,4,溪侯一開,去,3,牙音,全清,ㄱ,牙音,全清,牙音,次清
4466,4909,麰,móu,1,99.999381086,MO,ボウ,b,ou,False,m,ou,2,明尤三開,平,1,唇音,全濁,ㅁ,唇音,次濁,唇音,次濁
4467,4910,鼄,zhū,1,99.9993822321,CWU,チュ,c,hu,False,zh,u,1,知虞三合,平,1,舌音,全清,ㅈ,歯音,全清,歯音,全清
4468,4912,礒,yǐ,1,99.9993994242,UY,ギ,g,i,False,y,i,3,疑支三開,上,2,牙音,全濁,ㅇ,喉音,次濁,喉音,次濁
4469,4913,穫,huò,1,99.9994074472,HWAK,カク,k,aku,True,h,uo,4,匣唐一合,入,4,牙音,全清,ㅎ,喉音,次清,牙音,次清
4470,4914,穫,huò,1,99.9994074472,HO,カク,k,aku,True,h,uo,4,匣唐一合,入,4,牙音,全清,ㅎ,喉音,次清,牙音,次清
4471,4915,窯,yáo,1,99.9994097394,YO,ヨウ,y,ou,False,y,ao,2,以宵三開,平,1,喉音,次濁,ㅇ,喉音,次濁,喉音,次濁
4472,4916,窾,kuǎn,1,99.9994108856,KWAN,カン,k,an,False,k,uan,3,溪桓一合,上,2,牙音,全清,ㄱ,牙音,全清,牙音,次清
4473,4917,竢,sì,1,99.9994120317,SA,シ,s,hi,False,s,i,4,俟之三開,上,2,歯音,全清,ㅅ,歯音,全清,歯音,次清
4474,4918,筩,tóng,1,99.999414324,THONG,トウ,t,ou,False,t,ong,2,定東一開,平,1,舌音,全清,ㅌ,舌音,次清,舌音,次清
4475,4919,篠,xiǎo,1,99.9994166163,SO,ショウ,s,hou,False,x,iao,3,心蕭四開,上,2,歯音,全清,ㅅ,歯音,全清,歯音,次清
4476,4920,篳,bì,1,99.9994177624,PHIL,ヒツ,h,itsu,True,b,i,4,幫眞三開,入,4,唇音,全清,ㅍ,唇音,次清,唇音,全清
4477,4921,簠,fǔ,1,99.9994189085,PO,ホ,h,o,False,f,u,3,幫虞三合,平,1,唇音,全清,ㅂ,唇音,全清,唇音,次清
4478,4922,簾,lián,1,99.9994200547,LYEM,レン,r,en,False,l,ian,2,來鹽三開,平,1,流音,次濁,ㄹ,流音,次濁,舌音,次濁
4479,4923,籤,qiān,1,99.9994212008,CHEM,セン,s,en,False,q,ian,1,清鹽三開,平,1,歯音,全清,ㅊ,歯音,次清,歯音,次清
4480,4927,維,wéi,1,99.9994349544,YU,イ,,i,False,w,ei,2,以脂三合,平,1,喉音,次濁,ㅇ,喉音,次濁,喉音,次濁
4481,4929,繫,xì,1,99.9994406851,KYEY,ケイ,k,ei,False,x,i,4,見齊四開,去,3,牙音,全清,ㄱ,牙音,全清,歯音,次清
4482,4930,罍,léi,1,99.9994429774,LOY,ライ,r,ai,False,l,ei,2,來灰一合,平,1,流音,次濁,ㄹ,流音,次濁,舌音,次濁
4483,4931,罼,bì,1,99.9994464158,PHIL,ヒツ,h,itsu,True,b,i,4,幫眞三開,入,4,唇音,全清,ㅍ,唇音,次清,唇音,全清
4484,4934,脈,mài,1,99.9994613156,MAYK,ミャク,m,yaku,True,m,ai,4,明耕二開,入,4,唇音,次濁,ㅁ,唇音,次濁,唇音,次濁
4485,4935,脣,chún,1,99.9994624617,SWUN,シン,s,hin,False,ch,un,2,船諄三合,平,1,歯音,全清,ㅅ,歯音,全清,歯音,次清
4486,4937,膆,sù,1,99.9994659001,SO,ソ,s,o,False,s,u,4,心模一開,去,3,歯音,全清,ㅅ,歯音,全清,歯音,次清
4487,4938,膋,liáo,1,99.9994670463,LYO,リョウ,r,you,False,l,iao,2,來蕭四開,平,1,流音,次濁,ㄹ,流音,次濁,舌音,次濁
4488,4940,艫,lú,1,99.999472777,LO,ロ,r,o,False,l,u,2,來模一開,平,1,流音,次濁,ㄹ,流音,次濁,舌音,次濁
4489,4941,艶,yàn,1,99.9994750692,YEM,エン,,en,False,y,an,4,以鹽三開,去,3,喉音,次濁,ㅇ,喉音,次濁,喉音,次濁
4490,4942,荳,dòu,1,99.9994785077,TWU,トウ,t,ou,False,d,ou,4,定侯一開,去,3,舌音,全清,ㄷ,舌音,全清,舌音,全清
4491,4943,華,huá,1,99.9994796538,HWA,カ,k,a,False,h,ua,2,匣麻二合,平,1,牙音,全清,ㅎ,喉音,次清,牙音,次清
4492,4944,蓮,lián,1,99.9994842383,LYEN,レン,r,en,False,l,ian,2,來先四開,平,1,流音,次濁,ㄹ,流音,次濁,舌音,次濁
4493,4945,蓱,píng,1,99.9994853845,PHYENG,ヘイ,h,ei,False,p,ing,2,並青四開,平,1,唇音,全清,ㅍ,唇音,次清,唇音,次清
4494,4946,蔀,bù,1,99.9994865306,PWU,ホウ,h,ou,False,b,u,4,並侯一開,上,2,唇音,全清,ㅂ,唇音,全清,唇音,全清
4495,4948,藺,lìn,1,99.9994945536,LIN,リン,r,in,False,l,in,4,來眞三開,去,3,流音,次濁,ㄹ,流音,次濁,舌音,次濁
4496,4949,蝕,shí,1,99.9995048688,SIK,ショク,s,hoku,True,sh,i,2,船蒸三開,入,4,歯音,全清,ㅅ,歯音,全清,歯音,次清
4497,4950,蝨,shī,1,99.9995071611,SUL,シツ,s,hitsu,True,sh,i,1,生臻三開,入,4,歯音,全清,ㅅ,歯音,全清,歯音,次清
4498,4951,規,guī,1,99.9995243531,KYU,キ,k,i,True,g,ui,1,見支三合,平,1,牙音,全清,ㄱ,牙音,全清,牙音,全清
4499,4952,訕,shàn,1,99.9995254993,SAN,セン,s,en,False,sh,an,4,生刪二開,平,1,歯音,全清,ㅅ,歯音,全清,歯音,次清
4500,4953,訝,yà,1,99.9995266454,A,ガ,g,a,False,y,a,4,疑麻二開,去,3,牙音,全濁,ㅇ,喉音,次濁,喉音,次濁
4501,4954,詠,yǒng,1,99.9995277915,YENG,エイ,,ei,False,y,ong,3,云庚三合,去,3,喉音,次濁,ㅇ,喉音,次濁,喉音,次濁
4502,4955,詩,shī,1,99.9995300838,SI,シ,s,hi,False,sh,i,1,書之三開,平,1,歯音,全清,ㅅ,歯音,全清,歯音,次清
4503,4956,該,gāi,1,99.99953123,HAY,ガイ,g,ai,False,g,ai,1,見咍一開,平,1,牙音,全濁,ㅎ,喉音,次清,牙音,全清
4504,4957,誾,yín,1,99.9995323761,UN,ギン,g,in,False,y,in,2,疑眞三開,平,1,牙音,全濁,ㅇ,喉音,次濁,喉音,次濁
4505,4958,譌,é,1,99.9995358145,WA,カ,k,a,False,,e,2,疑戈一合,平,1,牙音,全清,ㅇ,喉音,次濁,喉音,次濁
4506,4959,讜,dǎng,1,99.9995381068,TANG,トウ,t,ou,False,d,ang,3,端唐一開,上,2,舌音,全清,ㄷ,舌音,全清,舌音,全清
4507,4960,跡,jī,1,99.9995449836,CEK,セキ,s,eki,True,j,i,1,精清三開,入,4,歯音,全清,ㅈ,歯音,全清,歯音,全清
4508,4961,跱,zhì,1,99.9995461297,CHI,チ,c,hi,True,zh,i,4,澄之三開,上,2,舌音,全清,ㅊ,歯音,次清,歯音,全清
4509,4963,躩,jué,1,99.9995575911,KWAK,カク,k,aku,True,j,ue,2,見陽三合,入,4,牙音,全清,ㄱ,牙音,全清,歯音,全清
4510,4964,轗,kǎn,1,99.9995644679,KEM,カン,k,an,False,k,an,3,溪覃一開,上,2,牙音,全清,ㄱ,牙音,全清,牙音,次清
4511,4966,遊,yóu,1,99.9995724909,YU,ユウ,y,uu,False,y,ou,2,以尤三開,平,1,喉音,次濁,ㅇ,喉音,次濁,喉音,次濁
4512,4967,邌,lí,1,99.999573637,LYE,レイ,r,ei,False,l,i,2,來齊四開,平,1,流音,次濁,ㄹ,流音,次濁,舌音,次濁
4513,4968,釭,gāng,1,99.9995793677,KONG,コウ,k,ou,False,g,ang,1,見東一開,平,1,牙音,全清,ㄱ,牙音,全清,牙音,全清
4514,4969,鈸,bó,1,99.9995805139,PAL,ハツ,h,atsu,True,b,o,2,並桓一合,入,4,唇音,全清,ㅂ,唇音,全清,唇音,全清
4515,4970,鉅,jù,1,99.99958166,KE,キョ,k,yo,False,j,u,4,群魚三開,上,2,牙音,全清,ㄱ,牙音,全清,歯音,全清
4516,4971,怊,chāo,1,99.9995828061,CHO,チョウ,c,hou,False,ch,ao,1,徹宵三開,平,1,舌音,全清,ㅊ,歯音,次清,歯音,次清
4517,4973,鏦,cōng,1,99.9995965598,CHONG,ショウ,s,hou,False,c,ong,1,清鍾三開,平,1,歯音,全清,ㅊ,歯音,次清,歯音,次清
4518,4974,鑷,niè,1,99.999598852,SEP,ジョウ,j,ou,False,n,ie,4,娘鹽三開,入,4,歯音,全濁,ㅅ,歯音,全清,舌音,次濁
4519,4975,閒,xián,1,99.9995999982,KAN,カン,k,an,False,x,ian,2,見山二開,平,1,牙音,全清,ㄱ,牙音,全清,歯音,次清
4520,4976,閒,xián,1,99.9995999982,HAN,カン,k,an,False,x,ian,2,見山二開,平,1,牙音,全清,ㅎ,喉音,次清,歯音,次清
4521,4977,間,jiān,1,99.9996011443,KAN,カン,k,an,False,j,ian,1,見山二開,平,1,牙音,全清,ㄱ,牙音,全清,歯音,全清
4522,4978,閔,mǐn,1,99.9996022905,MIN,ビン,b,in,False,m,in,3,明眞三開,上,2,唇音,全濁,ㅁ,唇音,次濁,唇音,次濁
4523,4979,闢,pì,1,99.9996034366,PYEK,ヘキ,h,eki,True,p,i,4,並清三開,入,4,唇音,全清,ㅂ,唇音,全清,唇音,次清
4524,4980,雋,juàn,1,99.9996045827,CWUN,シュン,s,hun,False,j,uan,4,從仙三合,上,2,歯音,全清,ㅈ,歯音,全清,歯音,全清
4525,4981,霣,yǔn,1,99.999606875,WUN,イン,,in,False,y,un,3,云眞三合,上,2,喉音,次濁,ㅇ,喉音,次濁,喉音,次濁
4526,4982,韍,fú,1,99.9996091673,PWUL,ヒ,h,i,False,f,u,2,並脂三開,去,3,唇音,全清,ㅂ,唇音,全清,唇音,次清
4527,4983,頍,kuǐ,1,99.9996103134,KYU,キ,k,i,True,k,ui,3,溪支三合,上,2,牙音,全清,ㄱ,牙音,全清,牙音,次清
4528,4985,餔,bù,1,99.9996160441,PHO,ホ,h,o,False,b,u,4,幫模一開,平,1,唇音,全清,ㅍ,唇音,次清,唇音,全清
4529,4986,饑,jī,1,99.9996183364,KI,キ,k,i,True,j,i,1,見微三開,平,1,牙音,全清,ㄱ,牙音,全清,歯音,全清
4530,4987,騄,lù,1,99.9996229209,LOK,リョク,r,yoku,True,l,u,4,來鍾三開,入,4,流音,次濁,ㄹ,流音,次濁,舌音,次濁
4531,4989,鬆,sōng,1,99.9996309439,SONG,ショウ,s,hou,False,s,ong,1,心冬一開,平,1,歯音,全清,ㅅ,歯音,全清,歯音,次清
4532,4990,鬙,sēng,1,99.99963209,SUNG,ソウ,s,ou,False,s,eng,1,心登一開,平,1,歯音,全清,ㅅ,歯音,全清,歯音,次清
4533,4991,鬚,xū,1,99.9996332362,SWU,シュ,s,hu,False,x,u,1,心虞三合,平,1,歯音,全清,ㅅ,歯音,全清,歯音,次清
4534,4992,觜,zī,1,99.9996378207,CHWI,シ,s,hi,False,z,i,1,精支三開,平,1,歯音,全清,ㅊ,歯音,次清,歯音,全清
4535,4993,觜,zī,1,99.9996378207,CA,シ,s,hi,False,z,i,1,精支三開,平,1,歯音,全清,ㅈ,歯音,全清,歯音,全清
4536,4994,鰌,qiū,1,99.9996412591,CHWU,シュウ,s,huu,False,q,iu,1,從尤三開,平,1,歯音,全清,ㅊ,歯音,次清,歯音,次清
4537,4995,鵲,què,1,99.9996458437,CAK,ジャク,j,aku,True,q,ue,4,清陽三開,入,4,歯音,全濁,ㅈ,歯音,全清,歯音,次清
4538,4996,鶚,è,1,99.9996481359,AK,ガク,g,aku,True,,e,4,疑唐一開,入,4,牙音,全濁,ㅇ,喉音,次濁,喉音,次濁
4539,4997,鷁,yì,1,99.9996504282,IK,ゲキ,g,eki,True,y,i,4,疑青四開,入,4,牙音,全濁,ㅇ,喉音,次濁,喉音,次濁
4540,4998,鷖,yī,1,99.9996515743,YEY,エイ,,ei,False,y,i,1,影齊四開,平,1,喉音,次濁,ㅇ,喉音,次濁,喉音,次濁
4541,4999,鷫,sù,1,99.9996527205,SWUK,シュク,s,huku,True,s,u,4,心東三開,入,4,歯音,全清,ㅅ,歯音,全清,歯音,次清
4542,5000,鸇,zhān,1,99.9996538666,CEN,セン,s,en,False,zh,an,1,章仙三開,平,1,歯音,全清,ㅈ,歯音,全清,歯音,全清
4543,5001,麏,jūn,1,99.9996595973,KYUN,キン,k,in,False,j,un,1,見眞三合,平,1,牙音,全清,ㄱ,牙音,全清,歯音,全清
4544,5002,黮,dǎn,1,99.9996607434,TAM,タン,t,an,False,d,an,3,定覃一開,上,2,舌音,全清,ㄷ,舌音,全清,舌音,全清
4545,5003,矺,zhé,1,99.9996710587,THAK,タク,t,aku,True,zh,e,2,透唐一開,入,4,舌音,全清,ㅌ,舌音,次清,歯音,全清
4546,5004,礦,kuàng,1,99.9996790816,HWANG,コウ,k,ou,False,k,uang,4,見庚二合,上,2,牙音,全清,ㅎ,喉音,次清,牙音,次清
4547,5005,礦,kuàng,1,99.9996790816,KWANG,コウ,k,ou,False,k,uang,4,見庚二合,上,2,牙音,全清,ㄱ,牙音,全清,牙音,次清
4548,5006,稌,tú,1,99.9996836662,TO,ト,t,o,False,t,u,2,透模一開,平,1,舌音,全清,ㄷ,舌音,全清,舌音,次清
4549,5008,笭,líng,1,99.9996928353,LYENG,リョウ,r,you,False,l,ing,2,來青四開,平,1,流音,次濁,ㄹ,流音,次濁,舌音,次濁
4550,5009,範,fàn,1,99.9996939814,PEM,ハン,h,an,False,f,an,4,並凡三合,上,2,唇音,全清,ㅂ,唇音,全清,唇音,次清
4551,5010,紂,zhòu,1,99.999698566,CWU,チュウ,c,huu,False,zh,ou,4,澄尤三開,上,2,舌音,全清,ㅈ,歯音,全清,歯音,全清
4552,5011,綱,gāng,1,99.9997031505,KANG,コウ,k,ou,False,g,ang,1,見唐一開,平,1,牙音,全清,ㄱ,牙音,全清,牙音,全清
4553,5012,縈,yíng,1,99.9997065889,YENG,エイ,,ei,False,y,ing,2,影清三合,平,1,喉音,次濁,ㅇ,喉音,次濁,喉音,次濁
4554,5013,繖,sǎn,1,99.9997077351,SAN,サン,s,an,False,s,an,3,心寒一開,上,2,歯音,全清,ㅅ,歯音,全清,歯音,次清
4555,5014,繯,huán,1,99.9997088812,HYEN,ケン,k,en,False,h,uan,2,匣刪二合,去,3,牙音,全清,ㅎ,喉音,次清,牙音,次清
4556,5015,耡,chú,1,99.999715758,SE,ジョ,j,o,False,ch,u,2,崇魚三開,平,1,歯音,全濁,ㅅ,歯音,全清,歯音,次清
4557,5016,臺,tái,1,99.9997214887,TAY,タイ,t,ai,False,t,ai,2,定咍一開,平,1,舌音,全清,ㄷ,舌音,全清,舌音,次清
4558,5018,莚,yán,1,99.9997272194,YEN,エン,,en,False,y,an,2,以仙三開,平,1,喉音,次濁,ㅇ,喉音,次濁,喉音,次濁
4559,5019,萬,wàn,1,99.9997340962,MAN,バン,b,an,False,w,an,4,明元三合,去,3,唇音,全濁,ㅁ,唇音,次濁,喉音,次濁
4560,5020,蒟,jǔ,1,99.9997375346,KWU,コン,k,on,False,j,u,3,見虞三合,上,2,牙音,全清,ㄱ,牙音,全清,歯音,全清
4561,5021,蔣,jiǎng,1,99.9997421192,CANG,ショウ,s,hou,False,j,iang,3,精陽三開,平,1,歯音,全清,ㅈ,歯音,全清,歯音,全清
4562,5023,薆,ài,1,99.9997455576,AY,アイ,,ai,False,,ai,4,影咍一開,去,3,喉音,次濁,ㅇ,喉音,次濁,喉音,次濁
4563,5026,褸,lǚ,1,99.9997696265,LWU,ル,r,u,False,l,ü,3,來侯一開,平,1,流音,次濁,ㄹ,流音,次濁,舌音,次濁
4564,5027,診,zhěn,1,99.9997719187,CIN,シン,s,hin,False,zh,en,3,章眞三開,上,2,歯音,全清,ㅈ,歯音,全清,歯音,全清
4565,5028,詐,zhà,1,99.9997753571,SA,サ,s,a,False,zh,a,4,莊麻二開,去,3,歯音,全清,ㅅ,歯音,全清,歯音,全清
4566,5029,話,huà,1,99.9997765033,HWA,ワ,w,a,False,h,ua,4,匣夬二合,去,3,喉音,次濁,ㅎ,喉音,次清,牙音,次清
4567,5030,詳,xiáng,1,99.9997776494,YANG,ショウ,s,hou,False,x,iang,2,以陽三開,平,1,歯音,全清,ㅇ,喉音,次濁,歯音,次清
4568,5031,詳,xiáng,1,99.9997776494,SANG,ショウ,s,hou,False,x,iang,2,以陽三開,平,1,歯音,全清,ㅅ,歯音,全清,歯音,次清
4569,5032,諧,xié,1,99.9997799417,HAY,カイ,k,ai,False,x,ie,2,匣皆二開,平,1,牙音,全清,ㅎ,喉音,次清,歯音,次清
4570,5033,謚,shì,1,99.9997810878,IK,シ,s,hi,False,sh,i,4,船脂三開,去,3,歯音,全清,ㅇ,喉音,次濁,歯音,次清
4571,5034,讀,dú,1,99.999782234,TOK,トク,t,oku,True,d,u,2,定東一開,入,4,舌音,全清,ㄷ,舌音,全清,舌音,全清
4572,5035,讀,dú,1,99.999782234,TWU,トク,t,oku,True,d,u,2,定東一開,入,4,舌音,全清,ㄷ,舌音,全清,舌音,全清
4573,5036,仡,gē,1,99.9997845262,HUL,キツ,k,itsu,True,g,e,1,曉欣三開,入,4,牙音,全清,ㅎ,喉音,次清,牙音,全清
4574,5037,貿,mào,1,99.9997868185,MWU,ボウ,b,ou,False,m,ao,4,明侯一開,去,3,唇音,全濁,ㅁ,唇音,次濁,唇音,次濁
4575,5038,賡,gēng,1,99.9997879647,KAYNG,キョウ,k,you,False,g,eng,1,見庚二開,平,1,牙音,全清,ㄱ,牙音,全清,牙音,全清
4576,5039,軌,guǐ,1,99.9998028644,KWEY,キ,k,i,True,g,ui,3,見脂三合,上,2,牙音,全清,ㄱ,牙音,全清,牙音,全清
4577,5041,輻,fú,1,99.9998051567,PHOK,フク,f,uku,True,f,u,2,幫尤三開,去,3,唇音,全清,ㅍ,唇音,次清,唇音,次清
4578,5042,輻,fú,1,99.9998051567,POK,フク,f,uku,True,f,u,2,幫尤三開,去,3,唇音,全清,ㅂ,唇音,全清,唇音,次清
4579,5043,郟,jiá,1,99.9998063028,KYEP,コウ,k,ou,False,j,ia,2,見咸二開,入,4,牙音,全清,ㄱ,牙音,全清,歯音,全清
4580,5044,釪,huá,1,99.9998143258,WU,ウ,,u,False,h,ua,2,云虞三合,平,1,喉音,次濁,ㅇ,喉音,次濁,牙音,次清
4581,5045,鈵,bǐng,1,99.9998166181,PYENG,ヘイ,h,ei,False,b,ing,3,幫庚三開,去,3,唇音,全清,ㅂ,唇音,全清,唇音,全清
4582,5046,銙,kuǎ,1,99.9998189104,KWA,カ,k,a,False,k,ua,3,溪麻二合,上,2,牙音,全清,ㄱ,牙音,全清,牙音,次清
4583,5048,錏,yā,1,99.9998223488,A,ア,,a,False,y,a,1,影麻二開,平,1,喉音,次濁,ㅇ,喉音,次濁,喉音,次濁
4584,5049,錢,qián,1,99.999824641,CEN,セン,s,en,False,q,ian,2,從仙三開,平,1,歯音,全清,ㅈ,歯音,全清,歯音,次清
4585,5050,鑊,huò,1,99.9998383947,HWAK,カク,k,aku,True,h,uo,4,匣唐一合,入,4,牙音,全清,ㅎ,喉音,次清,牙音,次清
4586,5051,閧,hòng,1,99.999840687,HONG,コウ,k,ou,False,h,ong,4,匣東一開,去,3,牙音,全清,ㅎ,喉音,次清,牙音,次清
4587,5052,際,jì,1,99.9998429792,CEY,サイ,s,ai,False,j,i,4,精祭三開,去,3,歯音,全清,ㅈ,歯音,全清,歯音,全清
4588,5053,靄,ǎi,1,99.9998475638,AY,アイ,,ai,False,,ai,3,影泰一開,去,3,喉音,次濁,ㅇ,喉音,次濁,喉音,次濁
4589,5054,須,xū,1,99.9998544406,SWU,ス,s,u,False,x,u,1,心虞三合,平,1,歯音,全清,ㅅ,歯音,全清,歯音,次清
4590,5055,顯,xiǎn,1,99.999857879,HYEN,ケン,k,en,False,x,ian,3,曉先四開,上,2,牙音,全清,ㅎ,喉音,次清,歯音,次清
4591,5056,飪,rèn,1,99.9998613174,IM,ジン,j,in,False,r,en,4,日侵三開,上,2,歯音,全濁,ㅇ,喉音,次濁,歯音,次濁
4592,5057,餅,bǐng,1,99.9998624636,PYENG,ヘイ,h,ei,False,b,ing,3,幫清三開,上,2,唇音,全清,ㅂ,唇音,全清,唇音,全清
4593,5058,餉,xiǎng,1,99.9998636097,HYANG,ショウ,s,hou,False,x,iang,3,書陽三開,去,3,歯音,全清,ㅎ,喉音,次清,歯音,次清
4594,5059,餒,něi,1,99.9998647558,NOY,ダイ,d,ai,False,n,ei,3,泥灰一合,上,2,舌音,全濁,ㄴ,舌音,次濁,舌音,次濁
4595,5060,饋,kuì,1,99.9998670481,KWEY,キ,k,i,True,k,ui,4,群脂三合,去,3,牙音,全清,ㄱ,牙音,全清,牙音,次清
4596,5061,騙,piàn,1,99.9998704865,PHYEN,ヘン,h,en,False,p,ian,4,滂仙三開,去,3,唇音,全清,ㅍ,唇音,次清,唇音,次清
4597,5062,騛,fēi,1,99.9998716327,PI,ヒ,h,i,False,f,ei,1,幫微三合,平,1,唇音,全清,ㅂ,唇音,全清,唇音,次清
4598,5063,驊,huá,1,99.9998727788,HWA,カ,k,a,False,h,ua,2,匣麻二合,平,1,牙音,全清,ㅎ,喉音,次清,牙音,次清
4599,5064,髒,zāng,1,99.9998762172,CANG,ソウ,s,ou,False,z,ang,1,精唐一開,上,2,歯音,全清,ㅈ,歯音,全清,歯音,全清
4600,5065,鯛,diāo,1,99.9998808017,CO,チョウ,c,hou,False,d,iao,1,端蕭四開,平,1,舌音,全清,ㅈ,歯音,全清,舌音,全清
4601,5066,鰤,shī,1,99.9998819479,SA,シ,s,hi,False,sh,i,1,生脂三開,平,1,歯音,全清,ㅅ,歯音,全清,歯音,次清
4602,5067,鳳,fèng,1,99.9998865324,PONG,ホウ,h,ou,False,f,eng,4,並東三開,去,3,唇音,全清,ㅂ,唇音,全清,唇音,次清
4603,5068,鵂,xiū,1,99.9998888247,HYU,キュウ,k,yuu,False,x,iu,1,曉尤三開,平,1,牙音,全清,ㅎ,喉音,次清,歯音,次清
4604,5069,鶄,jīng,1,99.9998945554,CHENG,セイ,s,ei,False,j,ing,1,精清三開,平,1,歯音,全清,ㅊ,歯音,次清,歯音,全清
4605,5070,麤,cū,1,99.9999037245,CHWU,ソ,s,o,False,c,u,1,清模一開,平,1,歯音,全清,ㅊ,歯音,次清,歯音,次清
4606,5071,黨,dǎng,1,99.9999048706,TANG,トウ,t,ou,False,d,ang,3,端唐一開,上,2,舌音,全清,ㄷ,舌音,全清,舌音,全清
4607,5072,黶,yǎn,1,99.9999060168,YEM,エン,,en,False,y,an,3,影鹽三開,上,2,喉音,次濁,ㅇ,喉音,次濁,喉音,次濁
4608,5073,鼉,tuó,1,99.9999071629,THA,タ,t,a,False,t,uo,2,定歌一開,平,1,舌音,全清,ㅌ,舌音,次清,舌音,次清
4609,5074,磚,zhuān,1,99.9999128936,CEN,セン,s,en,False,zh,uan,1,章仙三合,平,1,歯音,全清,ㅈ,歯音,全清,歯音,全清
4610,5075,禪,chán,1,99.9999151859,SEN,セン,s,en,False,ch,an,2,常仙三開,平,1,歯音,全清,ㅅ,歯音,全清,歯音,次清
4611,5076,競,jìng,1,99.999916332,KYENG,キョウ,k,you,False,j,ing,4,群庚三開,去,3,牙音,全清,ㄱ,牙音,全清,歯音,全清
4612,5077,箏,zhēng,1,99.9999186243,CAYNG,ソウ,s,ou,False,zh,eng,1,莊耕二開,平,1,歯音,全清,ㅈ,歯音,全清,歯音,全清
4613,5078,簷,yán,1,99.9999197704,CHEM,エン,,en,False,y,an,2,以鹽三開,平,1,喉音,次濁,ㅊ,歯音,次清,喉音,次濁
4614,5079,糧,liáng,1,99.9999209165,LYANG,リョウ,r,you,False,l,iang,2,來陽三開,平,1,流音,次濁,ㄹ,流音,次濁,舌音,次濁
4615,5080,紐,niǔ,1,99.9999232088,NYU,チュウ,c,huu,False,n,iu,3,娘尤三開,上,2,舌音,全清,ㄴ,舌音,次濁,舌音,次濁
4616,5081,紳,shēn,1,99.999924355,SIN,シン,s,hin,False,sh,en,1,書眞三開,平,1,歯音,全清,ㅅ,歯音,全清,歯音,次清
4617,5083,缾,píng,1,99.9999289395,PYENG,ヘイ,h,ei,False,p,ing,2,並青四開,平,1,唇音,全清,ㅂ,唇音,全清,唇音,次清
4618,5084,膴,hū,1,99.9999346702,MWU,コ,k,o,False,h,u,1,明虞三合,平,1,牙音,全清,ㅁ,唇音,次濁,牙音,次清
4619,5085,臍,qí,1,99.9999358163,CEY,セイ,s,ei,False,q,i,2,從齊四開,平,1,歯音,全清,ㅈ,歯音,全清,歯音,次清
4620,5087,臘,là,1,99.9999381086,LAP,ロウ,r,ou,False,l,a,4,來談一開,入,4,流音,次濁,ㄹ,流音,次濁,舌音,次濁
4621,5088,臚,lú,1,99.9999392547,LYE,ロ,r,o,False,l,u,2,來魚三開,平,1,流音,次濁,ㄹ,流音,次濁,舌音,次濁
4622,5089,虛,xū,1,99.9999449854,HE,キョ,k,yo,False,x,u,1,曉魚三開,平,1,牙音,全清,ㅎ,喉音,次清,歯音,次清
4623,5090,蠅,yíng,1,99.9999461316,SUNG,ヨウ,y,ou,False,y,ing,2,以蒸三開,平,1,喉音,次濁,ㅅ,歯音,全清,喉音,次濁
4624,5091,覓,mì,1,99.9999472777,MYEK,ベキ,b,eki,True,m,i,4,明青四開,入,4,唇音,全濁,ㅁ,唇音,次濁,唇音,次濁
4625,5092,訪,fǎng,1,99.9999484238,PANG,ホウ,h,ou,False,f,ang,3,滂陽三合,去,3,唇音,全清,ㅂ,唇音,全清,唇音,次清
4626,5093,詛,zǔ,1,99.99994957,CE,ソ,s,o,False,z,u,3,莊魚三開,去,3,歯音,全清,ㅈ,歯音,全清,歯音,全清
4627,5094,諂,chǎn,1,99.9999518622,CHEM,テン,t,en,False,ch,an,3,徹鹽三開,上,2,舌音,全清,ㅊ,歯音,次清,歯音,次清
4628,5095,買,mǎi,1,99.9999541545,MAY,バイ,b,ai,False,m,ai,3,明佳二開,上,2,唇音,全濁,ㅁ,唇音,次濁,唇音,次濁
4629,5096,賂,lù,1,99.9999553007,LOY,ロ,r,o,False,l,u,4,來模一開,去,3,流音,次濁,ㄹ,流音,次濁,舌音,次濁
4630,5097,賂,lù,1,99.9999553007,LO,ロ,r,o,False,l,u,4,來模一開,去,3,流音,次濁,ㄹ,流音,次濁,舌音,次濁
4631,5098,賄,huì,1,99.9999564468,HOY,ワイ,w,ai,False,h,ui,4,曉灰一合,上,2,喉音,次濁,ㅎ,喉音,次清,牙音,次清
4632,5099,贈,zèng,1,99.9999575929,CUNG,ゾウ,z,ou,False,z,eng,4,從登一開,去,3,歯音,全濁,ㅈ,歯音,全清,歯音,全清
4633,5100,趨,qū,1,99.9999598852,CHWU,スウ,s,uu,False,q,u,1,清虞三合,平,1,歯音,全清,ㅊ,歯音,次清,歯音,次清
4634,5101,趨,qū,1,99.9999598852,CHOK,スウ,s,uu,False,q,u,1,清虞三合,平,1,歯音,全清,ㅊ,歯音,次清,歯音,次清
4635,5102,軸,zhóu,1,99.9999633236,CHWUK,ジク,j,iku,True,zh,ou,2,澄東三開,入,4,歯音,全濁,ㅊ,歯音,次清,歯音,全清
4636,5104,逕,jìng,1,99.9999690543,KYENG,ケイ,k,ei,False,j,ing,4,見青四開,去,3,牙音,全清,ㄱ,牙音,全清,歯音,全清
4637,5105,釦,kòu,1,99.9999702004,KWU,コウ,k,ou,False,k,ou,4,溪侯一開,上,2,牙音,全清,ㄱ,牙音,全清,牙音,次清
4638,5106,銷,xiāo,1,99.9999724927,SO,ショウ,s,hou,False,x,iao,1,心宵三開,平,1,歯音,全清,ㅅ,歯音,全清,歯音,次清
4639,5107,鏢,biāo,1,99.999974785,PHYO,ヒョウ,h,you,False,b,iao,1,滂宵三開,平,1,唇音,全清,ㅍ,唇音,次清,唇音,全清
4640,5109,鑽,zuān,1,99.9999782234,CHAN,サン,s,an,False,z,uan,1,精桓一合,平,1,歯音,全清,ㅊ,歯音,次清,歯音,全清
4641,5110,電,diàn,1,99.9999816618,CEN,デン,d,en,False,d,ian,4,定先四開,去,3,舌音,全濁,ㅈ,歯音,全清,舌音,全清
4642,5111,頃,qǐng,1,99.9999828079,KYU,ケイ,k,ei,False,q,ing,3,溪清三合,平,1,牙音,全清,ㄱ,牙音,全清,歯音,次清
4643,5112,頃,qǐng,1,99.9999828079,KYENG,ケイ,k,ei,False,q,ing,3,溪清三合,平,1,牙音,全清,ㄱ,牙音,全清,歯音,次清
4644,5113,頷,hàn,1,99.9999839541,AM,ガン,g,an,False,h,an,4,匣覃一開,平,1,牙音,全濁,ㅇ,喉音,次濁,牙音,次清
4645,5115,飲,yǐn,1,99.9999873925,UM,イン,,in,False,y,in,3,影侵三開,上,2,喉音,次濁,ㅇ,喉音,次濁,喉音,次濁
4646,5116,驟,zhòu,1,99.999991977,CHWI,シュウ,s,huu,False,zh,ou,4,崇尤三開,去,3,歯音,全清,ㅊ,歯音,次清,歯音,全清
4647,5117,髏,lóu,1,99.9999931232,LWU,ロウ,r,ou,False,l,ou,2,來侯一開,平,1,流音,次濁,ㄹ,流音,次濁,舌音,次濁
4648,5118,鴰,guā,1,99.9999965616,KWAL,カツ,k,atsu,True,g,ua,1,見桓一合,入,4,牙音,全清,ㄱ,牙音,全清,牙音,全清
4649,5119,鹹,xián,1,99.9999977077,HAM,カン,k,an,False,x,ian,2,匣咸二開,平,1,牙音,全清,ㅎ,喉音,次清,歯音,次清
